"DMR_ID","chr","start","end","dataset","group","mean_beta"
"DMR_1","chr19",37997105,37998171,"GSE213478","Blood",0.0225097286588157
"DMR_1","chr19",37997105,37998171,"GSE213478","Breast",0.0177043999608248
"DMR_1","chr19",37997105,37998171,"GSE213478","Colon",0.0257503378876527
"DMR_1","chr19",37997105,37998171,"GSE213478","Kidney",0.0180136319638912
"DMR_1","chr19",37997105,37998171,"GSE213478","Lung",0.0224187829935893
"DMR_1","chr19",37997105,37998171,"GSE213478","Muscle",0.01830482131628
"DMR_1","chr19",37997105,37998171,"GSE213478","Ovary",0.0173505738746679
"DMR_1","chr19",37997105,37998171,"GSE213478","Prostate",0.0187252877048279
"DMR_1","chr19",37997105,37998171,"GSE213478","Testis",0.0171931576247408
"DMR_2","chr8",67343066,67345767,"GSE213478","Blood",0.285405062336239
"DMR_2","chr8",67343066,67345767,"GSE213478","Breast",0.214098522643946
"DMR_2","chr8",67343066,67345767,"GSE213478","Colon",0.237908885548766
"DMR_2","chr8",67343066,67345767,"GSE213478","Kidney",0.167623405019628
"DMR_2","chr8",67343066,67345767,"GSE213478","Lung",0.219303910239122
"DMR_2","chr8",67343066,67345767,"GSE213478","Muscle",0.104119750394982
"DMR_2","chr8",67343066,67345767,"GSE213478","Ovary",0.183473839753179
"DMR_2","chr8",67343066,67345767,"GSE213478","Prostate",0.21290051580014
"DMR_2","chr8",67343066,67345767,"GSE213478","Testis",0.183744869520087
"DMR_3","chr3",192126023,192127991,"GSE213478","Blood",0.0448877148409461
"DMR_3","chr3",192126023,192127991,"GSE213478","Breast",0.0426374265054171
"DMR_3","chr3",192126023,192127991,"GSE213478","Colon",0.0895173560540213
"DMR_3","chr3",192126023,192127991,"GSE213478","Kidney",0.0460933911775701
"DMR_3","chr3",192126023,192127991,"GSE213478","Lung",0.0417831001798792
"DMR_3","chr3",192126023,192127991,"GSE213478","Muscle",0.0299606750590622
"DMR_3","chr3",192126023,192127991,"GSE213478","Ovary",0.02536471410033
"DMR_3","chr3",192126023,192127991,"GSE213478","Prostate",0.0528859309779916
"DMR_3","chr3",192126023,192127991,"GSE213478","Testis",0.0264767578027001
"DMR_4","chr19",12266489,12267897,"GSE213478","Blood",0.0715597956604302
"DMR_4","chr19",12266489,12267897,"GSE213478","Breast",0.0409193773375749
"DMR_4","chr19",12266489,12267897,"GSE213478","Colon",0.0854886175579645
"DMR_4","chr19",12266489,12267897,"GSE213478","Kidney",0.058256430279549
"DMR_4","chr19",12266489,12267897,"GSE213478","Lung",0.0583275372889859
"DMR_4","chr19",12266489,12267897,"GSE213478","Muscle",0.0445493676111851
"DMR_4","chr19",12266489,12267897,"GSE213478","Ovary",0.0264447199686081
"DMR_4","chr19",12266489,12267897,"GSE213478","Prostate",0.0478431020104969
"DMR_4","chr19",12266489,12267897,"GSE213478","Testis",0.0294322478799107
"DMR_5","chr13",28500882,28503812,"GSE213478","Blood",0.104515529285407
"DMR_5","chr13",28500882,28503812,"GSE213478","Breast",0.0953310908202746
"DMR_5","chr13",28500882,28503812,"GSE213478","Colon",0.172683050326246
"DMR_5","chr13",28500882,28503812,"GSE213478","Kidney",0.0876603899810167
"DMR_5","chr13",28500882,28503812,"GSE213478","Lung",0.0940115606467519
"DMR_5","chr13",28500882,28503812,"GSE213478","Muscle",0.0596046614843683
"DMR_5","chr13",28500882,28503812,"GSE213478","Ovary",0.0547198059115002
"DMR_5","chr13",28500882,28503812,"GSE213478","Prostate",0.092912475632795
"DMR_5","chr13",28500882,28503812,"GSE213478","Testis",0.0552980243404165
"DMR_6","chr1",47909234,47912753,"GSE213478","Blood",0.0698731185431244
"DMR_6","chr1",47909234,47912753,"GSE213478","Breast",0.321916393852444
"DMR_6","chr1",47909234,47912753,"GSE213478","Colon",0.141341545848079
"DMR_6","chr1",47909234,47912753,"GSE213478","Kidney",0.457767548320209
"DMR_6","chr1",47909234,47912753,"GSE213478","Lung",0.148877224391455
"DMR_6","chr1",47909234,47912753,"GSE213478","Muscle",0.274214275837281
"DMR_6","chr1",47909234,47912753,"GSE213478","Ovary",0.120634762685019
"DMR_6","chr1",47909234,47912753,"GSE213478","Prostate",0.326613897921504
"DMR_6","chr1",47909234,47912753,"GSE213478","Testis",0.150169101139975
"DMR_7","chr6",62995523,62997123,"GSE213478","Blood",0.0879528275780669
"DMR_7","chr6",62995523,62997123,"GSE213478","Breast",0.13722710245075
"DMR_7","chr6",62995523,62997123,"GSE213478","Colon",0.109551106357366
"DMR_7","chr6",62995523,62997123,"GSE213478","Kidney",0.132758478323568
"DMR_7","chr6",62995523,62997123,"GSE213478","Lung",0.0975932050387516
"DMR_7","chr6",62995523,62997123,"GSE213478","Muscle",0.133975211137539
"DMR_7","chr6",62995523,62997123,"GSE213478","Ovary",0.0955557160806323
"DMR_7","chr6",62995523,62997123,"GSE213478","Prostate",0.0962572251864287
"DMR_7","chr6",62995523,62997123,"GSE213478","Testis",0.0751218748328618
"DMR_8","chr15",28351607,28353889,"GSE213478","Blood",0.164070025432745
"DMR_8","chr15",28351607,28353889,"GSE213478","Breast",0.201324876970262
"DMR_8","chr15",28351607,28353889,"GSE213478","Colon",0.253182838049728
"DMR_8","chr15",28351607,28353889,"GSE213478","Kidney",0.232909919251476
"DMR_8","chr15",28351607,28353889,"GSE213478","Lung",0.202941477470816
"DMR_8","chr15",28351607,28353889,"GSE213478","Muscle",0.197981554557877
"DMR_8","chr15",28351607,28353889,"GSE213478","Ovary",0.239028084569259
"DMR_8","chr15",28351607,28353889,"GSE213478","Prostate",0.190228403963802
"DMR_8","chr15",28351607,28353889,"GSE213478","Testis",0.144919751623204
"DMR_9","chr8",67872678,67875922,"GSE213478","Blood",0.126251334352217
"DMR_9","chr8",67872678,67875922,"GSE213478","Breast",0.153790929412733
"DMR_9","chr8",67872678,67875922,"GSE213478","Colon",0.150332525775005
"DMR_9","chr8",67872678,67875922,"GSE213478","Kidney",0.157072668247818
"DMR_9","chr8",67872678,67875922,"GSE213478","Lung",0.133035473209515
"DMR_9","chr8",67872678,67875922,"GSE213478","Muscle",0.138806298322562
"DMR_9","chr8",67872678,67875922,"GSE213478","Ovary",0.135140040316011
"DMR_9","chr8",67872678,67875922,"GSE213478","Prostate",0.163411325941826
"DMR_9","chr8",67872678,67875922,"GSE213478","Testis",0.0964874365879865
"DMR_10","chr20",41817011,41819775,"GSE213478","Blood",0.105161590741359
"DMR_10","chr20",41817011,41819775,"GSE213478","Breast",0.0820503162161756
"DMR_10","chr20",41817011,41819775,"GSE213478","Colon",0.147521948970149
"DMR_10","chr20",41817011,41819775,"GSE213478","Kidney",0.0990005455921787
"DMR_10","chr20",41817011,41819775,"GSE213478","Lung",0.100068161884081
"DMR_10","chr20",41817011,41819775,"GSE213478","Muscle",0.0790166302395015
"DMR_10","chr20",41817011,41819775,"GSE213478","Ovary",0.0860063777350647
"DMR_10","chr20",41817011,41819775,"GSE213478","Prostate",0.0892370463872388
"DMR_10","chr20",41817011,41819775,"GSE213478","Testis",0.0880298478530292
"DMR_11","chr2",144693520,144695257,"GSE213478","Blood",0.198635761244293
"DMR_11","chr2",144693520,144695257,"GSE213478","Breast",0.19630038754383
"DMR_11","chr2",144693520,144695257,"GSE213478","Colon",0.187286005128738
"DMR_11","chr2",144693520,144695257,"GSE213478","Kidney",0.189043339991156
"DMR_11","chr2",144693520,144695257,"GSE213478","Lung",0.188052583496922
"DMR_11","chr2",144693520,144695257,"GSE213478","Muscle",0.127507530484645
"DMR_11","chr2",144693520,144695257,"GSE213478","Ovary",0.144364073817153
"DMR_11","chr2",144693520,144695257,"GSE213478","Prostate",0.18184714579462
"DMR_11","chr2",144693520,144695257,"GSE213478","Testis",0.100766236665327
"DMR_12","chr20",61049777,61051802,"GSE213478","Blood",0.0460313176813535
"DMR_12","chr20",61049777,61051802,"GSE213478","Breast",0.0620401759269275
"DMR_12","chr20",61049777,61051802,"GSE213478","Colon",0.114477480032482
"DMR_12","chr20",61049777,61051802,"GSE213478","Kidney",0.093870235448221
"DMR_12","chr20",61049777,61051802,"GSE213478","Lung",0.0590533107809695
"DMR_12","chr20",61049777,61051802,"GSE213478","Muscle",0.0702222556135804
"DMR_12","chr20",61049777,61051802,"GSE213478","Ovary",0.0716669318463874
"DMR_12","chr20",61049777,61051802,"GSE213478","Prostate",0.0835378351220412
"DMR_12","chr20",61049777,61051802,"GSE213478","Testis",0.0481753633242196
"DMR_13","chr12",95941571,95943131,"GSE213478","Blood",0.0904080424553671
"DMR_13","chr12",95941571,95943131,"GSE213478","Breast",0.110939100862281
"DMR_13","chr12",95941571,95943131,"GSE213478","Colon",0.129283659492297
"DMR_13","chr12",95941571,95943131,"GSE213478","Kidney",0.120476873847801
"DMR_13","chr12",95941571,95943131,"GSE213478","Lung",0.0894202143995145
"DMR_13","chr12",95941571,95943131,"GSE213478","Muscle",0.123359231913425
"DMR_13","chr12",95941571,95943131,"GSE213478","Ovary",0.117889124521667
"DMR_13","chr12",95941571,95943131,"GSE213478","Prostate",0.139277977587411
"DMR_13","chr12",95941571,95943131,"GSE213478","Testis",0.0742638887934049
"DMR_14","chr10",118030848,118034357,"GSE213478","Blood",0.0391605278511491
"DMR_14","chr10",118030848,118034357,"GSE213478","Breast",0.0440729384246763
"DMR_14","chr10",118030848,118034357,"GSE213478","Colon",0.0691447653469995
"DMR_14","chr10",118030848,118034357,"GSE213478","Kidney",0.0360789047292853
"DMR_14","chr10",118030848,118034357,"GSE213478","Lung",0.0372930932757819
"DMR_14","chr10",118030848,118034357,"GSE213478","Muscle",0.0264671710928791
"DMR_14","chr10",118030848,118034357,"GSE213478","Ovary",0.0257646178783551
"DMR_14","chr10",118030848,118034357,"GSE213478","Prostate",0.0488353119302949
"DMR_14","chr10",118030848,118034357,"GSE213478","Testis",0.0290017403993766
"DMR_15","chr19",37406260,37408110,"GSE213478","Blood",0.193301572454863
"DMR_15","chr19",37406260,37408110,"GSE213478","Breast",0.130200842121986
"DMR_15","chr19",37406260,37408110,"GSE213478","Colon",0.178475608160356
"DMR_15","chr19",37406260,37408110,"GSE213478","Kidney",0.137394682965561
"DMR_15","chr19",37406260,37408110,"GSE213478","Lung",0.163695217445549
"DMR_15","chr19",37406260,37408110,"GSE213478","Muscle",0.122116702965086
"DMR_15","chr19",37406260,37408110,"GSE213478","Ovary",0.143194468960057
"DMR_15","chr19",37406260,37408110,"GSE213478","Prostate",0.148185385981275
"DMR_15","chr19",37406260,37408110,"GSE213478","Testis",0.100559963612412
"DMR_16","chr7",49812430,49816819,"GSE213478","Blood",0.110800706556065
"DMR_16","chr7",49812430,49816819,"GSE213478","Breast",0.161126117755388
"DMR_16","chr7",49812430,49816819,"GSE213478","Colon",0.160245696300762
"DMR_16","chr7",49812430,49816819,"GSE213478","Kidney",0.137031210581595
"DMR_16","chr7",49812430,49816819,"GSE213478","Lung",0.101286606094153
"DMR_16","chr7",49812430,49816819,"GSE213478","Muscle",0.101483333897229
"DMR_16","chr7",49812430,49816819,"GSE213478","Ovary",0.124835758704295
"DMR_16","chr7",49812430,49816819,"GSE213478","Prostate",0.159092985563432
"DMR_16","chr7",49812430,49816819,"GSE213478","Testis",0.0653845385352276
"DMR_17","chr11",7271955,7274234,"GSE213478","Blood",0.186601961835154
"DMR_17","chr11",7271955,7274234,"GSE213478","Breast",0.187290820547869
"DMR_17","chr11",7271955,7274234,"GSE213478","Colon",0.234835000220728
"DMR_17","chr11",7271955,7274234,"GSE213478","Kidney",0.174165529127709
"DMR_17","chr11",7271955,7274234,"GSE213478","Lung",0.16876960773864
"DMR_17","chr11",7271955,7274234,"GSE213478","Muscle",0.159711738613567
"DMR_17","chr11",7271955,7274234,"GSE213478","Ovary",0.14611079475232
"DMR_17","chr11",7271955,7274234,"GSE213478","Prostate",0.184335778213895
"DMR_17","chr11",7271955,7274234,"GSE213478","Testis",0.124348488784655
"DMR_18","chr1",49242359,49243472,"GSE213478","Blood",0.0832574584843707
"DMR_18","chr1",49242359,49243472,"GSE213478","Breast",0.0553243013886343
"DMR_18","chr1",49242359,49243472,"GSE213478","Colon",0.0739986939620083
"DMR_18","chr1",49242359,49243472,"GSE213478","Kidney",0.0606803407653311
"DMR_18","chr1",49242359,49243472,"GSE213478","Lung",0.0652922747151375
"DMR_18","chr1",49242359,49243472,"GSE213478","Muscle",0.053966484007655
"DMR_18","chr1",49242359,49243472,"GSE213478","Ovary",0.0364684165138142
"DMR_18","chr1",49242359,49243472,"GSE213478","Prostate",0.0562152444983609
"DMR_18","chr1",49242359,49243472,"GSE213478","Testis",0.033546343491425
"DMR_19","chr8",145103309,145107857,"GSE213478","Blood",0.115883682573729
"DMR_19","chr8",145103309,145107857,"GSE213478","Breast",0.267650467853854
"DMR_19","chr8",145103309,145107857,"GSE213478","Colon",0.140222763263657
"DMR_19","chr8",145103309,145107857,"GSE213478","Kidney",0.487419549536828
"DMR_19","chr8",145103309,145107857,"GSE213478","Lung",0.14047410106817
"DMR_19","chr8",145103309,145107857,"GSE213478","Muscle",0.33863525520014
"DMR_19","chr8",145103309,145107857,"GSE213478","Ovary",0.181787533225878
"DMR_19","chr8",145103309,145107857,"GSE213478","Prostate",0.400628319940599
"DMR_19","chr8",145103309,145107857,"GSE213478","Testis",0.155891196952601
"DMR_20","chr6",133561368,133564578,"GSE213478","Blood",0.0938826307409071
"DMR_20","chr6",133561368,133564578,"GSE213478","Breast",0.211216922530419
"DMR_20","chr6",133561368,133564578,"GSE213478","Colon",0.188716903248383
"DMR_20","chr6",133561368,133564578,"GSE213478","Kidney",0.119723250095307
"DMR_20","chr6",133561368,133564578,"GSE213478","Lung",0.13419383276544
"DMR_20","chr6",133561368,133564578,"GSE213478","Muscle",0.0928733541602647
"DMR_20","chr6",133561368,133564578,"GSE213478","Ovary",0.244501969353694
"DMR_20","chr6",133561368,133564578,"GSE213478","Prostate",0.160900094246068
"DMR_20","chr6",133561368,133564578,"GSE213478","Testis",0.132301474976485
"DMR_21","chr6",84417445,84419827,"GSE213478","Blood",0.177019258785635
"DMR_21","chr6",84417445,84419827,"GSE213478","Breast",0.193892031482923
"DMR_21","chr6",84417445,84419827,"GSE213478","Colon",0.258853496878911
"DMR_21","chr6",84417445,84419827,"GSE213478","Kidney",0.140517541084404
"DMR_21","chr6",84417445,84419827,"GSE213478","Lung",0.164492160381902
"DMR_21","chr6",84417445,84419827,"GSE213478","Muscle",0.143924056562553
"DMR_21","chr6",84417445,84419827,"GSE213478","Ovary",0.16940078303307
"DMR_21","chr6",84417445,84419827,"GSE213478","Prostate",0.166002332818629
"DMR_21","chr6",84417445,84419827,"GSE213478","Testis",0.101260437638192
"DMR_22","chr19",56904442,56905587,"GSE213478","Blood",0.175106996889521
"DMR_22","chr19",56904442,56905587,"GSE213478","Breast",0.127417116559692
"DMR_22","chr19",56904442,56905587,"GSE213478","Colon",0.176098219118249
"DMR_22","chr19",56904442,56905587,"GSE213478","Kidney",0.12466510851795
"DMR_22","chr19",56904442,56905587,"GSE213478","Lung",0.150967649831781
"DMR_22","chr19",56904442,56905587,"GSE213478","Muscle",0.136607045242243
"DMR_22","chr19",56904442,56905587,"GSE213478","Ovary",0.116576271634462
"DMR_22","chr19",56904442,56905587,"GSE213478","Prostate",0.133549128598673
"DMR_22","chr19",56904442,56905587,"GSE213478","Testis",0.0865737811518043
"DMR_23","chr12",72665282,72668470,"GSE213478","Blood",0.141004605334327
"DMR_23","chr12",72665282,72668470,"GSE213478","Breast",0.136074727378954
"DMR_23","chr12",72665282,72668470,"GSE213478","Colon",0.195438087191984
"DMR_23","chr12",72665282,72668470,"GSE213478","Kidney",0.0848274712067449
"DMR_23","chr12",72665282,72668470,"GSE213478","Lung",0.134150898842775
"DMR_23","chr12",72665282,72668470,"GSE213478","Muscle",0.103094046250034
"DMR_23","chr12",72665282,72668470,"GSE213478","Ovary",0.112335620464647
"DMR_23","chr12",72665282,72668470,"GSE213478","Prostate",0.117118790248728
"DMR_23","chr12",72665282,72668470,"GSE213478","Testis",0.0659961637818088
"DMR_24","chr17",43339040,43340758,"GSE213478","Blood",0.270199705021812
"DMR_24","chr17",43339040,43340758,"GSE213478","Breast",0.197807974517737
"DMR_24","chr17",43339040,43340758,"GSE213478","Colon",0.240716251835894
"DMR_24","chr17",43339040,43340758,"GSE213478","Kidney",0.316512651837516
"DMR_24","chr17",43339040,43340758,"GSE213478","Lung",0.256224012243917
"DMR_24","chr17",43339040,43340758,"GSE213478","Muscle",0.310405790928416
"DMR_24","chr17",43339040,43340758,"GSE213478","Ovary",0.13264134758474
"DMR_24","chr17",43339040,43340758,"GSE213478","Prostate",0.168436047571237
"DMR_24","chr17",43339040,43340758,"GSE213478","Testis",0.199500282176004
"DMR_25","chr8",32404299,32406928,"GSE213478","Blood",0.124769936751548
"DMR_25","chr8",32404299,32406928,"GSE213478","Breast",0.108494795563965
"DMR_25","chr8",32404299,32406928,"GSE213478","Colon",0.151955768653654
"DMR_25","chr8",32404299,32406928,"GSE213478","Kidney",0.108377886049177
"DMR_25","chr8",32404299,32406928,"GSE213478","Lung",0.117639865996284
"DMR_25","chr8",32404299,32406928,"GSE213478","Muscle",0.103114370463855
"DMR_25","chr8",32404299,32406928,"GSE213478","Ovary",0.103202255896029
"DMR_25","chr8",32404299,32406928,"GSE213478","Prostate",0.115260454656799
"DMR_25","chr8",32404299,32406928,"GSE213478","Testis",0.0628139556638655
"DMR_26","chr7",98466938,98468586,"GSE213478","Blood",0.12823776201162
"DMR_26","chr7",98466938,98468586,"GSE213478","Breast",0.127971457763298
"DMR_26","chr7",98466938,98468586,"GSE213478","Colon",0.131146551115927
"DMR_26","chr7",98466938,98468586,"GSE213478","Kidney",0.142199487880552
"DMR_26","chr7",98466938,98468586,"GSE213478","Lung",0.122996009887656
"DMR_26","chr7",98466938,98468586,"GSE213478","Muscle",0.143617014136855
"DMR_26","chr7",98466938,98468586,"GSE213478","Ovary",0.112736065533608
"DMR_26","chr7",98466938,98468586,"GSE213478","Prostate",0.131330381190613
"DMR_26","chr7",98466938,98468586,"GSE213478","Testis",0.0891028130952023
"DMR_27","chr2",115918326,115921258,"GSE213478","Blood",0.146389821403395
"DMR_27","chr2",115918326,115921258,"GSE213478","Breast",0.105920873435915
"DMR_27","chr2",115918326,115921258,"GSE213478","Colon",0.184220785292231
"DMR_27","chr2",115918326,115921258,"GSE213478","Kidney",0.0994391708598864
"DMR_27","chr2",115918326,115921258,"GSE213478","Lung",0.124241271539437
"DMR_27","chr2",115918326,115921258,"GSE213478","Muscle",0.0951562381847367
"DMR_27","chr2",115918326,115921258,"GSE213478","Ovary",0.063335174937381
"DMR_27","chr2",115918326,115921258,"GSE213478","Prostate",0.121013473800912
"DMR_27","chr2",115918326,115921258,"GSE213478","Testis",0.0595508918908257
"DMR_28","chr7",24322873,24325371,"GSE213478","Blood",0.0828369652107303
"DMR_28","chr7",24322873,24325371,"GSE213478","Breast",0.138792289475099
"DMR_28","chr7",24322873,24325371,"GSE213478","Colon",0.174738524279566
"DMR_28","chr7",24322873,24325371,"GSE213478","Kidney",0.386102886033533
"DMR_28","chr7",24322873,24325371,"GSE213478","Lung",0.0962551121696681
"DMR_28","chr7",24322873,24325371,"GSE213478","Muscle",0.174601230691523
"DMR_28","chr7",24322873,24325371,"GSE213478","Ovary",0.0929976402895953
"DMR_28","chr7",24322873,24325371,"GSE213478","Prostate",0.112482856957317
"DMR_28","chr7",24322873,24325371,"GSE213478","Testis",0.0505191564785939
"DMR_29","chr6",390933,394966,"GSE213478","Blood",0.0781453033889495
"DMR_29","chr6",390933,394966,"GSE213478","Breast",0.0874364278698318
"DMR_29","chr6",390933,394966,"GSE213478","Colon",0.109519955400452
"DMR_29","chr6",390933,394966,"GSE213478","Kidney",0.0528194727959537
"DMR_29","chr6",390933,394966,"GSE213478","Lung",0.075182418754717
"DMR_29","chr6",390933,394966,"GSE213478","Muscle",0.0790991112514913
"DMR_29","chr6",390933,394966,"GSE213478","Ovary",0.0444525319345301
"DMR_29","chr6",390933,394966,"GSE213478","Prostate",0.0672557358065931
"DMR_29","chr6",390933,394966,"GSE213478","Testis",0.0585213845741529
"DMR_30","chr6",29520698,29521803,"GSE213478","Blood",0.0897690420220946
"DMR_30","chr6",29520698,29521803,"GSE213478","Breast",0.172931761773969
"DMR_30","chr6",29520698,29521803,"GSE213478","Colon",0.168031241243867
"DMR_30","chr6",29520698,29521803,"GSE213478","Kidney",0.148892218994496
"DMR_30","chr6",29520698,29521803,"GSE213478","Lung",0.14659811976889
"DMR_30","chr6",29520698,29521803,"GSE213478","Muscle",0.079637942547682
"DMR_30","chr6",29520698,29521803,"GSE213478","Ovary",0.0495568460351401
"DMR_30","chr6",29520698,29521803,"GSE213478","Prostate",0.154086909448017
"DMR_30","chr6",29520698,29521803,"GSE213478","Testis",0.0369308202632456
"DMR_31","chr1",108505752,108508626,"GSE213478","Blood",0.0284639862260952
"DMR_31","chr1",108505752,108508626,"GSE213478","Breast",0.0808271368011047
"DMR_31","chr1",108505752,108508626,"GSE213478","Colon",0.072395500735282
"DMR_31","chr1",108505752,108508626,"GSE213478","Kidney",0.077392095571921
"DMR_31","chr1",108505752,108508626,"GSE213478","Lung",0.0475587369315145
"DMR_31","chr1",108505752,108508626,"GSE213478","Muscle",0.0815758134036372
"DMR_31","chr1",108505752,108508626,"GSE213478","Ovary",0.0457186843780078
"DMR_31","chr1",108505752,108508626,"GSE213478","Prostate",0.0793061727272709
"DMR_31","chr1",108505752,108508626,"GSE213478","Testis",0.0422211933958752
"DMR_32","chr3",96532006,96533824,"GSE213478","Blood",0.0461785180474154
"DMR_32","chr3",96532006,96533824,"GSE213478","Breast",0.0414846904519231
"DMR_32","chr3",96532006,96533824,"GSE213478","Colon",0.0818249546099794
"DMR_32","chr3",96532006,96533824,"GSE213478","Kidney",0.0424813802439482
"DMR_32","chr3",96532006,96533824,"GSE213478","Lung",0.0463217174851667
"DMR_32","chr3",96532006,96533824,"GSE213478","Muscle",0.0295491102886412
"DMR_32","chr3",96532006,96533824,"GSE213478","Ovary",0.0271710089045047
"DMR_32","chr3",96532006,96533824,"GSE213478","Prostate",0.0391566999309666
"DMR_32","chr3",96532006,96533824,"GSE213478","Testis",0.0283168946215098
"DMR_33","chr8",97504959,97507958,"GSE213478","Blood",0.198316256547585
"DMR_33","chr8",97504959,97507958,"GSE213478","Breast",0.14576703931578
"DMR_33","chr8",97504959,97507958,"GSE213478","Colon",0.146747408365357
"DMR_33","chr8",97504959,97507958,"GSE213478","Kidney",0.146505317981587
"DMR_33","chr8",97504959,97507958,"GSE213478","Lung",0.175803057947014
"DMR_33","chr8",97504959,97507958,"GSE213478","Muscle",0.180889554609857
"DMR_33","chr8",97504959,97507958,"GSE213478","Ovary",0.0858910906959123
"DMR_33","chr8",97504959,97507958,"GSE213478","Prostate",0.129399937681313
"DMR_33","chr8",97504959,97507958,"GSE213478","Testis",0.0798583624036486
"DMR_34","chr8",68862516,68865187,"GSE213478","Blood",0.218624594942805
"DMR_34","chr8",68862516,68865187,"GSE213478","Breast",0.204968554678883
"DMR_34","chr8",68862516,68865187,"GSE213478","Colon",0.247276619673136
"DMR_34","chr8",68862516,68865187,"GSE213478","Kidney",0.199259893940881
"DMR_34","chr8",68862516,68865187,"GSE213478","Lung",0.197147022693281
"DMR_34","chr8",68862516,68865187,"GSE213478","Muscle",0.189773084326778
"DMR_34","chr8",68862516,68865187,"GSE213478","Ovary",0.185855478445825
"DMR_34","chr8",68862516,68865187,"GSE213478","Prostate",0.197350871935054
"DMR_34","chr8",68862516,68865187,"GSE213478","Testis",0.162281602058594
"DMR_35","chr19",36909326,36910116,"GSE213478","Blood",0.0991642855496048
"DMR_35","chr19",36909326,36910116,"GSE213478","Breast",0.0474336992267295
"DMR_35","chr19",36909326,36910116,"GSE213478","Colon",0.0563567919495169
"DMR_35","chr19",36909326,36910116,"GSE213478","Kidney",0.0834963870460243
"DMR_35","chr19",36909326,36910116,"GSE213478","Lung",0.0671130498145443
"DMR_35","chr19",36909326,36910116,"GSE213478","Muscle",0.0309025406157259
"DMR_35","chr19",36909326,36910116,"GSE213478","Ovary",0.0329221112632858
"DMR_35","chr19",36909326,36910116,"GSE213478","Prostate",0.0413000912506852
"DMR_35","chr19",36909326,36910116,"GSE213478","Testis",0.0361954494674646
"DMR_36","chr4",96468962,96471143,"GSE213478","Blood",0.0458997427780928
"DMR_36","chr4",96468962,96471143,"GSE213478","Breast",0.0308801995745099
"DMR_36","chr4",96468962,96471143,"GSE213478","Colon",0.0915324475312193
"DMR_36","chr4",96468962,96471143,"GSE213478","Kidney",0.0312881926137577
"DMR_36","chr4",96468962,96471143,"GSE213478","Lung",0.0382813514331811
"DMR_36","chr4",96468962,96471143,"GSE213478","Muscle",0.0219894769848106
"DMR_36","chr4",96468962,96471143,"GSE213478","Ovary",0.0207013833637539
"DMR_36","chr4",96468962,96471143,"GSE213478","Prostate",0.0333055081465665
"DMR_36","chr4",96468962,96471143,"GSE213478","Testis",0.0215926906341179
"DMR_37","chr8",85094437,85097429,"GSE213478","Blood",0.0821163618670249
"DMR_37","chr8",85094437,85097429,"GSE213478","Breast",0.117457465366653
"DMR_37","chr8",85094437,85097429,"GSE213478","Colon",0.152390294174886
"DMR_37","chr8",85094437,85097429,"GSE213478","Kidney",0.0660172367615766
"DMR_37","chr8",85094437,85097429,"GSE213478","Lung",0.084271790242977
"DMR_37","chr8",85094437,85097429,"GSE213478","Muscle",0.0777940986903253
"DMR_37","chr8",85094437,85097429,"GSE213478","Ovary",0.0759161180176531
"DMR_37","chr8",85094437,85097429,"GSE213478","Prostate",0.102489262488338
"DMR_37","chr8",85094437,85097429,"GSE213478","Testis",0.0561466086869574
"DMR_38","chr13",36870809,36873065,"GSE213478","Blood",0.119795605040561
"DMR_38","chr13",36870809,36873065,"GSE213478","Breast",0.115925264375644
"DMR_38","chr13",36870809,36873065,"GSE213478","Colon",0.141564549282221
"DMR_38","chr13",36870809,36873065,"GSE213478","Kidney",0.111578660155559
"DMR_38","chr13",36870809,36873065,"GSE213478","Lung",0.119681843020363
"DMR_38","chr13",36870809,36873065,"GSE213478","Muscle",0.108750987024787
"DMR_38","chr13",36870809,36873065,"GSE213478","Ovary",0.110406355737961
"DMR_38","chr13",36870809,36873065,"GSE213478","Prostate",0.11300364158137
"DMR_38","chr13",36870809,36873065,"GSE213478","Testis",0.0743458903557278
"DMR_39","chr10",102893925,102896869,"GSE213478","Blood",0.118517839995249
"DMR_39","chr10",102893925,102896869,"GSE213478","Breast",0.149318138955567
"DMR_39","chr10",102893925,102896869,"GSE213478","Colon",0.150291429992557
"DMR_39","chr10",102893925,102896869,"GSE213478","Kidney",0.107969327621692
"DMR_39","chr10",102893925,102896869,"GSE213478","Lung",0.107245685630518
"DMR_39","chr10",102893925,102896869,"GSE213478","Muscle",0.220348461936957
"DMR_39","chr10",102893925,102896869,"GSE213478","Ovary",0.0935014261302898
"DMR_39","chr10",102893925,102896869,"GSE213478","Prostate",0.126143103032405
"DMR_39","chr10",102893925,102896869,"GSE213478","Testis",0.0661703706766998
"DMR_40","chr21",38076709,38083586,"GSE213478","Blood",0.115378940451365
"DMR_40","chr21",38076709,38083586,"GSE213478","Breast",0.220420007010681
"DMR_40","chr21",38076709,38083586,"GSE213478","Colon",0.180837214552623
"DMR_40","chr21",38076709,38083586,"GSE213478","Kidney",0.217607887835691
"DMR_40","chr21",38076709,38083586,"GSE213478","Lung",0.156260407274575
"DMR_40","chr21",38076709,38083586,"GSE213478","Muscle",0.467835725181637
"DMR_40","chr21",38076709,38083586,"GSE213478","Ovary",0.143263124405497
"DMR_40","chr21",38076709,38083586,"GSE213478","Prostate",0.336476570498505
"DMR_40","chr21",38076709,38083586,"GSE213478","Testis",0.133506416546086
"DMR_41","chr10",7450112,7455714,"GSE213478","Blood",0.111904910773228
"DMR_41","chr10",7450112,7455714,"GSE213478","Breast",0.13026292559914
"DMR_41","chr10",7450112,7455714,"GSE213478","Colon",0.135007345295288
"DMR_41","chr10",7450112,7455714,"GSE213478","Kidney",0.108534482875903
"DMR_41","chr10",7450112,7455714,"GSE213478","Lung",0.0985660577600923
"DMR_41","chr10",7450112,7455714,"GSE213478","Muscle",0.120769384250826
"DMR_41","chr10",7450112,7455714,"GSE213478","Ovary",0.140310825186797
"DMR_41","chr10",7450112,7455714,"GSE213478","Prostate",0.114106528339543
"DMR_41","chr10",7450112,7455714,"GSE213478","Testis",0.0795888114178791
"DMR_42","chr19",58951434,58952361,"GSE213478","Blood",0.157698129740982
"DMR_42","chr19",58951434,58952361,"GSE213478","Breast",0.166945968885337
"DMR_42","chr19",58951434,58952361,"GSE213478","Colon",0.192431691116645
"DMR_42","chr19",58951434,58952361,"GSE213478","Kidney",0.152576019192637
"DMR_42","chr19",58951434,58952361,"GSE213478","Lung",0.15827376584163
"DMR_42","chr19",58951434,58952361,"GSE213478","Muscle",0.14900074791719
"DMR_42","chr19",58951434,58952361,"GSE213478","Ovary",0.134870042037784
"DMR_42","chr19",58951434,58952361,"GSE213478","Prostate",0.151678936249054
"DMR_42","chr19",58951434,58952361,"GSE213478","Testis",0.17516223771304
"DMR_43","chr8",53850809,53854495,"GSE213478","Blood",0.147269757963954
"DMR_43","chr8",53850809,53854495,"GSE213478","Breast",0.138046692072893
"DMR_43","chr8",53850809,53854495,"GSE213478","Colon",0.202950027106952
"DMR_43","chr8",53850809,53854495,"GSE213478","Kidney",0.143779232100529
"DMR_43","chr8",53850809,53854495,"GSE213478","Lung",0.144704525677822
"DMR_43","chr8",53850809,53854495,"GSE213478","Muscle",0.134869575157779
"DMR_43","chr8",53850809,53854495,"GSE213478","Ovary",0.13449307288217
"DMR_43","chr8",53850809,53854495,"GSE213478","Prostate",0.146405583718934
"DMR_43","chr8",53850809,53854495,"GSE213478","Testis",0.0848127614884099
"DMR_44","chr18",44336399,44338147,"GSE213478","Blood",0.0811881233052094
"DMR_44","chr18",44336399,44338147,"GSE213478","Breast",0.0858123587942897
"DMR_44","chr18",44336399,44338147,"GSE213478","Colon",0.10905458387402
"DMR_44","chr18",44336399,44338147,"GSE213478","Kidney",0.074929358664026
"DMR_44","chr18",44336399,44338147,"GSE213478","Lung",0.0732274777349671
"DMR_44","chr18",44336399,44338147,"GSE213478","Muscle",0.0685153013334954
"DMR_44","chr18",44336399,44338147,"GSE213478","Ovary",0.0718452451303935
"DMR_44","chr18",44336399,44338147,"GSE213478","Prostate",0.10325985152864
"DMR_44","chr18",44336399,44338147,"GSE213478","Testis",0.0415384569922991
"DMR_45","chr6",118227732,118229732,"GSE213478","Blood",0.0616960567144564
"DMR_45","chr6",118227732,118229732,"GSE213478","Breast",0.0479272753122699
"DMR_45","chr6",118227732,118229732,"GSE213478","Colon",0.0607379512744373
"DMR_45","chr6",118227732,118229732,"GSE213478","Kidney",0.0458232732648155
"DMR_45","chr6",118227732,118229732,"GSE213478","Lung",0.0595779086820118
"DMR_45","chr6",118227732,118229732,"GSE213478","Muscle",0.0365501772225115
"DMR_45","chr6",118227732,118229732,"GSE213478","Ovary",0.0400715101308059
"DMR_45","chr6",118227732,118229732,"GSE213478","Prostate",0.0448147544545302
"DMR_45","chr6",118227732,118229732,"GSE213478","Testis",0.0335415487535409
"DMR_46","chr7",134142981,134144288,"GSE213478","Blood",0.137111128992222
"DMR_46","chr7",134142981,134144288,"GSE213478","Breast",0.107038186368017
"DMR_46","chr7",134142981,134144288,"GSE213478","Colon",0.11418377217465
"DMR_46","chr7",134142981,134144288,"GSE213478","Kidney",0.13882418909907
"DMR_46","chr7",134142981,134144288,"GSE213478","Lung",0.129323781623918
"DMR_46","chr7",134142981,134144288,"GSE213478","Muscle",0.0988125467984915
"DMR_46","chr7",134142981,134144288,"GSE213478","Ovary",0.0880042531033621
"DMR_46","chr7",134142981,134144288,"GSE213478","Prostate",0.118933959234629
"DMR_46","chr7",134142981,134144288,"GSE213478","Testis",0.070422614949546
"DMR_47","chr3",68979668,68982098,"GSE213478","Blood",0.155229314391395
"DMR_47","chr3",68979668,68982098,"GSE213478","Breast",0.144989119301992
"DMR_47","chr3",68979668,68982098,"GSE213478","Colon",0.199885708746647
"DMR_47","chr3",68979668,68982098,"GSE213478","Kidney",0.14890614104162
"DMR_47","chr3",68979668,68982098,"GSE213478","Lung",0.150939779753889
"DMR_47","chr3",68979668,68982098,"GSE213478","Muscle",0.133485133393948
"DMR_47","chr3",68979668,68982098,"GSE213478","Ovary",0.12391020914225
"DMR_47","chr3",68979668,68982098,"GSE213478","Prostate",0.150784059849733
"DMR_47","chr3",68979668,68982098,"GSE213478","Testis",0.107037419374461
"DMR_48","chr8",16884197,16885270,"GSE213478","Blood",0.028645476381733
"DMR_48","chr8",16884197,16885270,"GSE213478","Breast",0.0248179445884169
"DMR_48","chr8",16884197,16885270,"GSE213478","Colon",0.0619654561776886
"DMR_48","chr8",16884197,16885270,"GSE213478","Kidney",0.0251777538357412
"DMR_48","chr8",16884197,16885270,"GSE213478","Lung",0.0267788931210623
"DMR_48","chr8",16884197,16885270,"GSE213478","Muscle",0.0200935874067624
"DMR_48","chr8",16884197,16885270,"GSE213478","Ovary",0.0204036217788398
"DMR_48","chr8",16884197,16885270,"GSE213478","Prostate",0.0252210472208446
"DMR_48","chr8",16884197,16885270,"GSE213478","Testis",0.02035073621653
"DMR_49","chr17",77178665,77179999,"GSE213478","Blood",0.02962855939128
"DMR_49","chr17",77178665,77179999,"GSE213478","Breast",0.0300913697952962
"DMR_49","chr17",77178665,77179999,"GSE213478","Colon",0.0648330753811012
"DMR_49","chr17",77178665,77179999,"GSE213478","Kidney",0.031408820707144
"DMR_49","chr17",77178665,77179999,"GSE213478","Lung",0.0297172431243378
"DMR_49","chr17",77178665,77179999,"GSE213478","Muscle",0.0261292375048021
"DMR_49","chr17",77178665,77179999,"GSE213478","Ovary",0.0271424285428217
"DMR_49","chr17",77178665,77179999,"GSE213478","Prostate",0.0397748528085114
"DMR_49","chr17",77178665,77179999,"GSE213478","Testis",0.0369299945738975
"DMR_50","chr1",242686709,242688681,"GSE213478","Blood",0.0629294942701266
"DMR_50","chr1",242686709,242688681,"GSE213478","Breast",0.0726681633813294
"DMR_50","chr1",242686709,242688681,"GSE213478","Colon",0.094839306699363
"DMR_50","chr1",242686709,242688681,"GSE213478","Kidney",0.0486368831425334
"DMR_50","chr1",242686709,242688681,"GSE213478","Lung",0.0560606837293931
"DMR_50","chr1",242686709,242688681,"GSE213478","Muscle",0.0337304497961203
"DMR_50","chr1",242686709,242688681,"GSE213478","Ovary",0.0326587158302226
"DMR_50","chr1",242686709,242688681,"GSE213478","Prostate",0.0579272403187612
"DMR_50","chr1",242686709,242688681,"GSE213478","Testis",0.027852300658575
"DMR_51","chr7",152621979,152623304,"GSE213478","Blood",0.139889550625137
"DMR_51","chr7",152621979,152623304,"GSE213478","Breast",0.195332830487706
"DMR_51","chr7",152621979,152623304,"GSE213478","Colon",0.286860899915076
"DMR_51","chr7",152621979,152623304,"GSE213478","Kidney",0.368490021810251
"DMR_51","chr7",152621979,152623304,"GSE213478","Lung",0.155678663091381
"DMR_51","chr7",152621979,152623304,"GSE213478","Muscle",0.233425769090484
"DMR_51","chr7",152621979,152623304,"GSE213478","Ovary",0.38151230952022
"DMR_51","chr7",152621979,152623304,"GSE213478","Prostate",0.230288671770532
"DMR_51","chr7",152621979,152623304,"GSE213478","Testis",0.169042453993126
"DMR_52","chr8",72468021,72471153,"GSE213478","Blood",0.0512600459822827
"DMR_52","chr8",72468021,72471153,"GSE213478","Breast",0.128450859667755
"DMR_52","chr8",72468021,72471153,"GSE213478","Colon",0.137175646351479
"DMR_52","chr8",72468021,72471153,"GSE213478","Kidney",0.156319936003432
"DMR_52","chr8",72468021,72471153,"GSE213478","Lung",0.0808132199887008
"DMR_52","chr8",72468021,72471153,"GSE213478","Muscle",0.453949228495793
"DMR_52","chr8",72468021,72471153,"GSE213478","Ovary",0.0878301056299903
"DMR_52","chr8",72468021,72471153,"GSE213478","Prostate",0.244294506461181
"DMR_52","chr8",72468021,72471153,"GSE213478","Testis",0.062359091397832
"DMR_53","chr3",13323567,13325360,"GSE213478","Blood",0.0728710297567681
"DMR_53","chr3",13323567,13325360,"GSE213478","Breast",0.0963215126794694
"DMR_53","chr3",13323567,13325360,"GSE213478","Colon",0.131150860736879
"DMR_53","chr3",13323567,13325360,"GSE213478","Kidney",0.121353350801801
"DMR_53","chr3",13323567,13325360,"GSE213478","Lung",0.0790728833556042
"DMR_53","chr3",13323567,13325360,"GSE213478","Muscle",0.188109706340154
"DMR_53","chr3",13323567,13325360,"GSE213478","Ovary",0.0806771620118746
"DMR_53","chr3",13323567,13325360,"GSE213478","Prostate",0.16067554448593
"DMR_53","chr3",13323567,13325360,"GSE213478","Testis",0.0928316085563672
"DMR_54","chr3",192231892,192234611,"GSE213478","Blood",0.226615008562492
"DMR_54","chr3",192231892,192234611,"GSE213478","Breast",0.195637119546222
"DMR_54","chr3",192231892,192234611,"GSE213478","Colon",0.255159379272949
"DMR_54","chr3",192231892,192234611,"GSE213478","Kidney",0.227502192981583
"DMR_54","chr3",192231892,192234611,"GSE213478","Lung",0.209522299517186
"DMR_54","chr3",192231892,192234611,"GSE213478","Muscle",0.177394253310031
"DMR_54","chr3",192231892,192234611,"GSE213478","Ovary",0.194804353636267
"DMR_54","chr3",192231892,192234611,"GSE213478","Prostate",0.21580216994909
"DMR_54","chr3",192231892,192234611,"GSE213478","Testis",0.117745680522505
"DMR_55","chr7",127670570,127673038,"GSE213478","Blood",0.216034834096937
"DMR_55","chr7",127670570,127673038,"GSE213478","Breast",0.233380464912219
"DMR_55","chr7",127670570,127673038,"GSE213478","Colon",0.217061993361629
"DMR_55","chr7",127670570,127673038,"GSE213478","Kidney",0.212616181150159
"DMR_55","chr7",127670570,127673038,"GSE213478","Lung",0.181482012476489
"DMR_55","chr7",127670570,127673038,"GSE213478","Muscle",0.237340696482175
"DMR_55","chr7",127670570,127673038,"GSE213478","Ovary",0.15100353687161
"DMR_55","chr7",127670570,127673038,"GSE213478","Prostate",0.205258911622904
"DMR_55","chr7",127670570,127673038,"GSE213478","Testis",0.12928030747103
"DMR_56","chr5",127872037,127875163,"GSE213478","Blood",0.219207124439337
"DMR_56","chr5",127872037,127875163,"GSE213478","Breast",0.194649169978335
"DMR_56","chr5",127872037,127875163,"GSE213478","Colon",0.210970215916122
"DMR_56","chr5",127872037,127875163,"GSE213478","Kidney",0.154774950146503
"DMR_56","chr5",127872037,127875163,"GSE213478","Lung",0.172317232888681
"DMR_56","chr5",127872037,127875163,"GSE213478","Muscle",0.152994681825863
"DMR_56","chr5",127872037,127875163,"GSE213478","Ovary",0.156365186651463
"DMR_56","chr5",127872037,127875163,"GSE213478","Prostate",0.174308475047391
"DMR_56","chr5",127872037,127875163,"GSE213478","Testis",0.0785773565652519
"DMR_57","chr2",105459097,105462246,"GSE213478","Blood",0.0479711692274486
"DMR_57","chr2",105459097,105462246,"GSE213478","Breast",0.0779750957717752
"DMR_57","chr2",105459097,105462246,"GSE213478","Colon",0.107305184845076
"DMR_57","chr2",105459097,105462246,"GSE213478","Kidney",0.0420916115509109
"DMR_57","chr2",105459097,105462246,"GSE213478","Lung",0.0514299966940051
"DMR_57","chr2",105459097,105462246,"GSE213478","Muscle",0.0378712235118797
"DMR_57","chr2",105459097,105462246,"GSE213478","Ovary",0.0290152613976767
"DMR_57","chr2",105459097,105462246,"GSE213478","Prostate",0.063705884205196
"DMR_57","chr2",105459097,105462246,"GSE213478","Testis",0.0279049113604748
"DMR_58","chr20",50720731,50723227,"GSE213478","Blood",0.135565973523335
"DMR_58","chr20",50720731,50723227,"GSE213478","Breast",0.121444557460666
"DMR_58","chr20",50720731,50723227,"GSE213478","Colon",0.148761857544981
"DMR_58","chr20",50720731,50723227,"GSE213478","Kidney",0.123839199722285
"DMR_58","chr20",50720731,50723227,"GSE213478","Lung",0.122723087382307
"DMR_58","chr20",50720731,50723227,"GSE213478","Muscle",0.122067141662186
"DMR_58","chr20",50720731,50723227,"GSE213478","Ovary",0.0893338859357645
"DMR_58","chr20",50720731,50723227,"GSE213478","Prostate",0.127515329420735
"DMR_58","chr20",50720731,50723227,"GSE213478","Testis",0.0901582845509296
"DMR_59","chr1",16081988,16085984,"GSE213478","Blood",0.23246345210631
"DMR_59","chr1",16081988,16085984,"GSE213478","Breast",0.292776927761788
"DMR_59","chr1",16081988,16085984,"GSE213478","Colon",0.286705484144724
"DMR_59","chr1",16081988,16085984,"GSE213478","Kidney",0.470586411451037
"DMR_59","chr1",16081988,16085984,"GSE213478","Lung",0.332105277674233
"DMR_59","chr1",16081988,16085984,"GSE213478","Muscle",0.330671777004767
"DMR_59","chr1",16081988,16085984,"GSE213478","Ovary",0.33768001237839
"DMR_59","chr1",16081988,16085984,"GSE213478","Prostate",0.280921056971404
"DMR_59","chr1",16081988,16085984,"GSE213478","Testis",0.304778245691519
"DMR_60","chr13",36705041,36706433,"GSE213478","Blood",0.265892136349016
"DMR_60","chr13",36705041,36706433,"GSE213478","Breast",0.158093999750341
"DMR_60","chr13",36705041,36706433,"GSE213478","Colon",0.243100530194416
"DMR_60","chr13",36705041,36706433,"GSE213478","Kidney",0.218196676707896
"DMR_60","chr13",36705041,36706433,"GSE213478","Lung",0.187360187239938
"DMR_60","chr13",36705041,36706433,"GSE213478","Muscle",0.132479320114344
"DMR_60","chr13",36705041,36706433,"GSE213478","Ovary",0.211200563277078
"DMR_60","chr13",36705041,36706433,"GSE213478","Prostate",0.187066042496838
"DMR_60","chr13",36705041,36706433,"GSE213478","Testis",0.118439924551399
"DMR_61","chr19",58609269,58611007,"GSE213478","Blood",0.114676056404552
"DMR_61","chr19",58609269,58611007,"GSE213478","Breast",0.0791813028174985
"DMR_61","chr19",58609269,58611007,"GSE213478","Colon",0.123867912974485
"DMR_61","chr19",58609269,58611007,"GSE213478","Kidney",0.0858442447846294
"DMR_61","chr19",58609269,58611007,"GSE213478","Lung",0.0924610115118608
"DMR_61","chr19",58609269,58611007,"GSE213478","Muscle",0.0738094374222034
"DMR_61","chr19",58609269,58611007,"GSE213478","Ovary",0.0727324681289341
"DMR_61","chr19",58609269,58611007,"GSE213478","Prostate",0.0887510924306771
"DMR_61","chr19",58609269,58611007,"GSE213478","Testis",0.0735502603587601
"DMR_62","chr1",57887655,57890636,"GSE213478","Blood",0.042982335342471
"DMR_62","chr1",57887655,57890636,"GSE213478","Breast",0.0627949058795704
"DMR_62","chr1",57887655,57890636,"GSE213478","Colon",0.101216905575159
"DMR_62","chr1",57887655,57890636,"GSE213478","Kidney",0.0390321221792472
"DMR_62","chr1",57887655,57890636,"GSE213478","Lung",0.041832359390891
"DMR_62","chr1",57887655,57890636,"GSE213478","Muscle",0.0477001301867887
"DMR_62","chr1",57887655,57890636,"GSE213478","Ovary",0.0274729881958038
"DMR_62","chr1",57887655,57890636,"GSE213478","Prostate",0.056896837297737
"DMR_62","chr1",57887655,57890636,"GSE213478","Testis",0.0385836933050959
"DMR_63","chr19",12201983,12203946,"GSE213478","Blood",0.271287587802615
"DMR_63","chr19",12201983,12203946,"GSE213478","Breast",0.292016614909172
"DMR_63","chr19",12201983,12203946,"GSE213478","Colon",0.298976393875489
"DMR_63","chr19",12201983,12203946,"GSE213478","Kidney",0.341646549808275
"DMR_63","chr19",12201983,12203946,"GSE213478","Lung",0.290834693584565
"DMR_63","chr19",12201983,12203946,"GSE213478","Muscle",0.345870142369623
"DMR_63","chr19",12201983,12203946,"GSE213478","Ovary",0.297141965407258
"DMR_63","chr19",12201983,12203946,"GSE213478","Prostate",0.337309010791798
"DMR_63","chr19",12201983,12203946,"GSE213478","Testis",0.272496710418056
"DMR_64","chr4",166793622,166796212,"GSE213478","Blood",0.0636389183047478
"DMR_64","chr4",166793622,166796212,"GSE213478","Breast",0.103958994229326
"DMR_64","chr4",166793622,166796212,"GSE213478","Colon",0.0855815730658533
"DMR_64","chr4",166793622,166796212,"GSE213478","Kidney",0.0420508462106946
"DMR_64","chr4",166793622,166796212,"GSE213478","Lung",0.0688488429613195
"DMR_64","chr4",166793622,166796212,"GSE213478","Muscle",0.0471796773408424
"DMR_64","chr4",166793622,166796212,"GSE213478","Ovary",0.0395112848618645
"DMR_64","chr4",166793622,166796212,"GSE213478","Prostate",0.0553141440046057
"DMR_64","chr4",166793622,166796212,"GSE213478","Testis",0.0288324438274466
"DMR_65","chr20",53091600,53093152,"GSE213478","Blood",0.0614136104676098
"DMR_65","chr20",53091600,53093152,"GSE213478","Breast",0.057313707372152
"DMR_65","chr20",53091600,53093152,"GSE213478","Colon",0.087814646619014
"DMR_65","chr20",53091600,53093152,"GSE213478","Kidney",0.0449629625686311
"DMR_65","chr20",53091600,53093152,"GSE213478","Lung",0.0562038888917726
"DMR_65","chr20",53091600,53093152,"GSE213478","Muscle",0.0368343059237403
"DMR_65","chr20",53091600,53093152,"GSE213478","Ovary",0.0320251354627453
"DMR_65","chr20",53091600,53093152,"GSE213478","Prostate",0.0723280894332711
"DMR_65","chr20",53091600,53093152,"GSE213478","Testis",0.0289407718740785
"DMR_66","chr13",79169714,79171679,"GSE213478","Blood",0.10021586407187
"DMR_66","chr13",79169714,79171679,"GSE213478","Breast",0.195114343045556
"DMR_66","chr13",79169714,79171679,"GSE213478","Colon",0.184613770065663
"DMR_66","chr13",79169714,79171679,"GSE213478","Kidney",0.147640388609352
"DMR_66","chr13",79169714,79171679,"GSE213478","Lung",0.143235359973968
"DMR_66","chr13",79169714,79171679,"GSE213478","Muscle",0.233746381452611
"DMR_66","chr13",79169714,79171679,"GSE213478","Ovary",0.117423232507149
"DMR_66","chr13",79169714,79171679,"GSE213478","Prostate",0.170913736960667
"DMR_66","chr13",79169714,79171679,"GSE213478","Testis",0.0935583953259177
"DMR_67","chr7",158935647,158938780,"GSE213478","Blood",0.177775966200153
"DMR_67","chr7",158935647,158938780,"GSE213478","Breast",0.207646307643452
"DMR_67","chr7",158935647,158938780,"GSE213478","Colon",0.282737818179396
"DMR_67","chr7",158935647,158938780,"GSE213478","Kidney",0.219522353581761
"DMR_67","chr7",158935647,158938780,"GSE213478","Lung",0.179567408971503
"DMR_67","chr7",158935647,158938780,"GSE213478","Muscle",0.208364319592175
"DMR_67","chr7",158935647,158938780,"GSE213478","Ovary",0.162259789868173
"DMR_67","chr7",158935647,158938780,"GSE213478","Prostate",0.244979824037923
"DMR_67","chr7",158935647,158938780,"GSE213478","Testis",0.107375886733672
"DMR_68","chr13",88323266,88326918,"GSE213478","Blood",0.0356309393580311
"DMR_68","chr13",88323266,88326918,"GSE213478","Breast",0.0494130594573285
"DMR_68","chr13",88323266,88326918,"GSE213478","Colon",0.0875277007090141
"DMR_68","chr13",88323266,88326918,"GSE213478","Kidney",0.0395631929126948
"DMR_68","chr13",88323266,88326918,"GSE213478","Lung",0.0391955536378451
"DMR_68","chr13",88323266,88326918,"GSE213478","Muscle",0.0416807534637953
"DMR_68","chr13",88323266,88326918,"GSE213478","Ovary",0.0276787688743177
"DMR_68","chr13",88323266,88326918,"GSE213478","Prostate",0.0448746880199451
"DMR_68","chr13",88323266,88326918,"GSE213478","Testis",0.0428345761419867
"DMR_69","chr15",79381747,79383980,"GSE213478","Blood",0.0435366121038457
"DMR_69","chr15",79381747,79383980,"GSE213478","Breast",0.0376468386291691
"DMR_69","chr15",79381747,79383980,"GSE213478","Colon",0.0877936819062314
"DMR_69","chr15",79381747,79383980,"GSE213478","Kidney",0.0397298035759259
"DMR_69","chr15",79381747,79383980,"GSE213478","Lung",0.0385466381751984
"DMR_69","chr15",79381747,79383980,"GSE213478","Muscle",0.0294824954191587
"DMR_69","chr15",79381747,79383980,"GSE213478","Ovary",0.0258404136580626
"DMR_69","chr15",79381747,79383980,"GSE213478","Prostate",0.0357978142831884
"DMR_69","chr15",79381747,79383980,"GSE213478","Testis",0.02849834633778
"DMR_70","chr2",70994758,70996021,"GSE213478","Blood",0.182814855531683
"DMR_70","chr2",70994758,70996021,"GSE213478","Breast",0.171376356335482
"DMR_70","chr2",70994758,70996021,"GSE213478","Colon",0.168130037754853
"DMR_70","chr2",70994758,70996021,"GSE213478","Kidney",0.178431911679549
"DMR_70","chr2",70994758,70996021,"GSE213478","Lung",0.172241134054976
"DMR_70","chr2",70994758,70996021,"GSE213478","Muscle",0.148228644694697
"DMR_70","chr2",70994758,70996021,"GSE213478","Ovary",0.119021834925679
"DMR_70","chr2",70994758,70996021,"GSE213478","Prostate",0.16893342714797
"DMR_70","chr2",70994758,70996021,"GSE213478","Testis",0.0843112106306997
"DMR_71","chr18",7116421,7119131,"GSE213478","Blood",0.0505954784126621
"DMR_71","chr18",7116421,7119131,"GSE213478","Breast",0.04157554596229
"DMR_71","chr18",7116421,7119131,"GSE213478","Colon",0.149392357436247
"DMR_71","chr18",7116421,7119131,"GSE213478","Kidney",0.0387429627264932
"DMR_71","chr18",7116421,7119131,"GSE213478","Lung",0.0439295488060674
"DMR_71","chr18",7116421,7119131,"GSE213478","Muscle",0.0293756009692469
"DMR_71","chr18",7116421,7119131,"GSE213478","Ovary",0.0283648320520168
"DMR_71","chr18",7116421,7119131,"GSE213478","Prostate",0.0457850835801833
"DMR_71","chr18",7116421,7119131,"GSE213478","Testis",0.0294265873398133
"DMR_72","chr2",139537131,139539181,"GSE213478","Blood",0.24599840771268
"DMR_72","chr2",139537131,139539181,"GSE213478","Breast",0.184180806795429
"DMR_72","chr2",139537131,139539181,"GSE213478","Colon",0.284321350689729
"DMR_72","chr2",139537131,139539181,"GSE213478","Kidney",0.16836738278939
"DMR_72","chr2",139537131,139539181,"GSE213478","Lung",0.181458308636187
"DMR_72","chr2",139537131,139539181,"GSE213478","Muscle",0.163883685390001
"DMR_72","chr2",139537131,139539181,"GSE213478","Ovary",0.20097482874298
"DMR_72","chr2",139537131,139539181,"GSE213478","Prostate",0.167533330896021
"DMR_72","chr2",139537131,139539181,"GSE213478","Testis",0.084020457248186
"DMR_73","chr7",50342251,50345049,"GSE213478","Blood",0.290030937396203
"DMR_73","chr7",50342251,50345049,"GSE213478","Breast",0.291487791259451
"DMR_73","chr7",50342251,50345049,"GSE213478","Colon",0.289224414320478
"DMR_73","chr7",50342251,50345049,"GSE213478","Kidney",0.274851562250508
"DMR_73","chr7",50342251,50345049,"GSE213478","Lung",0.263437868292505
"DMR_73","chr7",50342251,50345049,"GSE213478","Muscle",0.258802844838802
"DMR_73","chr7",50342251,50345049,"GSE213478","Ovary",0.275637659687749
"DMR_73","chr7",50342251,50345049,"GSE213478","Prostate",0.252962153979633
"DMR_73","chr7",50342251,50345049,"GSE213478","Testis",0.165754728590887
"DMR_74","chr20",25061762,25065553,"GSE213478","Blood",0.121444760806682
"DMR_74","chr20",25061762,25065553,"GSE213478","Breast",0.13766892766656
"DMR_74","chr20",25061762,25065553,"GSE213478","Colon",0.174307552978614
"DMR_74","chr20",25061762,25065553,"GSE213478","Kidney",0.094939064536546
"DMR_74","chr20",25061762,25065553,"GSE213478","Lung",0.108693023000901
"DMR_74","chr20",25061762,25065553,"GSE213478","Muscle",0.0925474907408236
"DMR_74","chr20",25061762,25065553,"GSE213478","Ovary",0.0731397014902995
"DMR_74","chr20",25061762,25065553,"GSE213478","Prostate",0.130765996070057
"DMR_74","chr20",25061762,25065553,"GSE213478","Testis",0.0661611309500211
"DMR_75","chr5",178016195,178019014,"GSE213478","Blood",0.19382851004079
"DMR_75","chr5",178016195,178019014,"GSE213478","Breast",0.219939328522749
"DMR_75","chr5",178016195,178019014,"GSE213478","Colon",0.244047383515641
"DMR_75","chr5",178016195,178019014,"GSE213478","Kidney",0.21998376634539
"DMR_75","chr5",178016195,178019014,"GSE213478","Lung",0.212885465391605
"DMR_75","chr5",178016195,178019014,"GSE213478","Muscle",0.201786332342274
"DMR_75","chr5",178016195,178019014,"GSE213478","Ovary",0.202149546965502
"DMR_75","chr5",178016195,178019014,"GSE213478","Prostate",0.207251095535112
"DMR_75","chr5",178016195,178019014,"GSE213478","Testis",0.161714642231727
"DMR_76","chr6",105584149,105585762,"GSE213478","Blood",0.207935578794423
"DMR_76","chr6",105584149,105585762,"GSE213478","Breast",0.197824254166682
"DMR_76","chr6",105584149,105585762,"GSE213478","Colon",0.227612742819336
"DMR_76","chr6",105584149,105585762,"GSE213478","Kidney",0.158945243609499
"DMR_76","chr6",105584149,105585762,"GSE213478","Lung",0.197125478788574
"DMR_76","chr6",105584149,105585762,"GSE213478","Muscle",0.0492313247621338
"DMR_76","chr6",105584149,105585762,"GSE213478","Ovary",0.132490731568439
"DMR_76","chr6",105584149,105585762,"GSE213478","Prostate",0.226905748837726
"DMR_76","chr6",105584149,105585762,"GSE213478","Testis",0.091877603528031
"DMR_77","chr13",53419596,53420933,"GSE213478","Blood",0.0897069997811095
"DMR_77","chr13",53419596,53420933,"GSE213478","Breast",0.112051250836516
"DMR_77","chr13",53419596,53420933,"GSE213478","Colon",0.214634198623518
"DMR_77","chr13",53419596,53420933,"GSE213478","Kidney",0.0900175515062795
"DMR_77","chr13",53419596,53420933,"GSE213478","Lung",0.0859692466774944
"DMR_77","chr13",53419596,53420933,"GSE213478","Muscle",0.0985724698384451
"DMR_77","chr13",53419596,53420933,"GSE213478","Ovary",0.0704969442545562
"DMR_77","chr13",53419596,53420933,"GSE213478","Prostate",0.105048188826756
"DMR_77","chr13",53419596,53420933,"GSE213478","Testis",0.0480767696147059
"DMR_78","chr19",52872727,52873624,"GSE213478","Blood",0.103425467607993
"DMR_78","chr19",52872727,52873624,"GSE213478","Breast",0.0625094484789658
"DMR_78","chr19",52872727,52873624,"GSE213478","Colon",0.137492637287277
"DMR_78","chr19",52872727,52873624,"GSE213478","Kidney",0.0767232306581477
"DMR_78","chr19",52872727,52873624,"GSE213478","Lung",0.0856931677242605
"DMR_78","chr19",52872727,52873624,"GSE213478","Muscle",0.063353856984159
"DMR_78","chr19",52872727,52873624,"GSE213478","Ovary",0.0419625052422484
"DMR_78","chr19",52872727,52873624,"GSE213478","Prostate",0.0787783056982758
"DMR_78","chr19",52872727,52873624,"GSE213478","Testis",0.0382701512641589
"DMR_79","chr11",91956670,91960644,"GSE213478","Blood",0.079008264124899
"DMR_79","chr11",91956670,91960644,"GSE213478","Breast",0.116721950407326
"DMR_79","chr11",91956670,91960644,"GSE213478","Colon",0.145191423318349
"DMR_79","chr11",91956670,91960644,"GSE213478","Kidney",0.110040482233036
"DMR_79","chr11",91956670,91960644,"GSE213478","Lung",0.092236790149032
"DMR_79","chr11",91956670,91960644,"GSE213478","Muscle",0.104166477935261
"DMR_79","chr11",91956670,91960644,"GSE213478","Ovary",0.111197364500227
"DMR_79","chr11",91956670,91960644,"GSE213478","Prostate",0.11372198987105
"DMR_79","chr11",91956670,91960644,"GSE213478","Testis",0.0727709364637544
"DMR_80","chr7",103629099,103631129,"GSE213478","Blood",0.048010487810975
"DMR_80","chr7",103629099,103631129,"GSE213478","Breast",0.0499466928673278
"DMR_80","chr7",103629099,103631129,"GSE213478","Colon",0.103634961013003
"DMR_80","chr7",103629099,103631129,"GSE213478","Kidney",0.0467007448309029
"DMR_80","chr7",103629099,103631129,"GSE213478","Lung",0.0469292317887174
"DMR_80","chr7",103629099,103631129,"GSE213478","Muscle",0.0324888416220765
"DMR_80","chr7",103629099,103631129,"GSE213478","Ovary",0.0358215075321005
"DMR_80","chr7",103629099,103631129,"GSE213478","Prostate",0.0481633193017231
"DMR_80","chr7",103629099,103631129,"GSE213478","Testis",0.031651394367546
"DMR_81","chr5",178770629,178773708,"GSE213478","Blood",0.13039565060122
"DMR_81","chr5",178770629,178773708,"GSE213478","Breast",0.153555469041863
"DMR_81","chr5",178770629,178773708,"GSE213478","Colon",0.170689711437009
"DMR_81","chr5",178770629,178773708,"GSE213478","Kidney",0.15522951103211
"DMR_81","chr5",178770629,178773708,"GSE213478","Lung",0.123725463702464
"DMR_81","chr5",178770629,178773708,"GSE213478","Muscle",0.154467420487954
"DMR_81","chr5",178770629,178773708,"GSE213478","Ovary",0.155838614065645
"DMR_81","chr5",178770629,178773708,"GSE213478","Prostate",0.142982759702191
"DMR_81","chr5",178770629,178773708,"GSE213478","Testis",0.108829479844685
"DMR_82","chr15",84115371,84116920,"GSE213478","Blood",0.273889536584831
"DMR_82","chr15",84115371,84116920,"GSE213478","Breast",0.238593954773207
"DMR_82","chr15",84115371,84116920,"GSE213478","Colon",0.272114878673143
"DMR_82","chr15",84115371,84116920,"GSE213478","Kidney",0.205833105857157
"DMR_82","chr15",84115371,84116920,"GSE213478","Lung",0.249659200695495
"DMR_82","chr15",84115371,84116920,"GSE213478","Muscle",0.181175136489484
"DMR_82","chr15",84115371,84116920,"GSE213478","Ovary",0.229879196025805
"DMR_82","chr15",84115371,84116920,"GSE213478","Prostate",0.230368020175902
"DMR_82","chr15",84115371,84116920,"GSE213478","Testis",0.103477160646409
"DMR_83","chr9",101469203,101471607,"GSE213478","Blood",0.0818320613658469
"DMR_83","chr9",101469203,101471607,"GSE213478","Breast",0.0610782927840301
"DMR_83","chr9",101469203,101471607,"GSE213478","Colon",0.11751215888703
"DMR_83","chr9",101469203,101471607,"GSE213478","Kidney",0.0654072957993625
"DMR_83","chr9",101469203,101471607,"GSE213478","Lung",0.0790668690948042
"DMR_83","chr9",101469203,101471607,"GSE213478","Muscle",0.0609173178967968
"DMR_83","chr9",101469203,101471607,"GSE213478","Ovary",0.0498210452365439
"DMR_83","chr9",101469203,101471607,"GSE213478","Prostate",0.0737975200160642
"DMR_83","chr9",101469203,101471607,"GSE213478","Testis",0.03736323321977
"DMR_84","chr12",104696685,104697983,"GSE213478","Blood",0.190110043616392
"DMR_84","chr12",104696685,104697983,"GSE213478","Breast",0.132920762676902
"DMR_84","chr12",104696685,104697983,"GSE213478","Colon",0.215628903613238
"DMR_84","chr12",104696685,104697983,"GSE213478","Kidney",0.133149364190212
"DMR_84","chr12",104696685,104697983,"GSE213478","Lung",0.187689944433695
"DMR_84","chr12",104696685,104697983,"GSE213478","Muscle",0.159374454353797
"DMR_84","chr12",104696685,104697983,"GSE213478","Ovary",0.120090950726003
"DMR_84","chr12",104696685,104697983,"GSE213478","Prostate",0.182795924674542
"DMR_84","chr12",104696685,104697983,"GSE213478","Testis",0.0694937628113185
"DMR_85","chr5",170742118,170745466,"GSE213478","Blood",0.103443530013647
"DMR_85","chr5",170742118,170745466,"GSE213478","Breast",0.107445474720012
"DMR_85","chr5",170742118,170745466,"GSE213478","Colon",0.165722037455795
"DMR_85","chr5",170742118,170745466,"GSE213478","Kidney",0.102696368818541
"DMR_85","chr5",170742118,170745466,"GSE213478","Lung",0.106514657838326
"DMR_85","chr5",170742118,170745466,"GSE213478","Muscle",0.0610566123749108
"DMR_85","chr5",170742118,170745466,"GSE213478","Ovary",0.0628743686283429
"DMR_85","chr5",170742118,170745466,"GSE213478","Prostate",0.111408242126714
"DMR_85","chr5",170742118,170745466,"GSE213478","Testis",0.070153512200823
"DMR_86","chr9",124460262,124464871,"GSE213478","Blood",0.326843733000213
"DMR_86","chr9",124460262,124464871,"GSE213478","Breast",0.35825820883366
"DMR_86","chr9",124460262,124464871,"GSE213478","Colon",0.412502840286539
"DMR_86","chr9",124460262,124464871,"GSE213478","Kidney",0.351427977422416
"DMR_86","chr9",124460262,124464871,"GSE213478","Lung",0.355576781458326
"DMR_86","chr9",124460262,124464871,"GSE213478","Muscle",0.547600767111731
"DMR_86","chr9",124460262,124464871,"GSE213478","Ovary",0.310688889158544
"DMR_86","chr9",124460262,124464871,"GSE213478","Prostate",0.322897889079049
"DMR_86","chr9",124460262,124464871,"GSE213478","Testis",0.361230768663576
"DMR_87","chr8",48100081,48100957,"GSE213478","Blood",0.153730375990016
"DMR_87","chr8",48100081,48100957,"GSE213478","Breast",0.162356754665706
"DMR_87","chr8",48100081,48100957,"GSE213478","Colon",0.157777933042998
"DMR_87","chr8",48100081,48100957,"GSE213478","Kidney",0.0970223230894563
"DMR_87","chr8",48100081,48100957,"GSE213478","Lung",0.140825639372611
"DMR_87","chr8",48100081,48100957,"GSE213478","Muscle",0.0939293183728062
"DMR_87","chr8",48100081,48100957,"GSE213478","Ovary",0.171881816612889
"DMR_87","chr8",48100081,48100957,"GSE213478","Prostate",0.0913431163245385
"DMR_87","chr8",48100081,48100957,"GSE213478","Testis",0.100066975350565
"DMR_88","chr13",23733305,23735282,"GSE213478","Blood",0.32368464174416
"DMR_88","chr13",23733305,23735282,"GSE213478","Breast",0.341572287516147
"DMR_88","chr13",23733305,23735282,"GSE213478","Colon",0.395022254058331
"DMR_88","chr13",23733305,23735282,"GSE213478","Kidney",0.318481067385854
"DMR_88","chr13",23733305,23735282,"GSE213478","Lung",0.316123033585957
"DMR_88","chr13",23733305,23735282,"GSE213478","Muscle",0.338827336988899
"DMR_88","chr13",23733305,23735282,"GSE213478","Ovary",0.330651051814391
"DMR_88","chr13",23733305,23735282,"GSE213478","Prostate",0.323025429301319
"DMR_88","chr13",23733305,23735282,"GSE213478","Testis",0.17555658641245
"DMR_89","chr6",166577862,166583523,"GSE213478","Blood",0.161003509210781
"DMR_89","chr6",166577862,166583523,"GSE213478","Breast",0.16940488043622
"DMR_89","chr6",166577862,166583523,"GSE213478","Colon",0.180145505521436
"DMR_89","chr6",166577862,166583523,"GSE213478","Kidney",0.144055697222344
"DMR_89","chr6",166577862,166583523,"GSE213478","Lung",0.148119149312302
"DMR_89","chr6",166577862,166583523,"GSE213478","Muscle",0.133887836657339
"DMR_89","chr6",166577862,166583523,"GSE213478","Ovary",0.1206915923316
"DMR_89","chr6",166577862,166583523,"GSE213478","Prostate",0.202811103809632
"DMR_89","chr6",166577862,166583523,"GSE213478","Testis",0.125120539487668
"DMR_90","chr11",134145490,134147837,"GSE213478","Blood",0.11527952529322
"DMR_90","chr11",134145490,134147837,"GSE213478","Breast",0.132837367566132
"DMR_90","chr11",134145490,134147837,"GSE213478","Colon",0.127245420865165
"DMR_90","chr11",134145490,134147837,"GSE213478","Kidney",0.127701072312808
"DMR_90","chr11",134145490,134147837,"GSE213478","Lung",0.1029322769907
"DMR_90","chr11",134145490,134147837,"GSE213478","Muscle",0.110364855816646
"DMR_90","chr11",134145490,134147837,"GSE213478","Ovary",0.0832295770279319
"DMR_90","chr11",134145490,134147837,"GSE213478","Prostate",0.11633838668691
"DMR_90","chr11",134145490,134147837,"GSE213478","Testis",0.0627793980269254
"DMR_91","chr3",185911208,185912486,"GSE213478","Blood",0.425457024818471
"DMR_91","chr3",185911208,185912486,"GSE213478","Breast",0.36497147370692
"DMR_91","chr3",185911208,185912486,"GSE213478","Colon",0.400638940794485
"DMR_91","chr3",185911208,185912486,"GSE213478","Kidney",0.358150234215089
"DMR_91","chr3",185911208,185912486,"GSE213478","Lung",0.365628297650191
"DMR_91","chr3",185911208,185912486,"GSE213478","Muscle",0.421920068517601
"DMR_91","chr3",185911208,185912486,"GSE213478","Ovary",0.180040203137541
"DMR_91","chr3",185911208,185912486,"GSE213478","Prostate",0.336772925803951
"DMR_91","chr3",185911208,185912486,"GSE213478","Testis",0.146508143965658
"DMR_92","chr5",136833216,136834863,"GSE213478","Blood",0.181719982036342
"DMR_92","chr5",136833216,136834863,"GSE213478","Breast",0.191661197152553
"DMR_92","chr5",136833216,136834863,"GSE213478","Colon",0.242506240547034
"DMR_92","chr5",136833216,136834863,"GSE213478","Kidney",0.183773713130271
"DMR_92","chr5",136833216,136834863,"GSE213478","Lung",0.15638086773391
"DMR_92","chr5",136833216,136834863,"GSE213478","Muscle",0.162493011690553
"DMR_92","chr5",136833216,136834863,"GSE213478","Ovary",0.141199961955391
"DMR_92","chr5",136833216,136834863,"GSE213478","Prostate",0.17367501464125
"DMR_92","chr5",136833216,136834863,"GSE213478","Testis",0.102484419080545
"DMR_93","chr10",105036495,105038444,"GSE213478","Blood",0.0502227420143906
"DMR_93","chr10",105036495,105038444,"GSE213478","Breast",0.0694700538396308
"DMR_93","chr10",105036495,105038444,"GSE213478","Colon",0.114120172350093
"DMR_93","chr10",105036495,105038444,"GSE213478","Kidney",0.0538031426114418
"DMR_93","chr10",105036495,105038444,"GSE213478","Lung",0.0516804445603033
"DMR_93","chr10",105036495,105038444,"GSE213478","Muscle",0.0433045113482485
"DMR_93","chr10",105036495,105038444,"GSE213478","Ovary",0.0373797324571391
"DMR_93","chr10",105036495,105038444,"GSE213478","Prostate",0.0563339697078448
"DMR_93","chr10",105036495,105038444,"GSE213478","Testis",0.0344474885063378
"DMR_94","chr20",61806628,61810902,"GSE213478","Blood",0.0653772526328158
"DMR_94","chr20",61806628,61810902,"GSE213478","Breast",0.0469610147445604
"DMR_94","chr20",61806628,61810902,"GSE213478","Colon",0.108661214552136
"DMR_94","chr20",61806628,61810902,"GSE213478","Kidney",0.0449800250566337
"DMR_94","chr20",61806628,61810902,"GSE213478","Lung",0.0532874396094785
"DMR_94","chr20",61806628,61810902,"GSE213478","Muscle",0.0354002530856612
"DMR_94","chr20",61806628,61810902,"GSE213478","Ovary",0.0336896588466241
"DMR_94","chr20",61806628,61810902,"GSE213478","Prostate",0.0454750041787344
"DMR_94","chr20",61806628,61810902,"GSE213478","Testis",0.0350155249735976
"DMR_95","chr4",156587892,156589349,"GSE213478","Blood",0.0280616133163078
"DMR_95","chr4",156587892,156589349,"GSE213478","Breast",0.0388816302491725
"DMR_95","chr4",156587892,156589349,"GSE213478","Colon",0.0548539038581669
"DMR_95","chr4",156587892,156589349,"GSE213478","Kidney",0.0275834796121158
"DMR_95","chr4",156587892,156589349,"GSE213478","Lung",0.0310763330666456
"DMR_95","chr4",156587892,156589349,"GSE213478","Muscle",0.07165347175875
"DMR_95","chr4",156587892,156589349,"GSE213478","Ovary",0.0431006366107573
"DMR_95","chr4",156587892,156589349,"GSE213478","Prostate",0.0334709256553899
"DMR_95","chr4",156587892,156589349,"GSE213478","Testis",0.032789289987668
"DMR_96","chr4",134067133,134070598,"GSE213478","Blood",0.0359388636231162
"DMR_96","chr4",134067133,134070598,"GSE213478","Breast",0.048601865135272
"DMR_96","chr4",134067133,134070598,"GSE213478","Colon",0.101283684140216
"DMR_96","chr4",134067133,134070598,"GSE213478","Kidney",0.0470613188887274
"DMR_96","chr4",134067133,134070598,"GSE213478","Lung",0.0414800893130305
"DMR_96","chr4",134067133,134070598,"GSE213478","Muscle",0.0386408578975995
"DMR_96","chr4",134067133,134070598,"GSE213478","Ovary",0.0265495062980911
"DMR_96","chr4",134067133,134070598,"GSE213478","Prostate",0.0483486048314969
"DMR_96","chr4",134067133,134070598,"GSE213478","Testis",0.0268209975576614
"DMR_97","chr11",111410878,111412172,"GSE213478","Blood",0.15391533777854
"DMR_97","chr11",111410878,111412172,"GSE213478","Breast",0.143863776263426
"DMR_97","chr11",111410878,111412172,"GSE213478","Colon",0.167029763166721
"DMR_97","chr11",111410878,111412172,"GSE213478","Kidney",0.12302392687813
"DMR_97","chr11",111410878,111412172,"GSE213478","Lung",0.127121836629433
"DMR_97","chr11",111410878,111412172,"GSE213478","Muscle",0.0828744077203747
"DMR_97","chr11",111410878,111412172,"GSE213478","Ovary",0.0766188686105905
"DMR_97","chr11",111410878,111412172,"GSE213478","Prostate",0.0950265652572103
"DMR_97","chr11",111410878,111412172,"GSE213478","Testis",0.0656860657480661
"DMR_98","chr13",102568345,102570482,"GSE213478","Blood",0.0761463712428565
"DMR_98","chr13",102568345,102570482,"GSE213478","Breast",0.102160773077088
"DMR_98","chr13",102568345,102570482,"GSE213478","Colon",0.157390462700375
"DMR_98","chr13",102568345,102570482,"GSE213478","Kidney",0.0588388765682084
"DMR_98","chr13",102568345,102570482,"GSE213478","Lung",0.0774899729901357
"DMR_98","chr13",102568345,102570482,"GSE213478","Muscle",0.0630979674101128
"DMR_98","chr13",102568345,102570482,"GSE213478","Ovary",0.0545126108067099
"DMR_98","chr13",102568345,102570482,"GSE213478","Prostate",0.0788155306672135
"DMR_98","chr13",102568345,102570482,"GSE213478","Testis",0.0545767973536563
"DMR_99","chr1",237204939,237207256,"GSE213478","Blood",0.137465811710341
"DMR_99","chr1",237204939,237207256,"GSE213478","Breast",0.134993319356971
"DMR_99","chr1",237204939,237207256,"GSE213478","Colon",0.205578489081609
"DMR_99","chr1",237204939,237207256,"GSE213478","Kidney",0.131340927637999
"DMR_99","chr1",237204939,237207256,"GSE213478","Lung",0.120374800683339
"DMR_99","chr1",237204939,237207256,"GSE213478","Muscle",0.127279508764541
"DMR_99","chr1",237204939,237207256,"GSE213478","Ovary",0.157464726640826
"DMR_99","chr1",237204939,237207256,"GSE213478","Prostate",0.128695423587541
"DMR_99","chr1",237204939,237207256,"GSE213478","Testis",0.0719808794052933
"DMR_100","chr1",200002343,200006247,"GSE213478","Blood",0.19045123502761
"DMR_100","chr1",200002343,200006247,"GSE213478","Breast",0.234957610121051
"DMR_100","chr1",200002343,200006247,"GSE213478","Colon",0.210900968152678
"DMR_100","chr1",200002343,200006247,"GSE213478","Kidney",0.216819528310673
"DMR_100","chr1",200002343,200006247,"GSE213478","Lung",0.326215865799158
"DMR_100","chr1",200002343,200006247,"GSE213478","Muscle",0.200908084298106
"DMR_100","chr1",200002343,200006247,"GSE213478","Ovary",0.152021710082449
"DMR_100","chr1",200002343,200006247,"GSE213478","Prostate",0.209000786364664
"DMR_100","chr1",200002343,200006247,"GSE213478","Testis",0.104905793387996
"DMR_101","chr2",193058172,193061253,"GSE213478","Blood",0.143541463953183
"DMR_101","chr2",193058172,193061253,"GSE213478","Breast",0.119950458295803
"DMR_101","chr2",193058172,193061253,"GSE213478","Colon",0.142492985263687
"DMR_101","chr2",193058172,193061253,"GSE213478","Kidney",0.0976176116178939
"DMR_101","chr2",193058172,193061253,"GSE213478","Lung",0.11704079989873
"DMR_101","chr2",193058172,193061253,"GSE213478","Muscle",0.057806331956298
"DMR_101","chr2",193058172,193061253,"GSE213478","Ovary",0.104747501603788
"DMR_101","chr2",193058172,193061253,"GSE213478","Prostate",0.10569148962345
"DMR_101","chr2",193058172,193061253,"GSE213478","Testis",0.0389000709087922
"DMR_102","chr11",65600773,65601427,"GSE213478","Blood",0.030523671706932
"DMR_102","chr11",65600773,65601427,"GSE213478","Breast",0.0325019402799368
"DMR_102","chr11",65600773,65601427,"GSE213478","Colon",0.0469548797440528
"DMR_102","chr11",65600773,65601427,"GSE213478","Kidney",0.0315990466707516
"DMR_102","chr11",65600773,65601427,"GSE213478","Lung",0.0342522254633711
"DMR_102","chr11",65600773,65601427,"GSE213478","Muscle",0.0295755276040065
"DMR_102","chr11",65600773,65601427,"GSE213478","Ovary",0.0256613740628574
"DMR_102","chr11",65600773,65601427,"GSE213478","Prostate",0.0316935915479675
"DMR_102","chr11",65600773,65601427,"GSE213478","Testis",0.0261957238280713
"DMR_103","chr7",145812625,145814306,"GSE213478","Blood",0.0980175864359214
"DMR_103","chr7",145812625,145814306,"GSE213478","Breast",0.0795512636834118
"DMR_103","chr7",145812625,145814306,"GSE213478","Colon",0.165126104986475
"DMR_103","chr7",145812625,145814306,"GSE213478","Kidney",0.0839063509056036
"DMR_103","chr7",145812625,145814306,"GSE213478","Lung",0.0902025204515095
"DMR_103","chr7",145812625,145814306,"GSE213478","Muscle",0.0622116895445351
"DMR_103","chr7",145812625,145814306,"GSE213478","Ovary",0.0504363885656533
"DMR_103","chr7",145812625,145814306,"GSE213478","Prostate",0.0806566255024904
"DMR_103","chr7",145812625,145814306,"GSE213478","Testis",0.0503492991790692
"DMR_104","chr8",89338965,89341103,"GSE213478","Blood",0.0508208810094939
"DMR_104","chr8",89338965,89341103,"GSE213478","Breast",0.0443034655473265
"DMR_104","chr8",89338965,89341103,"GSE213478","Colon",0.0892004412400857
"DMR_104","chr8",89338965,89341103,"GSE213478","Kidney",0.0510573946873687
"DMR_104","chr8",89338965,89341103,"GSE213478","Lung",0.052453116133169
"DMR_104","chr8",89338965,89341103,"GSE213478","Muscle",0.0376013438228181
"DMR_104","chr8",89338965,89341103,"GSE213478","Ovary",0.0359667930382858
"DMR_104","chr8",89338965,89341103,"GSE213478","Prostate",0.0484007005715927
"DMR_104","chr8",89338965,89341103,"GSE213478","Testis",0.0374529933236433
"DMR_105","chr13",95618902,95620997,"GSE213478","Blood",0.110421410015157
"DMR_105","chr13",95618902,95620997,"GSE213478","Breast",0.118634400743273
"DMR_105","chr13",95618902,95620997,"GSE213478","Colon",0.123916694780697
"DMR_105","chr13",95618902,95620997,"GSE213478","Kidney",0.103046822592479
"DMR_105","chr13",95618902,95620997,"GSE213478","Lung",0.0998791784862872
"DMR_105","chr13",95618902,95620997,"GSE213478","Muscle",0.0830047108513438
"DMR_105","chr13",95618902,95620997,"GSE213478","Ovary",0.0974112973085921
"DMR_105","chr13",95618902,95620997,"GSE213478","Prostate",0.139708782945209
"DMR_105","chr13",95618902,95620997,"GSE213478","Testis",0.0590360354794612
"DMR_106","chr8",97169621,97174382,"GSE213478","Blood",0.0663204175531386
"DMR_106","chr8",97169621,97174382,"GSE213478","Breast",0.159205361860911
"DMR_106","chr8",97169621,97174382,"GSE213478","Colon",0.166948116027445
"DMR_106","chr8",97169621,97174382,"GSE213478","Kidney",0.11982449752792
"DMR_106","chr8",97169621,97174382,"GSE213478","Lung",0.103179305703843
"DMR_106","chr8",97169621,97174382,"GSE213478","Muscle",0.146651929231744
"DMR_106","chr8",97169621,97174382,"GSE213478","Ovary",0.13722543453952
"DMR_106","chr8",97169621,97174382,"GSE213478","Prostate",0.169426014792243
"DMR_106","chr8",97169621,97174382,"GSE213478","Testis",0.0763569691254648
"DMR_107","chr8",69240774,69244553,"GSE213478","Blood",0.186562306870736
"DMR_107","chr8",69240774,69244553,"GSE213478","Breast",0.181296166943561
"DMR_107","chr8",69240774,69244553,"GSE213478","Colon",0.225052228625327
"DMR_107","chr8",69240774,69244553,"GSE213478","Kidney",0.169369808717051
"DMR_107","chr8",69240774,69244553,"GSE213478","Lung",0.178754597723242
"DMR_107","chr8",69240774,69244553,"GSE213478","Muscle",0.156461588055773
"DMR_107","chr8",69240774,69244553,"GSE213478","Ovary",0.162133605381953
"DMR_107","chr8",69240774,69244553,"GSE213478","Prostate",0.171412380876711
"DMR_107","chr8",69240774,69244553,"GSE213478","Testis",0.165444819370371
"DMR_108","chr2",137521943,137523892,"GSE213478","Blood",0.0852500759024894
"DMR_108","chr2",137521943,137523892,"GSE213478","Breast",0.0768691670846286
"DMR_108","chr2",137521943,137523892,"GSE213478","Colon",0.133706139750977
"DMR_108","chr2",137521943,137523892,"GSE213478","Kidney",0.0915844019823235
"DMR_108","chr2",137521943,137523892,"GSE213478","Lung",0.095986272920272
"DMR_108","chr2",137521943,137523892,"GSE213478","Muscle",0.0892783804251713
"DMR_108","chr2",137521943,137523892,"GSE213478","Ovary",0.100292832453881
"DMR_108","chr2",137521943,137523892,"GSE213478","Prostate",0.0971334155213294
"DMR_108","chr2",137521943,137523892,"GSE213478","Testis",0.079618428519611
"DMR_109","chr3",237137,240139,"GSE213478","Blood",0.206169102692769
"DMR_109","chr3",237137,240139,"GSE213478","Breast",0.16693223118577
"DMR_109","chr3",237137,240139,"GSE213478","Colon",0.274684939063193
"DMR_109","chr3",237137,240139,"GSE213478","Kidney",0.167883761533541
"DMR_109","chr3",237137,240139,"GSE213478","Lung",0.19501985234928
"DMR_109","chr3",237137,240139,"GSE213478","Muscle",0.145346448681195
"DMR_109","chr3",237137,240139,"GSE213478","Ovary",0.0573538126877595
"DMR_109","chr3",237137,240139,"GSE213478","Prostate",0.183007258441497
"DMR_109","chr3",237137,240139,"GSE213478","Testis",0.115481289388969
"DMR_110","chr6",94126141,94129636,"GSE213478","Blood",0.0465918183053067
"DMR_110","chr6",94126141,94129636,"GSE213478","Breast",0.0747341079158628
"DMR_110","chr6",94126141,94129636,"GSE213478","Colon",0.0752323419585906
"DMR_110","chr6",94126141,94129636,"GSE213478","Kidney",0.054898951811965
"DMR_110","chr6",94126141,94129636,"GSE213478","Lung",0.0519705913806269
"DMR_110","chr6",94126141,94129636,"GSE213478","Muscle",0.0630728826554926
"DMR_110","chr6",94126141,94129636,"GSE213478","Ovary",0.0607854120064497
"DMR_110","chr6",94126141,94129636,"GSE213478","Prostate",0.0504645839375808
"DMR_110","chr6",94126141,94129636,"GSE213478","Testis",0.0401219576561609
"DMR_111","chr16",28072873,28076248,"GSE213478","Blood",0.184340202733848
"DMR_111","chr16",28072873,28076248,"GSE213478","Breast",0.181259801122004
"DMR_111","chr16",28072873,28076248,"GSE213478","Colon",0.185366572384887
"DMR_111","chr16",28072873,28076248,"GSE213478","Kidney",0.144735884371243
"DMR_111","chr16",28072873,28076248,"GSE213478","Lung",0.171155867259346
"DMR_111","chr16",28072873,28076248,"GSE213478","Muscle",0.159357506678052
"DMR_111","chr16",28072873,28076248,"GSE213478","Ovary",0.142238289155887
"DMR_111","chr16",28072873,28076248,"GSE213478","Prostate",0.177491347895148
"DMR_111","chr16",28072873,28076248,"GSE213478","Testis",0.147537717589038
"DMR_112","chr7",84814140,84816843,"GSE213478","Blood",0.110336965905796
"DMR_112","chr7",84814140,84816843,"GSE213478","Breast",0.129430066639602
"DMR_112","chr7",84814140,84816843,"GSE213478","Colon",0.148060654981799
"DMR_112","chr7",84814140,84816843,"GSE213478","Kidney",0.106567454972422
"DMR_112","chr7",84814140,84816843,"GSE213478","Lung",0.107578964044268
"DMR_112","chr7",84814140,84816843,"GSE213478","Muscle",0.124480947267729
"DMR_112","chr7",84814140,84816843,"GSE213478","Ovary",0.0821652630423958
"DMR_112","chr7",84814140,84816843,"GSE213478","Prostate",0.116257382056212
"DMR_112","chr7",84814140,84816843,"GSE213478","Testis",0.0525399605634781
"DMR_113","chr20",37433247,37435978,"GSE213478","Blood",0.0863517705913274
"DMR_113","chr20",37433247,37435978,"GSE213478","Breast",0.317607913869183
"DMR_113","chr20",37433247,37435978,"GSE213478","Colon",0.281509981058082
"DMR_113","chr20",37433247,37435978,"GSE213478","Kidney",0.280020208185101
"DMR_113","chr20",37433247,37435978,"GSE213478","Lung",0.22346031795383
"DMR_113","chr20",37433247,37435978,"GSE213478","Muscle",0.316384559017541
"DMR_113","chr20",37433247,37435978,"GSE213478","Ovary",0.296576274060023
"DMR_113","chr20",37433247,37435978,"GSE213478","Prostate",0.31926872657266
"DMR_113","chr20",37433247,37435978,"GSE213478","Testis",0.190476010357761
"DMR_114","chr15",83775590,83777082,"GSE213478","Blood",0.146039804270315
"DMR_114","chr15",83775590,83777082,"GSE213478","Breast",0.175653820076171
"DMR_114","chr15",83775590,83777082,"GSE213478","Colon",0.217065306862949
"DMR_114","chr15",83775590,83777082,"GSE213478","Kidney",0.239752590240744
"DMR_114","chr15",83775590,83777082,"GSE213478","Lung",0.160500110585083
"DMR_114","chr15",83775590,83777082,"GSE213478","Muscle",0.0699991430172901
"DMR_114","chr15",83775590,83777082,"GSE213478","Ovary",0.154200841180566
"DMR_114","chr15",83775590,83777082,"GSE213478","Prostate",0.230618363558481
"DMR_114","chr15",83775590,83777082,"GSE213478","Testis",0.103254716027521
"DMR_115","chr1",91182215,91185922,"GSE213478","Blood",0.10635691716246
"DMR_115","chr1",91182215,91185922,"GSE213478","Breast",0.16614759068025
"DMR_115","chr1",91182215,91185922,"GSE213478","Colon",0.160535300492509
"DMR_115","chr1",91182215,91185922,"GSE213478","Kidney",0.104263169229894
"DMR_115","chr1",91182215,91185922,"GSE213478","Lung",0.111025579527008
"DMR_115","chr1",91182215,91185922,"GSE213478","Muscle",0.108659690972757
"DMR_115","chr1",91182215,91185922,"GSE213478","Ovary",0.0554283316426461
"DMR_115","chr1",91182215,91185922,"GSE213478","Prostate",0.105568930093381
"DMR_115","chr1",91182215,91185922,"GSE213478","Testis",0.0467446462287761
"DMR_116","chr17",6616351,6617470,"GSE213478","Blood",0.0975332709969328
"DMR_116","chr17",6616351,6617470,"GSE213478","Breast",0.115910792462706
"DMR_116","chr17",6616351,6617470,"GSE213478","Colon",0.167844482548262
"DMR_116","chr17",6616351,6617470,"GSE213478","Kidney",0.101814820810344
"DMR_116","chr17",6616351,6617470,"GSE213478","Lung",0.0983021112119206
"DMR_116","chr17",6616351,6617470,"GSE213478","Muscle",0.0840471353875648
"DMR_116","chr17",6616351,6617470,"GSE213478","Ovary",0.117503478400677
"DMR_116","chr17",6616351,6617470,"GSE213478","Prostate",0.105776303907432
"DMR_116","chr17",6616351,6617470,"GSE213478","Testis",0.0893976962893739
"DMR_117","chr2",164592477,164594200,"GSE213478","Blood",0.18891762081893
"DMR_117","chr2",164592477,164594200,"GSE213478","Breast",0.212807077978804
"DMR_117","chr2",164592477,164594200,"GSE213478","Colon",0.258909874633706
"DMR_117","chr2",164592477,164594200,"GSE213478","Kidney",0.208051416516909
"DMR_117","chr2",164592477,164594200,"GSE213478","Lung",0.203676957318503
"DMR_117","chr2",164592477,164594200,"GSE213478","Muscle",0.214303286016573
"DMR_117","chr2",164592477,164594200,"GSE213478","Ovary",0.206594031192278
"DMR_117","chr2",164592477,164594200,"GSE213478","Prostate",0.210212897463574
"DMR_117","chr2",164592477,164594200,"GSE213478","Testis",0.125058652898413
"DMR_118","chr4",110222806,110224951,"GSE213478","Blood",0.117624107333212
"DMR_118","chr4",110222806,110224951,"GSE213478","Breast",0.12951652219188
"DMR_118","chr4",110222806,110224951,"GSE213478","Colon",0.148174591730618
"DMR_118","chr4",110222806,110224951,"GSE213478","Kidney",0.116821268448406
"DMR_118","chr4",110222806,110224951,"GSE213478","Lung",0.113037891262721
"DMR_118","chr4",110222806,110224951,"GSE213478","Muscle",0.111028411766308
"DMR_118","chr4",110222806,110224951,"GSE213478","Ovary",0.0971469252573893
"DMR_118","chr4",110222806,110224951,"GSE213478","Prostate",0.105082420782305
"DMR_118","chr4",110222806,110224951,"GSE213478","Testis",0.0787629636878266
"DMR_119","chr11",105479843,105481988,"GSE213478","Blood",0.0511288798143059
"DMR_119","chr11",105479843,105481988,"GSE213478","Breast",0.0962718313439667
"DMR_119","chr11",105479843,105481988,"GSE213478","Colon",0.163215319219539
"DMR_119","chr11",105479843,105481988,"GSE213478","Kidney",0.0756699462988209
"DMR_119","chr11",105479843,105481988,"GSE213478","Lung",0.0835398375094902
"DMR_119","chr11",105479843,105481988,"GSE213478","Muscle",0.0712593715566762
"DMR_119","chr11",105479843,105481988,"GSE213478","Ovary",0.0682279449144729
"DMR_119","chr11",105479843,105481988,"GSE213478","Prostate",0.113065565912021
"DMR_119","chr11",105479843,105481988,"GSE213478","Testis",0.0387730005795643
"DMR_120","chr11",20689672,20693928,"GSE213478","Blood",0.0866062749337787
"DMR_120","chr11",20689672,20693928,"GSE213478","Breast",0.0814869306958328
"DMR_120","chr11",20689672,20693928,"GSE213478","Colon",0.189823371004592
"DMR_120","chr11",20689672,20693928,"GSE213478","Kidney",0.0878430969494625
"DMR_120","chr11",20689672,20693928,"GSE213478","Lung",0.0796223358687787
"DMR_120","chr11",20689672,20693928,"GSE213478","Muscle",0.0628820841344471
"DMR_120","chr11",20689672,20693928,"GSE213478","Ovary",0.150221739382953
"DMR_120","chr11",20689672,20693928,"GSE213478","Prostate",0.0964489688278971
"DMR_120","chr11",20689672,20693928,"GSE213478","Testis",0.0577776817947543
"DMR_121","chr2",119599067,119600948,"GSE213478","Blood",0.0723748151769092
"DMR_121","chr2",119599067,119600948,"GSE213478","Breast",0.363620736921841
"DMR_121","chr2",119599067,119600948,"GSE213478","Colon",0.157491647583867
"DMR_121","chr2",119599067,119600948,"GSE213478","Kidney",0.117037069344747
"DMR_121","chr2",119599067,119600948,"GSE213478","Lung",0.106885011221472
"DMR_121","chr2",119599067,119600948,"GSE213478","Muscle",0.14455675958767
"DMR_121","chr2",119599067,119600948,"GSE213478","Ovary",0.0790699833281536
"DMR_121","chr2",119599067,119600948,"GSE213478","Prostate",0.173962913447722
"DMR_121","chr2",119599067,119600948,"GSE213478","Testis",0.0588433101045611
"DMR_122","chr2",154727485,154730326,"GSE213478","Blood",0.145794345262306
"DMR_122","chr2",154727485,154730326,"GSE213478","Breast",0.101361918919413
"DMR_122","chr2",154727485,154730326,"GSE213478","Colon",0.189869560171232
"DMR_122","chr2",154727485,154730326,"GSE213478","Kidney",0.120652941447414
"DMR_122","chr2",154727485,154730326,"GSE213478","Lung",0.127518004588034
"DMR_122","chr2",154727485,154730326,"GSE213478","Muscle",0.0979763710476499
"DMR_122","chr2",154727485,154730326,"GSE213478","Ovary",0.103475616047735
"DMR_122","chr2",154727485,154730326,"GSE213478","Prostate",0.133581552438482
"DMR_122","chr2",154727485,154730326,"GSE213478","Testis",0.0658350292894657
"DMR_123","chr6",85471973,85474803,"GSE213478","Blood",0.0746008823617334
"DMR_123","chr6",85471973,85474803,"GSE213478","Breast",0.0763987094487109
"DMR_123","chr6",85471973,85474803,"GSE213478","Colon",0.139181599315397
"DMR_123","chr6",85471973,85474803,"GSE213478","Kidney",0.0941364280345573
"DMR_123","chr6",85471973,85474803,"GSE213478","Lung",0.0877892990799483
"DMR_123","chr6",85471973,85474803,"GSE213478","Muscle",0.0634575773210377
"DMR_123","chr6",85471973,85474803,"GSE213478","Ovary",0.0776249156115026
"DMR_123","chr6",85471973,85474803,"GSE213478","Prostate",0.0890587609366663
"DMR_123","chr6",85471973,85474803,"GSE213478","Testis",0.0756007453364588
"DMR_124","chr12",65218019,65220152,"GSE213478","Blood",0.04832509658152
"DMR_124","chr12",65218019,65220152,"GSE213478","Breast",0.0867424357896222
"DMR_124","chr12",65218019,65220152,"GSE213478","Colon",0.0596365267803674
"DMR_124","chr12",65218019,65220152,"GSE213478","Kidney",0.0706764927623472
"DMR_124","chr12",65218019,65220152,"GSE213478","Lung",0.0836228476549002
"DMR_124","chr12",65218019,65220152,"GSE213478","Muscle",0.0405516007745439
"DMR_124","chr12",65218019,65220152,"GSE213478","Ovary",0.0389228004123369
"DMR_124","chr12",65218019,65220152,"GSE213478","Prostate",0.0738883931722614
"DMR_124","chr12",65218019,65220152,"GSE213478","Testis",0.037285974224564
"DMR_125","chr4",5712426,5713546,"GSE213478","Blood",0.124121454397536
"DMR_125","chr4",5712426,5713546,"GSE213478","Breast",0.0806785929852916
"DMR_125","chr4",5712426,5713546,"GSE213478","Colon",0.154891060599727
"DMR_125","chr4",5712426,5713546,"GSE213478","Kidney",0.0830346440126808
"DMR_125","chr4",5712426,5713546,"GSE213478","Lung",0.0999143715992902
"DMR_125","chr4",5712426,5713546,"GSE213478","Muscle",0.0869972086937754
"DMR_125","chr4",5712426,5713546,"GSE213478","Ovary",0.063740833730072
"DMR_125","chr4",5712426,5713546,"GSE213478","Prostate",0.0836580093287344
"DMR_125","chr4",5712426,5713546,"GSE213478","Testis",0.0529340856601972
"DMR_126","chr1",119548527,119551851,"GSE213478","Blood",0.0982266213051381
"DMR_126","chr1",119548527,119551851,"GSE213478","Breast",0.315446694973527
"DMR_126","chr1",119548527,119551851,"GSE213478","Colon",0.167949224466855
"DMR_126","chr1",119548527,119551851,"GSE213478","Kidney",0.13622329865223
"DMR_126","chr1",119548527,119551851,"GSE213478","Lung",0.114138479636069
"DMR_126","chr1",119548527,119551851,"GSE213478","Muscle",0.456898233039226
"DMR_126","chr1",119548527,119551851,"GSE213478","Ovary",0.0999697402997247
"DMR_126","chr1",119548527,119551851,"GSE213478","Prostate",0.138319741365437
"DMR_126","chr1",119548527,119551851,"GSE213478","Testis",0.0924212839811023
"DMR_127","chr7",93519220,93521196,"GSE213478","Blood",0.248529845157595
"DMR_127","chr7",93519220,93521196,"GSE213478","Breast",0.285859691190829
"DMR_127","chr7",93519220,93521196,"GSE213478","Colon",0.297960344982515
"DMR_127","chr7",93519220,93521196,"GSE213478","Kidney",0.248348368135972
"DMR_127","chr7",93519220,93521196,"GSE213478","Lung",0.249951755026998
"DMR_127","chr7",93519220,93521196,"GSE213478","Muscle",0.293252058504004
"DMR_127","chr7",93519220,93521196,"GSE213478","Ovary",0.234151889523865
"DMR_127","chr7",93519220,93521196,"GSE213478","Prostate",0.262110870312897
"DMR_127","chr7",93519220,93521196,"GSE213478","Testis",0.147546443245984
"DMR_128","chr15",48935514,48939483,"GSE213478","Blood",0.332524837767267
"DMR_128","chr15",48935514,48939483,"GSE213478","Breast",0.200292741276505
"DMR_128","chr15",48935514,48939483,"GSE213478","Colon",0.23545378268731
"DMR_128","chr15",48935514,48939483,"GSE213478","Kidney",0.256844014371704
"DMR_128","chr15",48935514,48939483,"GSE213478","Lung",0.26578322888216
"DMR_128","chr15",48935514,48939483,"GSE213478","Muscle",0.22312523308791
"DMR_128","chr15",48935514,48939483,"GSE213478","Ovary",0.115330075115388
"DMR_128","chr15",48935514,48939483,"GSE213478","Prostate",0.205631166559853
"DMR_128","chr15",48935514,48939483,"GSE213478","Testis",0.110445669848034
"DMR_129","chr9",37026418,37027815,"GSE213478","Blood",0.0506735219749386
"DMR_129","chr9",37026418,37027815,"GSE213478","Breast",0.0449645509411711
"DMR_129","chr9",37026418,37027815,"GSE213478","Colon",0.11401819804855
"DMR_129","chr9",37026418,37027815,"GSE213478","Kidney",0.0569957631099826
"DMR_129","chr9",37026418,37027815,"GSE213478","Lung",0.0652304448573945
"DMR_129","chr9",37026418,37027815,"GSE213478","Muscle",0.0327331904186082
"DMR_129","chr9",37026418,37027815,"GSE213478","Ovary",0.0271805942051849
"DMR_129","chr9",37026418,37027815,"GSE213478","Prostate",0.0484041642740777
"DMR_129","chr9",37026418,37027815,"GSE213478","Testis",0.0274408775316255
"DMR_130","chr2",40677600,40680611,"GSE213478","Blood",0.221795437024172
"DMR_130","chr2",40677600,40680611,"GSE213478","Breast",0.193414329350209
"DMR_130","chr2",40677600,40680611,"GSE213478","Colon",0.223843188598959
"DMR_130","chr2",40677600,40680611,"GSE213478","Kidney",0.179021706767947
"DMR_130","chr2",40677600,40680611,"GSE213478","Lung",0.206927301724866
"DMR_130","chr2",40677600,40680611,"GSE213478","Muscle",0.244655701661323
"DMR_130","chr2",40677600,40680611,"GSE213478","Ovary",0.19303653019193
"DMR_130","chr2",40677600,40680611,"GSE213478","Prostate",0.199603632625121
"DMR_130","chr2",40677600,40680611,"GSE213478","Testis",0.106350899786037
"DMR_131","chr2",29335792,29339806,"GSE213478","Blood",0.254243221398811
"DMR_131","chr2",29335792,29339806,"GSE213478","Breast",0.236875867304205
"DMR_131","chr2",29335792,29339806,"GSE213478","Colon",0.326405353634931
"DMR_131","chr2",29335792,29339806,"GSE213478","Kidney",0.269256439750902
"DMR_131","chr2",29335792,29339806,"GSE213478","Lung",0.236481646513978
"DMR_131","chr2",29335792,29339806,"GSE213478","Muscle",0.222440652615564
"DMR_131","chr2",29335792,29339806,"GSE213478","Ovary",0.233904949188546
"DMR_131","chr2",29335792,29339806,"GSE213478","Prostate",0.279011917014688
"DMR_131","chr2",29335792,29339806,"GSE213478","Testis",0.19796292405886
"DMR_132","chr1",77331940,77334748,"GSE213478","Blood",0.161324901676924
"DMR_132","chr1",77331940,77334748,"GSE213478","Breast",0.168196632143214
"DMR_132","chr1",77331940,77334748,"GSE213478","Colon",0.184467993460001
"DMR_132","chr1",77331940,77334748,"GSE213478","Kidney",0.170687844567373
"DMR_132","chr1",77331940,77334748,"GSE213478","Lung",0.144494856010948
"DMR_132","chr1",77331940,77334748,"GSE213478","Muscle",0.138021599093419
"DMR_132","chr1",77331940,77334748,"GSE213478","Ovary",0.113598473035135
"DMR_132","chr1",77331940,77334748,"GSE213478","Prostate",0.144184476844147
"DMR_132","chr1",77331940,77334748,"GSE213478","Testis",0.119941361935487
"DMR_133","chr18",25754301,25758434,"GSE213478","Blood",0.103014018033164
"DMR_133","chr18",25754301,25758434,"GSE213478","Breast",0.110743033536008
"DMR_133","chr18",25754301,25758434,"GSE213478","Colon",0.147811984159309
"DMR_133","chr18",25754301,25758434,"GSE213478","Kidney",0.075260926279472
"DMR_133","chr18",25754301,25758434,"GSE213478","Lung",0.0925350259128346
"DMR_133","chr18",25754301,25758434,"GSE213478","Muscle",0.089843004793263
"DMR_133","chr18",25754301,25758434,"GSE213478","Ovary",0.100684995204734
"DMR_133","chr18",25754301,25758434,"GSE213478","Prostate",0.0870086425742472
"DMR_133","chr18",25754301,25758434,"GSE213478","Testis",0.0644086294242372
"DMR_134","chr6",72129198,72131020,"GSE213478","Blood",0.331478453968958
"DMR_134","chr6",72129198,72131020,"GSE213478","Breast",0.11461447538144
"DMR_134","chr6",72129198,72131020,"GSE213478","Colon",0.271968284523395
"DMR_134","chr6",72129198,72131020,"GSE213478","Kidney",0.0930861505691247
"DMR_134","chr6",72129198,72131020,"GSE213478","Lung",0.167308765258896
"DMR_134","chr6",72129198,72131020,"GSE213478","Muscle",0.0816408294488438
"DMR_134","chr6",72129198,72131020,"GSE213478","Ovary",0.199677673012432
"DMR_134","chr6",72129198,72131020,"GSE213478","Prostate",0.131571798161335
"DMR_134","chr6",72129198,72131020,"GSE213478","Testis",0.113452734027912
"DMR_135","chr16",51182904,51190201,"GSE213478","Blood",0.07788309947299
"DMR_135","chr16",51182904,51190201,"GSE213478","Breast",0.179534116523036
"DMR_135","chr16",51182904,51190201,"GSE213478","Colon",0.20194737064462
"DMR_135","chr16",51182904,51190201,"GSE213478","Kidney",0.0882115728252254
"DMR_135","chr16",51182904,51190201,"GSE213478","Lung",0.086200075721594
"DMR_135","chr16",51182904,51190201,"GSE213478","Muscle",0.123469472331335
"DMR_135","chr16",51182904,51190201,"GSE213478","Ovary",0.218284129140486
"DMR_135","chr16",51182904,51190201,"GSE213478","Prostate",0.13555125301217
"DMR_135","chr16",51182904,51190201,"GSE213478","Testis",0.065760855096853
"DMR_136","chr15",79723173,79725642,"GSE213478","Blood",0.149994425245353
"DMR_136","chr15",79723173,79725642,"GSE213478","Breast",0.189348119916866
"DMR_136","chr15",79723173,79725642,"GSE213478","Colon",0.183787734220122
"DMR_136","chr15",79723173,79725642,"GSE213478","Kidney",0.154269727842818
"DMR_136","chr15",79723173,79725642,"GSE213478","Lung",0.130174455318697
"DMR_136","chr15",79723173,79725642,"GSE213478","Muscle",0.151827466519251
"DMR_136","chr15",79723173,79725642,"GSE213478","Ovary",0.138350865453481
"DMR_136","chr15",79723173,79725642,"GSE213478","Prostate",0.132257050336015
"DMR_136","chr15",79723173,79725642,"GSE213478","Testis",0.101382078058634
"DMR_137","chr16",66612290,66614916,"GSE213478","Blood",0.31524050617704
"DMR_137","chr16",66612290,66614916,"GSE213478","Breast",0.506489137039958
"DMR_137","chr16",66612290,66614916,"GSE213478","Colon",0.400591464603815
"DMR_137","chr16",66612290,66614916,"GSE213478","Kidney",0.579369527402324
"DMR_137","chr16",66612290,66614916,"GSE213478","Lung",0.385670543437599
"DMR_137","chr16",66612290,66614916,"GSE213478","Muscle",0.336120257691119
"DMR_137","chr16",66612290,66614916,"GSE213478","Ovary",0.30404500637318
"DMR_137","chr16",66612290,66614916,"GSE213478","Prostate",0.396277811904559
"DMR_137","chr16",66612290,66614916,"GSE213478","Testis",0.323933909855831
"DMR_138","chr2",68545433,68548142,"GSE213478","Blood",0.218071076181657
"DMR_138","chr2",68545433,68548142,"GSE213478","Breast",0.156794660797243
"DMR_138","chr2",68545433,68548142,"GSE213478","Colon",0.23024106693208
"DMR_138","chr2",68545433,68548142,"GSE213478","Kidney",0.169715132183452
"DMR_138","chr2",68545433,68548142,"GSE213478","Lung",0.187262582164012
"DMR_138","chr2",68545433,68548142,"GSE213478","Muscle",0.144034487177598
"DMR_138","chr2",68545433,68548142,"GSE213478","Ovary",0.129733297104296
"DMR_138","chr2",68545433,68548142,"GSE213478","Prostate",0.174577316937885
"DMR_138","chr2",68545433,68548142,"GSE213478","Testis",0.106185257854615
"DMR_139","chr7",19155785,19159569,"GSE213478","Blood",0.0629364389562261
"DMR_139","chr7",19155785,19159569,"GSE213478","Breast",0.202146610165038
"DMR_139","chr7",19155785,19159569,"GSE213478","Colon",0.208432682569593
"DMR_139","chr7",19155785,19159569,"GSE213478","Kidney",0.146570447818523
"DMR_139","chr7",19155785,19159569,"GSE213478","Lung",0.0750177905046267
"DMR_139","chr7",19155785,19159569,"GSE213478","Muscle",0.167167379587219
"DMR_139","chr7",19155785,19159569,"GSE213478","Ovary",0.3324850147211
"DMR_139","chr7",19155785,19159569,"GSE213478","Prostate",0.174318469381841
"DMR_139","chr7",19155785,19159569,"GSE213478","Testis",0.131960898998162
"DMR_140","chr5",87973439,87974547,"GSE213478","Blood",0.121133123919586
"DMR_140","chr5",87973439,87974547,"GSE213478","Breast",0.157309440241053
"DMR_140","chr5",87973439,87974547,"GSE213478","Colon",0.173689135547882
"DMR_140","chr5",87973439,87974547,"GSE213478","Kidney",0.12383641005587
"DMR_140","chr5",87973439,87974547,"GSE213478","Lung",0.114705251855276
"DMR_140","chr5",87973439,87974547,"GSE213478","Muscle",0.115970403725624
"DMR_140","chr5",87973439,87974547,"GSE213478","Ovary",0.0840750564178395
"DMR_140","chr5",87973439,87974547,"GSE213478","Prostate",0.118695183111967
"DMR_140","chr5",87973439,87974547,"GSE213478","Testis",0.0721170447967974
"DMR_141","chr13",102067343,102069556,"GSE213478","Blood",0.217068778037644
"DMR_141","chr13",102067343,102069556,"GSE213478","Breast",0.206341747221715
"DMR_141","chr13",102067343,102069556,"GSE213478","Colon",0.270387447723105
"DMR_141","chr13",102067343,102069556,"GSE213478","Kidney",0.19497802270914
"DMR_141","chr13",102067343,102069556,"GSE213478","Lung",0.197376075978131
"DMR_141","chr13",102067343,102069556,"GSE213478","Muscle",0.188035115947927
"DMR_141","chr13",102067343,102069556,"GSE213478","Ovary",0.195352438427991
"DMR_141","chr13",102067343,102069556,"GSE213478","Prostate",0.19892056887597
"DMR_141","chr13",102067343,102069556,"GSE213478","Testis",0.139602231504861
"DMR_142","chr8",55379034,55380663,"GSE213478","Blood",0.0856837536642885
"DMR_142","chr8",55379034,55380663,"GSE213478","Breast",0.105906663118768
"DMR_142","chr8",55379034,55380663,"GSE213478","Colon",0.167266452351662
"DMR_142","chr8",55379034,55380663,"GSE213478","Kidney",0.0788817861566473
"DMR_142","chr8",55379034,55380663,"GSE213478","Lung",0.11873327005947
"DMR_142","chr8",55379034,55380663,"GSE213478","Muscle",0.0513726785080575
"DMR_142","chr8",55379034,55380663,"GSE213478","Ovary",0.0597601714508688
"DMR_142","chr8",55379034,55380663,"GSE213478","Prostate",0.0876794466162686
"DMR_142","chr8",55379034,55380663,"GSE213478","Testis",0.0433787060431847
"DMR_143","chr6",85482570,85484863,"GSE213478","Blood",0.0686325461181866
"DMR_143","chr6",85482570,85484863,"GSE213478","Breast",0.145440772864135
"DMR_143","chr6",85482570,85484863,"GSE213478","Colon",0.173405704644311
"DMR_143","chr6",85482570,85484863,"GSE213478","Kidney",0.0795794952621698
"DMR_143","chr6",85482570,85484863,"GSE213478","Lung",0.076246617671732
"DMR_143","chr6",85482570,85484863,"GSE213478","Muscle",0.0650854352995023
"DMR_143","chr6",85482570,85484863,"GSE213478","Ovary",0.0526417407526427
"DMR_143","chr6",85482570,85484863,"GSE213478","Prostate",0.0851700742641886
"DMR_143","chr6",85482570,85484863,"GSE213478","Testis",0.0680374668514219
"DMR_144","chr13",109147160,109149171,"GSE213478","Blood",0.20222473838993
"DMR_144","chr13",109147160,109149171,"GSE213478","Breast",0.133622263375083
"DMR_144","chr13",109147160,109149171,"GSE213478","Colon",0.250569892267541
"DMR_144","chr13",109147160,109149171,"GSE213478","Kidney",0.163250353914671
"DMR_144","chr13",109147160,109149171,"GSE213478","Lung",0.1642832628382
"DMR_144","chr13",109147160,109149171,"GSE213478","Muscle",0.119948547202938
"DMR_144","chr13",109147160,109149171,"GSE213478","Ovary",0.14636735167562
"DMR_144","chr13",109147160,109149171,"GSE213478","Prostate",0.17286075510039
"DMR_144","chr13",109147160,109149171,"GSE213478","Testis",0.0749567259783024
"DMR_145","chr19",53757677,53758609,"GSE213478","Blood",0.0704400093818317
"DMR_145","chr19",53757677,53758609,"GSE213478","Breast",0.0487816942804204
"DMR_145","chr19",53757677,53758609,"GSE213478","Colon",0.159091902646728
"DMR_145","chr19",53757677,53758609,"GSE213478","Kidney",0.0591826529283375
"DMR_145","chr19",53757677,53758609,"GSE213478","Lung",0.064181111282302
"DMR_145","chr19",53757677,53758609,"GSE213478","Muscle",0.0481657108960188
"DMR_145","chr19",53757677,53758609,"GSE213478","Ovary",0.0316923163703097
"DMR_145","chr19",53757677,53758609,"GSE213478","Prostate",0.0483002019285491
"DMR_145","chr19",53757677,53758609,"GSE213478","Testis",0.0297857835515074
"DMR_146","chr5",115151427,115153615,"GSE213478","Blood",0.240740501273412
"DMR_146","chr5",115151427,115153615,"GSE213478","Breast",0.241629962657125
"DMR_146","chr5",115151427,115153615,"GSE213478","Colon",0.28904474036761
"DMR_146","chr5",115151427,115153615,"GSE213478","Kidney",0.238953121598619
"DMR_146","chr5",115151427,115153615,"GSE213478","Lung",0.243705322825239
"DMR_146","chr5",115151427,115153615,"GSE213478","Muscle",0.242112838172829
"DMR_146","chr5",115151427,115153615,"GSE213478","Ovary",0.203773282984224
"DMR_146","chr5",115151427,115153615,"GSE213478","Prostate",0.246059945029791
"DMR_146","chr5",115151427,115153615,"GSE213478","Testis",0.117678247898606
"DMR_147","chr2",182320901,182322898,"GSE213478","Blood",0.094091897169876
"DMR_147","chr2",182320901,182322898,"GSE213478","Breast",0.299926468510215
"DMR_147","chr2",182320901,182322898,"GSE213478","Colon",0.272237070001844
"DMR_147","chr2",182320901,182322898,"GSE213478","Kidney",0.255767760433344
"DMR_147","chr2",182320901,182322898,"GSE213478","Lung",0.218340103036757
"DMR_147","chr2",182320901,182322898,"GSE213478","Muscle",0.25056100239558
"DMR_147","chr2",182320901,182322898,"GSE213478","Ovary",0.294733053497996
"DMR_147","chr2",182320901,182322898,"GSE213478","Prostate",0.301262111808917
"DMR_147","chr2",182320901,182322898,"GSE213478","Testis",0.165878787143399
"DMR_148","chr4",17781880,17784060,"GSE213478","Blood",0.202604071456006
"DMR_148","chr4",17781880,17784060,"GSE213478","Breast",0.12027049851694
"DMR_148","chr4",17781880,17784060,"GSE213478","Colon",0.187014621864847
"DMR_148","chr4",17781880,17784060,"GSE213478","Kidney",0.120735132520953
"DMR_148","chr4",17781880,17784060,"GSE213478","Lung",0.153531733700212
"DMR_148","chr4",17781880,17784060,"GSE213478","Muscle",0.091463408186666
"DMR_148","chr4",17781880,17784060,"GSE213478","Ovary",0.0979975268276946
"DMR_148","chr4",17781880,17784060,"GSE213478","Prostate",0.143028811821906
"DMR_148","chr4",17781880,17784060,"GSE213478","Testis",0.0798383140601376
"DMR_149","chr13",25620954,25621735,"GSE213478","Blood",0.067895449259193
"DMR_149","chr13",25620954,25621735,"GSE213478","Breast",0.0540507715378309
"DMR_149","chr13",25620954,25621735,"GSE213478","Colon",0.117155430818815
"DMR_149","chr13",25620954,25621735,"GSE213478","Kidney",0.0522329098950353
"DMR_149","chr13",25620954,25621735,"GSE213478","Lung",0.0585146451063972
"DMR_149","chr13",25620954,25621735,"GSE213478","Muscle",0.0379587016798625
"DMR_149","chr13",25620954,25621735,"GSE213478","Ovary",0.039873809885857
"DMR_149","chr13",25620954,25621735,"GSE213478","Prostate",0.0579156071235969
"DMR_149","chr13",25620954,25621735,"GSE213478","Testis",0.0354719355864748
"DMR_150","chr20",59826138,59829060,"GSE213478","Blood",0.276107894094276
"DMR_150","chr20",59826138,59829060,"GSE213478","Breast",0.271423807010053
"DMR_150","chr20",59826138,59829060,"GSE213478","Colon",0.309765252227899
"DMR_150","chr20",59826138,59829060,"GSE213478","Kidney",0.250666514241271
"DMR_150","chr20",59826138,59829060,"GSE213478","Lung",0.213824834608292
"DMR_150","chr20",59826138,59829060,"GSE213478","Muscle",0.247975103144256
"DMR_150","chr20",59826138,59829060,"GSE213478","Ovary",0.182514456368774
"DMR_150","chr20",59826138,59829060,"GSE213478","Prostate",0.276414902472669
"DMR_150","chr20",59826138,59829060,"GSE213478","Testis",0.149969160988506
"DMR_151","chr1",33219158,33220450,"GSE213478","Blood",0.101531154657261
"DMR_151","chr1",33219158,33220450,"GSE213478","Breast",0.0873011167444396
"DMR_151","chr1",33219158,33220450,"GSE213478","Colon",0.129320228761008
"DMR_151","chr1",33219158,33220450,"GSE213478","Kidney",0.14328514764801
"DMR_151","chr1",33219158,33220450,"GSE213478","Lung",0.113105842118282
"DMR_151","chr1",33219158,33220450,"GSE213478","Muscle",0.117832034733878
"DMR_151","chr1",33219158,33220450,"GSE213478","Ovary",0.0731238757804599
"DMR_151","chr1",33219158,33220450,"GSE213478","Prostate",0.0754362132408434
"DMR_151","chr1",33219158,33220450,"GSE213478","Testis",0.0612387620321849
"DMR_152","chr19",13616871,13617970,"GSE213478","Blood",0.0546678819729747
"DMR_152","chr19",13616871,13617970,"GSE213478","Breast",0.0649471815481019
"DMR_152","chr19",13616871,13617970,"GSE213478","Colon",0.0928930501850731
"DMR_152","chr19",13616871,13617970,"GSE213478","Kidney",0.0507838681279785
"DMR_152","chr19",13616871,13617970,"GSE213478","Lung",0.052487844212496
"DMR_152","chr19",13616871,13617970,"GSE213478","Muscle",0.0422826270135126
"DMR_152","chr19",13616871,13617970,"GSE213478","Ovary",0.0481525086680031
"DMR_152","chr19",13616871,13617970,"GSE213478","Prostate",0.0627179536753588
"DMR_152","chr19",13616871,13617970,"GSE213478","Testis",0.041502889504198
"DMR_153","chr7",108095719,108097606,"GSE213478","Blood",0.061393525476436
"DMR_153","chr7",108095719,108097606,"GSE213478","Breast",0.0950947910947918
"DMR_153","chr7",108095719,108097606,"GSE213478","Colon",0.06081052261104
"DMR_153","chr7",108095719,108097606,"GSE213478","Kidney",0.0722288277451891
"DMR_153","chr7",108095719,108097606,"GSE213478","Lung",0.0589484708864377
"DMR_153","chr7",108095719,108097606,"GSE213478","Muscle",0.060440545156257
"DMR_153","chr7",108095719,108097606,"GSE213478","Ovary",0.0429838323070676
"DMR_153","chr7",108095719,108097606,"GSE213478","Prostate",0.0695640894352016
"DMR_153","chr7",108095719,108097606,"GSE213478","Testis",0.0385389051260333
"DMR_154","chr18",18821328,18823509,"GSE213478","Blood",0.0536519547172891
"DMR_154","chr18",18821328,18823509,"GSE213478","Breast",0.0743987975754405
"DMR_154","chr18",18821328,18823509,"GSE213478","Colon",0.118971399648236
"DMR_154","chr18",18821328,18823509,"GSE213478","Kidney",0.0644360185268675
"DMR_154","chr18",18821328,18823509,"GSE213478","Lung",0.0702283311506853
"DMR_154","chr18",18821328,18823509,"GSE213478","Muscle",0.0627770064727357
"DMR_154","chr18",18821328,18823509,"GSE213478","Ovary",0.025423080912403
"DMR_154","chr18",18821328,18823509,"GSE213478","Prostate",0.0735295736310901
"DMR_154","chr18",18821328,18823509,"GSE213478","Testis",0.0250801224960957
"DMR_155","chr4",157996014,157998201,"GSE213478","Blood",0.274423864518222
"DMR_155","chr4",157996014,157998201,"GSE213478","Breast",0.263451255629621
"DMR_155","chr4",157996014,157998201,"GSE213478","Colon",0.324569550199578
"DMR_155","chr4",157996014,157998201,"GSE213478","Kidney",0.231822582573327
"DMR_155","chr4",157996014,157998201,"GSE213478","Lung",0.251764274203571
"DMR_155","chr4",157996014,157998201,"GSE213478","Muscle",0.203801434469491
"DMR_155","chr4",157996014,157998201,"GSE213478","Ovary",0.207868433514991
"DMR_155","chr4",157996014,157998201,"GSE213478","Prostate",0.251045722680389
"DMR_155","chr4",157996014,157998201,"GSE213478","Testis",0.188532203142636
"DMR_156","chr19",21657164,21658001,"GSE213478","Blood",0.168806071360501
"DMR_156","chr19",21657164,21658001,"GSE213478","Breast",0.123761534587782
"DMR_156","chr19",21657164,21658001,"GSE213478","Colon",0.216981471978757
"DMR_156","chr19",21657164,21658001,"GSE213478","Kidney",0.12103761761686
"DMR_156","chr19",21657164,21658001,"GSE213478","Lung",0.159199104789024
"DMR_156","chr19",21657164,21658001,"GSE213478","Muscle",0.14345366815202
"DMR_156","chr19",21657164,21658001,"GSE213478","Ovary",0.118494638211734
"DMR_156","chr19",21657164,21658001,"GSE213478","Prostate",0.138707051414541
"DMR_156","chr19",21657164,21658001,"GSE213478","Testis",0.0860625077173672
"DMR_157","chr4",21949853,21951046,"GSE213478","Blood",0.105145580981568
"DMR_157","chr4",21949853,21951046,"GSE213478","Breast",0.104184618149288
"DMR_157","chr4",21949853,21951046,"GSE213478","Colon",0.174482016948287
"DMR_157","chr4",21949853,21951046,"GSE213478","Kidney",0.0784873491352096
"DMR_157","chr4",21949853,21951046,"GSE213478","Lung",0.0953271874642553
"DMR_157","chr4",21949853,21951046,"GSE213478","Muscle",0.0551089120129475
"DMR_157","chr4",21949853,21951046,"GSE213478","Ovary",0.0378261480716654
"DMR_157","chr4",21949853,21951046,"GSE213478","Prostate",0.0874441501565861
"DMR_157","chr4",21949853,21951046,"GSE213478","Testis",0.0340770111350637
"DMR_158","chr11",110581434,110584727,"GSE213478","Blood",0.12459082773752
"DMR_158","chr11",110581434,110584727,"GSE213478","Breast",0.125023580184605
"DMR_158","chr11",110581434,110584727,"GSE213478","Colon",0.1061179224431
"DMR_158","chr11",110581434,110584727,"GSE213478","Kidney",0.136258901472912
"DMR_158","chr11",110581434,110584727,"GSE213478","Lung",0.107164423575125
"DMR_158","chr11",110581434,110584727,"GSE213478","Muscle",0.14562114307319
"DMR_158","chr11",110581434,110584727,"GSE213478","Ovary",0.0950281775506203
"DMR_158","chr11",110581434,110584727,"GSE213478","Prostate",0.11792921227993
"DMR_158","chr11",110581434,110584727,"GSE213478","Testis",0.068348069947367
"DMR_159","chr12",24714652,24717178,"GSE213478","Blood",0.0529430078324196
"DMR_159","chr12",24714652,24717178,"GSE213478","Breast",0.0332362175485148
"DMR_159","chr12",24714652,24717178,"GSE213478","Colon",0.0470076478870967
"DMR_159","chr12",24714652,24717178,"GSE213478","Kidney",0.0333873062360452
"DMR_159","chr12",24714652,24717178,"GSE213478","Lung",0.0367614278208614
"DMR_159","chr12",24714652,24717178,"GSE213478","Muscle",0.0300884857344194
"DMR_159","chr12",24714652,24717178,"GSE213478","Ovary",0.0267086212859964
"DMR_159","chr12",24714652,24717178,"GSE213478","Prostate",0.0329051469341792
"DMR_159","chr12",24714652,24717178,"GSE213478","Testis",0.0279560562826442
"DMR_160","chr6",127438426,127442679,"GSE213478","Blood",0.107785545069662
"DMR_160","chr6",127438426,127442679,"GSE213478","Breast",0.101427207159034
"DMR_160","chr6",127438426,127442679,"GSE213478","Colon",0.111942074453167
"DMR_160","chr6",127438426,127442679,"GSE213478","Kidney",0.0990858895275184
"DMR_160","chr6",127438426,127442679,"GSE213478","Lung",0.108426962642286
"DMR_160","chr6",127438426,127442679,"GSE213478","Muscle",0.0833854095655619
"DMR_160","chr6",127438426,127442679,"GSE213478","Ovary",0.102161220452004
"DMR_160","chr6",127438426,127442679,"GSE213478","Prostate",0.099260284782975
"DMR_160","chr6",127438426,127442679,"GSE213478","Testis",0.0737018476933562
"DMR_161","chr6",159588564,159591121,"GSE213478","Blood",0.26628179275774
"DMR_161","chr6",159588564,159591121,"GSE213478","Breast",0.335161984991605
"DMR_161","chr6",159588564,159591121,"GSE213478","Colon",0.265955240841157
"DMR_161","chr6",159588564,159591121,"GSE213478","Kidney",0.277149355838139
"DMR_161","chr6",159588564,159591121,"GSE213478","Lung",0.254204926236691
"DMR_161","chr6",159588564,159591121,"GSE213478","Muscle",0.348633820054843
"DMR_161","chr6",159588564,159591121,"GSE213478","Ovary",0.230367797584429
"DMR_161","chr6",159588564,159591121,"GSE213478","Prostate",0.315958946478862
"DMR_161","chr6",159588564,159591121,"GSE213478","Testis",0.180049956991078
"DMR_162","chr13",95362829,95366456,"GSE213478","Blood",0.0710259955753007
"DMR_162","chr13",95362829,95366456,"GSE213478","Breast",0.150552170422421
"DMR_162","chr13",95362829,95366456,"GSE213478","Colon",0.13514800318295
"DMR_162","chr13",95362829,95366456,"GSE213478","Kidney",0.0801453164950338
"DMR_162","chr13",95362829,95366456,"GSE213478","Lung",0.090447882331972
"DMR_162","chr13",95362829,95366456,"GSE213478","Muscle",0.0984111584665997
"DMR_162","chr13",95362829,95366456,"GSE213478","Ovary",0.0760539426368017
"DMR_162","chr13",95362829,95366456,"GSE213478","Prostate",0.106767253166221
"DMR_162","chr13",95362829,95366456,"GSE213478","Testis",0.0492650186248156
"DMR_163","chr13",96296144,96297326,"GSE213478","Blood",0.0821049540100455
"DMR_163","chr13",96296144,96297326,"GSE213478","Breast",0.0419977383147479
"DMR_163","chr13",96296144,96297326,"GSE213478","Colon",0.0814230866938414
"DMR_163","chr13",96296144,96297326,"GSE213478","Kidney",0.037804262809508
"DMR_163","chr13",96296144,96297326,"GSE213478","Lung",0.0631634768832484
"DMR_163","chr13",96296144,96297326,"GSE213478","Muscle",0.0263357893131831
"DMR_163","chr13",96296144,96297326,"GSE213478","Ovary",0.0230125096089476
"DMR_163","chr13",96296144,96297326,"GSE213478","Prostate",0.0678492107435896
"DMR_163","chr13",96296144,96297326,"GSE213478","Testis",0.0245784165485009
"DMR_164","chr3",140769274,140771786,"GSE213478","Blood",0.0596532482311833
"DMR_164","chr3",140769274,140771786,"GSE213478","Breast",0.0887432553058435
"DMR_164","chr3",140769274,140771786,"GSE213478","Colon",0.0943382506649581
"DMR_164","chr3",140769274,140771786,"GSE213478","Kidney",0.101283121272913
"DMR_164","chr3",140769274,140771786,"GSE213478","Lung",0.0680811964379513
"DMR_164","chr3",140769274,140771786,"GSE213478","Muscle",0.101307364091723
"DMR_164","chr3",140769274,140771786,"GSE213478","Ovary",0.0681581804563685
"DMR_164","chr3",140769274,140771786,"GSE213478","Prostate",0.0884774718760427
"DMR_164","chr3",140769274,140771786,"GSE213478","Testis",0.0543467629425602
"DMR_165","chr6",166421992,166422741,"GSE213478","Blood",0.0776218511712509
"DMR_165","chr6",166421992,166422741,"GSE213478","Breast",0.0512564579153625
"DMR_165","chr6",166421992,166422741,"GSE213478","Colon",0.0903153857224238
"DMR_165","chr6",166421992,166422741,"GSE213478","Kidney",0.0608336502389364
"DMR_165","chr6",166421992,166422741,"GSE213478","Lung",0.060553154756767
"DMR_165","chr6",166421992,166422741,"GSE213478","Muscle",0.0340728393689663
"DMR_165","chr6",166421992,166422741,"GSE213478","Ovary",0.0315414296128328
"DMR_165","chr6",166421992,166422741,"GSE213478","Prostate",0.0591918020350556
"DMR_165","chr6",166421992,166422741,"GSE213478","Testis",0.034131874372074
"DMR_166","chr9",133534961,133542125,"GSE213478","Blood",0.0620258149520917
"DMR_166","chr9",133534961,133542125,"GSE213478","Breast",0.0655120875733061
"DMR_166","chr9",133534961,133542125,"GSE213478","Colon",0.120853745663582
"DMR_166","chr9",133534961,133542125,"GSE213478","Kidney",0.0584168408527182
"DMR_166","chr9",133534961,133542125,"GSE213478","Lung",0.0593891426873872
"DMR_166","chr9",133534961,133542125,"GSE213478","Muscle",0.123551172782032
"DMR_166","chr9",133534961,133542125,"GSE213478","Ovary",0.0380172378073456
"DMR_166","chr9",133534961,133542125,"GSE213478","Prostate",0.0743819856431064
"DMR_166","chr9",133534961,133542125,"GSE213478","Testis",0.0412996674039444
"DMR_167","chr9",841067,843748,"GSE213478","Blood",0.0735681209581378
"DMR_167","chr9",841067,843748,"GSE213478","Breast",0.129191428836919
"DMR_167","chr9",841067,843748,"GSE213478","Colon",0.0843082059103279
"DMR_167","chr9",841067,843748,"GSE213478","Kidney",0.0795369097359189
"DMR_167","chr9",841067,843748,"GSE213478","Lung",0.0856897719371575
"DMR_167","chr9",841067,843748,"GSE213478","Muscle",0.115518349732622
"DMR_167","chr9",841067,843748,"GSE213478","Ovary",0.048444964349309
"DMR_167","chr9",841067,843748,"GSE213478","Prostate",0.116334125981065
"DMR_167","chr9",841067,843748,"GSE213478","Testis",0.0573456353652778
"DMR_168","chr18",5894665,5896267,"GSE213478","Blood",0.0663631954833489
"DMR_168","chr18",5894665,5896267,"GSE213478","Breast",0.0620164934516349
"DMR_168","chr18",5894665,5896267,"GSE213478","Colon",0.081067297499051
"DMR_168","chr18",5894665,5896267,"GSE213478","Kidney",0.0544006761947751
"DMR_168","chr18",5894665,5896267,"GSE213478","Lung",0.063768257820359
"DMR_168","chr18",5894665,5896267,"GSE213478","Muscle",0.0456078642475413
"DMR_168","chr18",5894665,5896267,"GSE213478","Ovary",0.0412316151712124
"DMR_168","chr18",5894665,5896267,"GSE213478","Prostate",0.0633577890684961
"DMR_168","chr18",5894665,5896267,"GSE213478","Testis",0.0435385863552388
"DMR_169","chr19",52900882,52901639,"GSE213478","Blood",0.0533537720566917
"DMR_169","chr19",52900882,52901639,"GSE213478","Breast",0.0341310351254332
"DMR_169","chr19",52900882,52901639,"GSE213478","Colon",0.0718417844818183
"DMR_169","chr19",52900882,52901639,"GSE213478","Kidney",0.036221233045448
"DMR_169","chr19",52900882,52901639,"GSE213478","Lung",0.0455257943684893
"DMR_169","chr19",52900882,52901639,"GSE213478","Muscle",0.0295311163617546
"DMR_169","chr19",52900882,52901639,"GSE213478","Ovary",0.033079860387159
"DMR_169","chr19",52900882,52901639,"GSE213478","Prostate",0.0377722437931288
"DMR_169","chr19",52900882,52901639,"GSE213478","Testis",0.0309500803485059
"DMR_170","chr20",24448346,24452131,"GSE213478","Blood",0.170849281574851
"DMR_170","chr20",24448346,24452131,"GSE213478","Breast",0.163949517689686
"DMR_170","chr20",24448346,24452131,"GSE213478","Colon",0.230984106651281
"DMR_170","chr20",24448346,24452131,"GSE213478","Kidney",0.200896284999047
"DMR_170","chr20",24448346,24452131,"GSE213478","Lung",0.15436252445494
"DMR_170","chr20",24448346,24452131,"GSE213478","Muscle",0.202688368829775
"DMR_170","chr20",24448346,24452131,"GSE213478","Ovary",0.174019079506891
"DMR_170","chr20",24448346,24452131,"GSE213478","Prostate",0.171223104372989
"DMR_170","chr20",24448346,24452131,"GSE213478","Testis",0.119001813577152
"DMR_171","chr12",133484026,133485856,"GSE213478","Blood",0.042527726037572
"DMR_171","chr12",133484026,133485856,"GSE213478","Breast",0.0263580778919921
"DMR_171","chr12",133484026,133485856,"GSE213478","Colon",0.0570421521097675
"DMR_171","chr12",133484026,133485856,"GSE213478","Kidney",0.0293537392104961
"DMR_171","chr12",133484026,133485856,"GSE213478","Lung",0.0358582674290708
"DMR_171","chr12",133484026,133485856,"GSE213478","Muscle",0.0253932196287457
"DMR_171","chr12",133484026,133485856,"GSE213478","Ovary",0.0240403385159191
"DMR_171","chr12",133484026,133485856,"GSE213478","Prostate",0.0321232103970713
"DMR_171","chr12",133484026,133485856,"GSE213478","Testis",0.0234093818773951
"DMR_172","chr8",70980488,70984917,"GSE213478","Blood",0.170961056295515
"DMR_172","chr8",70980488,70984917,"GSE213478","Breast",0.250256373743323
"DMR_172","chr8",70980488,70984917,"GSE213478","Colon",0.217525904306296
"DMR_172","chr8",70980488,70984917,"GSE213478","Kidney",0.250451979732094
"DMR_172","chr8",70980488,70984917,"GSE213478","Lung",0.187011725145803
"DMR_172","chr8",70980488,70984917,"GSE213478","Muscle",0.239919623617722
"DMR_172","chr8",70980488,70984917,"GSE213478","Ovary",0.183381302983485
"DMR_172","chr8",70980488,70984917,"GSE213478","Prostate",0.250801782575013
"DMR_172","chr8",70980488,70984917,"GSE213478","Testis",0.135169971572158
"DMR_173","chr7",43151168,43153950,"GSE213478","Blood",0.110881415188206
"DMR_173","chr7",43151168,43153950,"GSE213478","Breast",0.078392843984583
"DMR_173","chr7",43151168,43153950,"GSE213478","Colon",0.124280334478578
"DMR_173","chr7",43151168,43153950,"GSE213478","Kidney",0.0924121101177037
"DMR_173","chr7",43151168,43153950,"GSE213478","Lung",0.0967406226460913
"DMR_173","chr7",43151168,43153950,"GSE213478","Muscle",0.0561104979911118
"DMR_173","chr7",43151168,43153950,"GSE213478","Ovary",0.0498056752788742
"DMR_173","chr7",43151168,43153950,"GSE213478","Prostate",0.0763494302105304
"DMR_173","chr7",43151168,43153950,"GSE213478","Testis",0.0648983512430849
"DMR_174","chr11",503270,504937,"GSE213478","Blood",0.196932359946826
"DMR_174","chr11",503270,504937,"GSE213478","Breast",0.242377662430063
"DMR_174","chr11",503270,504937,"GSE213478","Colon",0.336232811709385
"DMR_174","chr11",503270,504937,"GSE213478","Kidney",0.53541576952475
"DMR_174","chr11",503270,504937,"GSE213478","Lung",0.296111532052639
"DMR_174","chr11",503270,504937,"GSE213478","Muscle",0.22621796804079
"DMR_174","chr11",503270,504937,"GSE213478","Ovary",0.251444114027553
"DMR_174","chr11",503270,504937,"GSE213478","Prostate",0.345189760224227
"DMR_174","chr11",503270,504937,"GSE213478","Testis",0.279437879086941
"DMR_175","chr5",1930801,1932098,"GSE213478","Blood",0.06066841242982
"DMR_175","chr5",1930801,1932098,"GSE213478","Breast",0.0649854049364142
"DMR_175","chr5",1930801,1932098,"GSE213478","Colon",0.128529730440919
"DMR_175","chr5",1930801,1932098,"GSE213478","Kidney",0.0755817177231932
"DMR_175","chr5",1930801,1932098,"GSE213478","Lung",0.0770908201585998
"DMR_175","chr5",1930801,1932098,"GSE213478","Muscle",0.0801631491565478
"DMR_175","chr5",1930801,1932098,"GSE213478","Ovary",0.0617569634716166
"DMR_175","chr5",1930801,1932098,"GSE213478","Prostate",0.0652053620387741
"DMR_175","chr5",1930801,1932098,"GSE213478","Testis",0.0378570211707206
"DMR_176","chr20",8111582,8113630,"GSE213478","Blood",0.154454878442812
"DMR_176","chr20",8111582,8113630,"GSE213478","Breast",0.154540945665947
"DMR_176","chr20",8111582,8113630,"GSE213478","Colon",0.184438641157942
"DMR_176","chr20",8111582,8113630,"GSE213478","Kidney",0.159184020088516
"DMR_176","chr20",8111582,8113630,"GSE213478","Lung",0.155193991732609
"DMR_176","chr20",8111582,8113630,"GSE213478","Muscle",0.15425363074252
"DMR_176","chr20",8111582,8113630,"GSE213478","Ovary",0.152903691807414
"DMR_176","chr20",8111582,8113630,"GSE213478","Prostate",0.150971419876897
"DMR_176","chr20",8111582,8113630,"GSE213478","Testis",0.101582499584592
"DMR_177","chr10",57389301,57391427,"GSE213478","Blood",0.0959379983450557
"DMR_177","chr10",57389301,57391427,"GSE213478","Breast",0.142038954417929
"DMR_177","chr10",57389301,57391427,"GSE213478","Colon",0.161755061759
"DMR_177","chr10",57389301,57391427,"GSE213478","Kidney",0.114653171193866
"DMR_177","chr10",57389301,57391427,"GSE213478","Lung",0.103033474515972
"DMR_177","chr10",57389301,57391427,"GSE213478","Muscle",0.102674717559088
"DMR_177","chr10",57389301,57391427,"GSE213478","Ovary",0.105792540381937
"DMR_177","chr10",57389301,57391427,"GSE213478","Prostate",0.133390446782868
"DMR_177","chr10",57389301,57391427,"GSE213478","Testis",0.0517096143924016
"DMR_178","chr11",24518149,24518726,"GSE213478","Blood",0.0723351420057743
"DMR_178","chr11",24518149,24518726,"GSE213478","Breast",0.0448835764687044
"DMR_178","chr11",24518149,24518726,"GSE213478","Colon",0.130796166656229
"DMR_178","chr11",24518149,24518726,"GSE213478","Kidney",0.0459282910310563
"DMR_178","chr11",24518149,24518726,"GSE213478","Lung",0.065691465952466
"DMR_178","chr11",24518149,24518726,"GSE213478","Muscle",0.0250003151993248
"DMR_178","chr11",24518149,24518726,"GSE213478","Ovary",0.0236149897561822
"DMR_178","chr11",24518149,24518726,"GSE213478","Prostate",0.0500855429736994
"DMR_178","chr11",24518149,24518726,"GSE213478","Testis",0.0251290687473879
"DMR_179","chr12",5018229,5021871,"GSE213478","Blood",0.19712570374157
"DMR_179","chr12",5018229,5021871,"GSE213478","Breast",0.208573859413422
"DMR_179","chr12",5018229,5021871,"GSE213478","Colon",0.222697304068275
"DMR_179","chr12",5018229,5021871,"GSE213478","Kidney",0.198658701314941
"DMR_179","chr12",5018229,5021871,"GSE213478","Lung",0.199280285435975
"DMR_179","chr12",5018229,5021871,"GSE213478","Muscle",0.196016407112405
"DMR_179","chr12",5018229,5021871,"GSE213478","Ovary",0.192645489150252
"DMR_179","chr12",5018229,5021871,"GSE213478","Prostate",0.198081536035128
"DMR_179","chr12",5018229,5021871,"GSE213478","Testis",0.105602642362028
"DMR_180","chr8",104510754,104514118,"GSE213478","Blood",0.0540314415358719
"DMR_180","chr8",104510754,104514118,"GSE213478","Breast",0.0489480751915204
"DMR_180","chr8",104510754,104514118,"GSE213478","Colon",0.0671420135070224
"DMR_180","chr8",104510754,104514118,"GSE213478","Kidney",0.05574590279405
"DMR_180","chr8",104510754,104514118,"GSE213478","Lung",0.0558629323998189
"DMR_180","chr8",104510754,104514118,"GSE213478","Muscle",0.0428919685994327
"DMR_180","chr8",104510754,104514118,"GSE213478","Ovary",0.0397930580425323
"DMR_180","chr8",104510754,104514118,"GSE213478","Prostate",0.0443117411135143
"DMR_180","chr8",104510754,104514118,"GSE213478","Testis",0.0399297931499633
"DMR_181","chr7",27140797,27148002,"GSE213478","Blood",0.667100081255634
"DMR_181","chr7",27140797,27148002,"GSE213478","Breast",0.478039034856105
"DMR_181","chr7",27140797,27148002,"GSE213478","Colon",0.503184011545208
"DMR_181","chr7",27140797,27148002,"GSE213478","Kidney",0.532429235302201
"DMR_181","chr7",27140797,27148002,"GSE213478","Lung",0.381295537919583
"DMR_181","chr7",27140797,27148002,"GSE213478","Muscle",0.761592799560786
"DMR_181","chr7",27140797,27148002,"GSE213478","Ovary",0.414244598445203
"DMR_181","chr7",27140797,27148002,"GSE213478","Prostate",0.797412713650668
"DMR_181","chr7",27140797,27148002,"GSE213478","Testis",0.187692328633892
"DMR_182","chr16",22824489,22826243,"GSE213478","Blood",0.0843594742968903
"DMR_182","chr16",22824489,22826243,"GSE213478","Breast",0.0631185796242263
"DMR_182","chr16",22824489,22826243,"GSE213478","Colon",0.135128026859818
"DMR_182","chr16",22824489,22826243,"GSE213478","Kidney",0.0651577841837529
"DMR_182","chr16",22824489,22826243,"GSE213478","Lung",0.0738054999066701
"DMR_182","chr16",22824489,22826243,"GSE213478","Muscle",0.0462786483770236
"DMR_182","chr16",22824489,22826243,"GSE213478","Ovary",0.0407302151853662
"DMR_182","chr16",22824489,22826243,"GSE213478","Prostate",0.0608028655096145
"DMR_182","chr16",22824489,22826243,"GSE213478","Testis",0.0375679298962314
"DMR_183","chr4",82135607,82136940,"GSE213478","Blood",0.0344457566664398
"DMR_183","chr4",82135607,82136940,"GSE213478","Breast",0.0534911952820341
"DMR_183","chr4",82135607,82136940,"GSE213478","Colon",0.0674417744664372
"DMR_183","chr4",82135607,82136940,"GSE213478","Kidney",0.0434844646736121
"DMR_183","chr4",82135607,82136940,"GSE213478","Lung",0.0367748157989104
"DMR_183","chr4",82135607,82136940,"GSE213478","Muscle",0.0286678566488581
"DMR_183","chr4",82135607,82136940,"GSE213478","Ovary",0.0320863297507327
"DMR_183","chr4",82135607,82136940,"GSE213478","Prostate",0.0643694447340273
"DMR_183","chr4",82135607,82136940,"GSE213478","Testis",0.0258509854918118
"DMR_184","chr6",73329475,73333620,"GSE213478","Blood",0.0523850584645702
"DMR_184","chr6",73329475,73333620,"GSE213478","Breast",0.144886332755393
"DMR_184","chr6",73329475,73333620,"GSE213478","Colon",0.0978034138277929
"DMR_184","chr6",73329475,73333620,"GSE213478","Kidney",0.0772149655541729
"DMR_184","chr6",73329475,73333620,"GSE213478","Lung",0.082227776463125
"DMR_184","chr6",73329475,73333620,"GSE213478","Muscle",0.0626638112356608
"DMR_184","chr6",73329475,73333620,"GSE213478","Ovary",0.0574441010619151
"DMR_184","chr6",73329475,73333620,"GSE213478","Prostate",0.212903327879201
"DMR_184","chr6",73329475,73333620,"GSE213478","Testis",0.0648626170792149
"DMR_185","chr10",91294781,91296457,"GSE213478","Blood",0.227831421931531
"DMR_185","chr10",91294781,91296457,"GSE213478","Breast",0.245017176485603
"DMR_185","chr10",91294781,91296457,"GSE213478","Colon",0.256917560786821
"DMR_185","chr10",91294781,91296457,"GSE213478","Kidney",0.221909438296891
"DMR_185","chr10",91294781,91296457,"GSE213478","Lung",0.228649098365128
"DMR_185","chr10",91294781,91296457,"GSE213478","Muscle",0.226526688161368
"DMR_185","chr10",91294781,91296457,"GSE213478","Ovary",0.215028027379914
"DMR_185","chr10",91294781,91296457,"GSE213478","Prostate",0.236946186495564
"DMR_185","chr10",91294781,91296457,"GSE213478","Testis",0.116344996774457
"DMR_186","chr14",63511872,63513359,"GSE213478","Blood",0.0681103580233625
"DMR_186","chr14",63511872,63513359,"GSE213478","Breast",0.0795499239307338
"DMR_186","chr14",63511872,63513359,"GSE213478","Colon",0.175441723746388
"DMR_186","chr14",63511872,63513359,"GSE213478","Kidney",0.0565408054185327
"DMR_186","chr14",63511872,63513359,"GSE213478","Lung",0.0682334856244701
"DMR_186","chr14",63511872,63513359,"GSE213478","Muscle",0.0412737189464911
"DMR_186","chr14",63511872,63513359,"GSE213478","Ovary",0.0428674770101992
"DMR_186","chr14",63511872,63513359,"GSE213478","Prostate",0.0774421157157892
"DMR_186","chr14",63511872,63513359,"GSE213478","Testis",0.0369812063052796
"DMR_187","chr14",97684259,97686001,"GSE213478","Blood",0.162980124181729
"DMR_187","chr14",97684259,97686001,"GSE213478","Breast",0.140278091865659
"DMR_187","chr14",97684259,97686001,"GSE213478","Colon",0.182012073148001
"DMR_187","chr14",97684259,97686001,"GSE213478","Kidney",0.151894341160754
"DMR_187","chr14",97684259,97686001,"GSE213478","Lung",0.139351872211448
"DMR_187","chr14",97684259,97686001,"GSE213478","Muscle",0.110931899134801
"DMR_187","chr14",97684259,97686001,"GSE213478","Ovary",0.107931224096212
"DMR_187","chr14",97684259,97686001,"GSE213478","Prostate",0.128597031746319
"DMR_187","chr14",97684259,97686001,"GSE213478","Testis",0.0722436719154841
"DMR_188","chr20",21491952,21498921,"GSE213478","Blood",0.098454519361435
"DMR_188","chr20",21491952,21498921,"GSE213478","Breast",0.18681077547129
"DMR_188","chr20",21491952,21498921,"GSE213478","Colon",0.186266394781249
"DMR_188","chr20",21491952,21498921,"GSE213478","Kidney",0.16070625938439
"DMR_188","chr20",21491952,21498921,"GSE213478","Lung",0.143225593427586
"DMR_188","chr20",21491952,21498921,"GSE213478","Muscle",0.174629761061504
"DMR_188","chr20",21491952,21498921,"GSE213478","Ovary",0.1558538041641
"DMR_188","chr20",21491952,21498921,"GSE213478","Prostate",0.175841984859263
"DMR_188","chr20",21491952,21498921,"GSE213478","Testis",0.0802480405969101
"DMR_189","chr19",15580010,15580721,"GSE213478","Blood",0.165466333842578
"DMR_189","chr19",15580010,15580721,"GSE213478","Breast",0.27106485207656
"DMR_189","chr19",15580010,15580721,"GSE213478","Colon",0.205592390670162
"DMR_189","chr19",15580010,15580721,"GSE213478","Kidney",0.179573430569247
"DMR_189","chr19",15580010,15580721,"GSE213478","Lung",0.17078965030191
"DMR_189","chr19",15580010,15580721,"GSE213478","Muscle",0.190157023230095
"DMR_189","chr19",15580010,15580721,"GSE213478","Ovary",0.136728432809141
"DMR_189","chr19",15580010,15580721,"GSE213478","Prostate",0.227399074607203
"DMR_189","chr19",15580010,15580721,"GSE213478","Testis",0.135820622403298
"DMR_190","chr3",129692836,129694665,"GSE213478","Blood",0.207626845806963
"DMR_190","chr3",129692836,129694665,"GSE213478","Breast",0.400288798337235
"DMR_190","chr3",129692836,129694665,"GSE213478","Colon",0.396825491763253
"DMR_190","chr3",129692836,129694665,"GSE213478","Kidney",0.314320704326484
"DMR_190","chr3",129692836,129694665,"GSE213478","Lung",0.274320747859808
"DMR_190","chr3",129692836,129694665,"GSE213478","Muscle",0.334754887596277
"DMR_190","chr3",129692836,129694665,"GSE213478","Ovary",0.309491213324058
"DMR_190","chr3",129692836,129694665,"GSE213478","Prostate",0.347803750074921
"DMR_190","chr3",129692836,129694665,"GSE213478","Testis",0.163856433516318
"DMR_191","chr3",24869928,24872319,"GSE213478","Blood",0.181108415280819
"DMR_191","chr3",24869928,24872319,"GSE213478","Breast",0.238842259478054
"DMR_191","chr3",24869928,24872319,"GSE213478","Colon",0.199396603282588
"DMR_191","chr3",24869928,24872319,"GSE213478","Kidney",0.203179481744121
"DMR_191","chr3",24869928,24872319,"GSE213478","Lung",0.190787827673179
"DMR_191","chr3",24869928,24872319,"GSE213478","Muscle",0.217943975209943
"DMR_191","chr3",24869928,24872319,"GSE213478","Ovary",0.164452690698034
"DMR_191","chr3",24869928,24872319,"GSE213478","Prostate",0.238364532709306
"DMR_191","chr3",24869928,24872319,"GSE213478","Testis",0.102523325417296
"DMR_192","chr16",56223970,56228901,"GSE213478","Blood",0.0508821285058213
"DMR_192","chr16",56223970,56228901,"GSE213478","Breast",0.0653412589593839
"DMR_192","chr16",56223970,56228901,"GSE213478","Colon",0.0970629399357327
"DMR_192","chr16",56223970,56228901,"GSE213478","Kidney",0.0610418794559139
"DMR_192","chr16",56223970,56228901,"GSE213478","Lung",0.0668085905548268
"DMR_192","chr16",56223970,56228901,"GSE213478","Muscle",0.0768281095793278
"DMR_192","chr16",56223970,56228901,"GSE213478","Ovary",0.0554937710803035
"DMR_192","chr16",56223970,56228901,"GSE213478","Prostate",0.0714450259200089
"DMR_192","chr16",56223970,56228901,"GSE213478","Testis",0.0563458322163253
"DMR_193","chr6",80656586,80658030,"GSE213478","Blood",0.0940156397118592
"DMR_193","chr6",80656586,80658030,"GSE213478","Breast",0.0895081892619279
"DMR_193","chr6",80656586,80658030,"GSE213478","Colon",0.0958105861415248
"DMR_193","chr6",80656586,80658030,"GSE213478","Kidney",0.0941450854483267
"DMR_193","chr6",80656586,80658030,"GSE213478","Lung",0.0994530694198685
"DMR_193","chr6",80656586,80658030,"GSE213478","Muscle",0.0852627559555855
"DMR_193","chr6",80656586,80658030,"GSE213478","Ovary",0.0703080292452168
"DMR_193","chr6",80656586,80658030,"GSE213478","Prostate",0.0870421441384273
"DMR_193","chr6",80656586,80658030,"GSE213478","Testis",0.053236457052818
"DMR_194","chr3",68056706,68057572,"GSE213478","Blood",0.180312394717139
"DMR_194","chr3",68056706,68057572,"GSE213478","Breast",0.14635046342885
"DMR_194","chr3",68056706,68057572,"GSE213478","Colon",0.190142994362108
"DMR_194","chr3",68056706,68057572,"GSE213478","Kidney",0.20990211269808
"DMR_194","chr3",68056706,68057572,"GSE213478","Lung",0.176380698127915
"DMR_194","chr3",68056706,68057572,"GSE213478","Muscle",0.11206574705073
"DMR_194","chr3",68056706,68057572,"GSE213478","Ovary",0.0559338233223297
"DMR_194","chr3",68056706,68057572,"GSE213478","Prostate",0.151833641859405
"DMR_194","chr3",68056706,68057572,"GSE213478","Testis",0.0717634290793827
"DMR_195","chr2",185462269,185463803,"GSE213478","Blood",0.0314129332736677
"DMR_195","chr2",185462269,185463803,"GSE213478","Breast",0.0628271527155825
"DMR_195","chr2",185462269,185463803,"GSE213478","Colon",0.069498089725242
"DMR_195","chr2",185462269,185463803,"GSE213478","Kidney",0.0501030231857508
"DMR_195","chr2",185462269,185463803,"GSE213478","Lung",0.0445416562754407
"DMR_195","chr2",185462269,185463803,"GSE213478","Muscle",0.0280828495309831
"DMR_195","chr2",185462269,185463803,"GSE213478","Ovary",0.0229617015395772
"DMR_195","chr2",185462269,185463803,"GSE213478","Prostate",0.0483751125651867
"DMR_195","chr2",185462269,185463803,"GSE213478","Testis",0.0236619555834913
"DMR_196","chr2",210636188,210636844,"GSE213478","Blood",0.0823617800508057
"DMR_196","chr2",210636188,210636844,"GSE213478","Breast",0.0597872631030743
"DMR_196","chr2",210636188,210636844,"GSE213478","Colon",0.18436145929154
"DMR_196","chr2",210636188,210636844,"GSE213478","Kidney",0.071419371651342
"DMR_196","chr2",210636188,210636844,"GSE213478","Lung",0.0935083179888505
"DMR_196","chr2",210636188,210636844,"GSE213478","Muscle",0.04996348765797
"DMR_196","chr2",210636188,210636844,"GSE213478","Ovary",0.0351359833145915
"DMR_196","chr2",210636188,210636844,"GSE213478","Prostate",0.0536531078676994
"DMR_196","chr2",210636188,210636844,"GSE213478","Testis",0.0331687245263546
"DMR_197","chr4",111549880,111555503,"GSE213478","Blood",0.0838559077976549
"DMR_197","chr4",111549880,111555503,"GSE213478","Breast",0.272709963400652
"DMR_197","chr4",111549880,111555503,"GSE213478","Colon",0.209745223312851
"DMR_197","chr4",111549880,111555503,"GSE213478","Kidney",0.094297830161176
"DMR_197","chr4",111549880,111555503,"GSE213478","Lung",0.088999173695578
"DMR_197","chr4",111549880,111555503,"GSE213478","Muscle",0.578263630591752
"DMR_197","chr4",111549880,111555503,"GSE213478","Ovary",0.0730527239083603
"DMR_197","chr4",111549880,111555503,"GSE213478","Prostate",0.203137878309962
"DMR_197","chr4",111549880,111555503,"GSE213478","Testis",0.0575421254339872
"DMR_198","chr8",72752888,72758701,"GSE213478","Blood",0.14687052717661
"DMR_198","chr8",72752888,72758701,"GSE213478","Breast",0.219396714107865
"DMR_198","chr8",72752888,72758701,"GSE213478","Colon",0.201290403495024
"DMR_198","chr8",72752888,72758701,"GSE213478","Kidney",0.18526225127654
"DMR_198","chr8",72752888,72758701,"GSE213478","Lung",0.157624137072467
"DMR_198","chr8",72752888,72758701,"GSE213478","Muscle",0.157317640769399
"DMR_198","chr8",72752888,72758701,"GSE213478","Ovary",0.261696831441172
"DMR_198","chr8",72752888,72758701,"GSE213478","Prostate",0.164180404797199
"DMR_198","chr8",72752888,72758701,"GSE213478","Testis",0.0974119564136293
"DMR_199","chr7",155241490,155244727,"GSE213478","Blood",0.0542956386875368
"DMR_199","chr7",155241490,155244727,"GSE213478","Breast",0.0695812701562893
"DMR_199","chr7",155241490,155244727,"GSE213478","Colon",0.0927588072118053
"DMR_199","chr7",155241490,155244727,"GSE213478","Kidney",0.0638225732968992
"DMR_199","chr7",155241490,155244727,"GSE213478","Lung",0.0539394661742943
"DMR_199","chr7",155241490,155244727,"GSE213478","Muscle",0.0507822597349454
"DMR_199","chr7",155241490,155244727,"GSE213478","Ovary",0.0406530732756708
"DMR_199","chr7",155241490,155244727,"GSE213478","Prostate",0.0666867319553223
"DMR_199","chr7",155241490,155244727,"GSE213478","Testis",0.0451571513129432
"DMR_200","chr12",106978920,106981513,"GSE213478","Blood",0.0536646464036847
"DMR_200","chr12",106978920,106981513,"GSE213478","Breast",0.0690092018485135
"DMR_200","chr12",106978920,106981513,"GSE213478","Colon",0.113073312276245
"DMR_200","chr12",106978920,106981513,"GSE213478","Kidney",0.0669051940910096
"DMR_200","chr12",106978920,106981513,"GSE213478","Lung",0.0474171959708161
"DMR_200","chr12",106978920,106981513,"GSE213478","Muscle",0.330715235388713
"DMR_200","chr12",106978920,106981513,"GSE213478","Ovary",0.0329205862731472
"DMR_200","chr12",106978920,106981513,"GSE213478","Prostate",0.0928895852071019
"DMR_200","chr12",106978920,106981513,"GSE213478","Testis",0.0344094497975986
"DMR_201","chr4",107955762,107958805,"GSE213478","Blood",0.0763620999538578
"DMR_201","chr4",107955762,107958805,"GSE213478","Breast",0.0701125804355102
"DMR_201","chr4",107955762,107958805,"GSE213478","Colon",0.146166699453752
"DMR_201","chr4",107955762,107958805,"GSE213478","Kidney",0.0772564255097265
"DMR_201","chr4",107955762,107958805,"GSE213478","Lung",0.0904639327171642
"DMR_201","chr4",107955762,107958805,"GSE213478","Muscle",0.0484799342457103
"DMR_201","chr4",107955762,107958805,"GSE213478","Ovary",0.0452428042123319
"DMR_201","chr4",107955762,107958805,"GSE213478","Prostate",0.0735026919736934
"DMR_201","chr4",107955762,107958805,"GSE213478","Testis",0.0292904637983922
"DMR_202","chr8",54789207,54795315,"GSE213478","Blood",0.052102931938117
"DMR_202","chr8",54789207,54795315,"GSE213478","Breast",0.0870155349377906
"DMR_202","chr8",54789207,54795315,"GSE213478","Colon",0.0793369515177697
"DMR_202","chr8",54789207,54795315,"GSE213478","Kidney",0.0593896960476844
"DMR_202","chr8",54789207,54795315,"GSE213478","Lung",0.0560134424135263
"DMR_202","chr8",54789207,54795315,"GSE213478","Muscle",0.0563752743607829
"DMR_202","chr8",54789207,54795315,"GSE213478","Ovary",0.0453000131381747
"DMR_202","chr8",54789207,54795315,"GSE213478","Prostate",0.0669419913271457
"DMR_202","chr8",54789207,54795315,"GSE213478","Testis",0.0471379782570128
"DMR_203","chr16",3233068,3234346,"GSE213478","Blood",0.0497597049553732
"DMR_203","chr16",3233068,3234346,"GSE213478","Breast",0.0630494272290186
"DMR_203","chr16",3233068,3234346,"GSE213478","Colon",0.124937393477781
"DMR_203","chr16",3233068,3234346,"GSE213478","Kidney",0.0538146950291359
"DMR_203","chr16",3233068,3234346,"GSE213478","Lung",0.054041734157464
"DMR_203","chr16",3233068,3234346,"GSE213478","Muscle",0.0538180207244157
"DMR_203","chr16",3233068,3234346,"GSE213478","Ovary",0.0359212715277214
"DMR_203","chr16",3233068,3234346,"GSE213478","Prostate",0.0571820187582195
"DMR_203","chr16",3233068,3234346,"GSE213478","Testis",0.035182809372248
"DMR_204","chr13",112758379,112763963,"GSE213478","Blood",0.21472519800636
"DMR_204","chr13",112758379,112763963,"GSE213478","Breast",0.176637861636478
"DMR_204","chr13",112758379,112763963,"GSE213478","Colon",0.292735867739461
"DMR_204","chr13",112758379,112763963,"GSE213478","Kidney",0.174667655224081
"DMR_204","chr13",112758379,112763963,"GSE213478","Lung",0.197535201158271
"DMR_204","chr13",112758379,112763963,"GSE213478","Muscle",0.179892415111596
"DMR_204","chr13",112758379,112763963,"GSE213478","Ovary",0.14939108393146
"DMR_204","chr13",112758379,112763963,"GSE213478","Prostate",0.219632586451033
"DMR_204","chr13",112758379,112763963,"GSE213478","Testis",0.141937826288617
"DMR_205","chr1",4714008,4716554,"GSE213478","Blood",0.0406561759888049
"DMR_205","chr1",4714008,4716554,"GSE213478","Breast",0.0487775898710308
"DMR_205","chr1",4714008,4716554,"GSE213478","Colon",0.170577947909932
"DMR_205","chr1",4714008,4716554,"GSE213478","Kidney",0.0373975562082772
"DMR_205","chr1",4714008,4716554,"GSE213478","Lung",0.0376632099448297
"DMR_205","chr1",4714008,4716554,"GSE213478","Muscle",0.022089477035483
"DMR_205","chr1",4714008,4716554,"GSE213478","Ovary",0.0219270591133128
"DMR_205","chr1",4714008,4716554,"GSE213478","Prostate",0.0353683397189327
"DMR_205","chr1",4714008,4716554,"GSE213478","Testis",0.024874328510417
"DMR_206","chr1",14923736,14926521,"GSE213478","Blood",0.140742575247876
"DMR_206","chr1",14923736,14926521,"GSE213478","Breast",0.22278118732764
"DMR_206","chr1",14923736,14926521,"GSE213478","Colon",0.289901545028625
"DMR_206","chr1",14923736,14926521,"GSE213478","Kidney",0.219961189514111
"DMR_206","chr1",14923736,14926521,"GSE213478","Lung",0.191251295600137
"DMR_206","chr1",14923736,14926521,"GSE213478","Muscle",0.256543914049856
"DMR_206","chr1",14923736,14926521,"GSE213478","Ovary",0.247437082971042
"DMR_206","chr1",14923736,14926521,"GSE213478","Prostate",0.226499695759924
"DMR_206","chr1",14923736,14926521,"GSE213478","Testis",0.162497036287439
"DMR_207","chr11",94500612,94502879,"GSE213478","Blood",0.197804773775007
"DMR_207","chr11",94500612,94502879,"GSE213478","Breast",0.169201710794565
"DMR_207","chr11",94500612,94502879,"GSE213478","Colon",0.175129590370626
"DMR_207","chr11",94500612,94502879,"GSE213478","Kidney",0.179394641260694
"DMR_207","chr11",94500612,94502879,"GSE213478","Lung",0.139438286183982
"DMR_207","chr11",94500612,94502879,"GSE213478","Muscle",0.160105343986346
"DMR_207","chr11",94500612,94502879,"GSE213478","Ovary",0.144058536420404
"DMR_207","chr11",94500612,94502879,"GSE213478","Prostate",0.112164125842518
"DMR_207","chr11",94500612,94502879,"GSE213478","Testis",0.118111713446361
"DMR_208","chr3",44063315,44063832,"GSE213478","Blood",0.0501065904007748
"DMR_208","chr3",44063315,44063832,"GSE213478","Breast",0.0611179061005223
"DMR_208","chr3",44063315,44063832,"GSE213478","Colon",0.0891876381068448
"DMR_208","chr3",44063315,44063832,"GSE213478","Kidney",0.0646316547727329
"DMR_208","chr3",44063315,44063832,"GSE213478","Lung",0.196762557849999
"DMR_208","chr3",44063315,44063832,"GSE213478","Muscle",0.0706305746878962
"DMR_208","chr3",44063315,44063832,"GSE213478","Ovary",0.0510590431479806
"DMR_208","chr3",44063315,44063832,"GSE213478","Prostate",0.0843746523292594
"DMR_208","chr3",44063315,44063832,"GSE213478","Testis",0.0550843240420676
"DMR_209","chr10",26503187,26507383,"GSE213478","Blood",0.0605824196200396
"DMR_209","chr10",26503187,26507383,"GSE213478","Breast",0.0880339263526989
"DMR_209","chr10",26503187,26507383,"GSE213478","Colon",0.121657238076704
"DMR_209","chr10",26503187,26507383,"GSE213478","Kidney",0.0775681989398411
"DMR_209","chr10",26503187,26507383,"GSE213478","Lung",0.0603809470281479
"DMR_209","chr10",26503187,26507383,"GSE213478","Muscle",0.0447277241616995
"DMR_209","chr10",26503187,26507383,"GSE213478","Ovary",0.0435307517321073
"DMR_209","chr10",26503187,26507383,"GSE213478","Prostate",0.0807212046432647
"DMR_209","chr10",26503187,26507383,"GSE213478","Testis",0.0595172042474211
"DMR_210","chr20",21487412,21490665,"GSE213478","Blood",0.134334154060237
"DMR_210","chr20",21487412,21490665,"GSE213478","Breast",0.114676607932235
"DMR_210","chr20",21487412,21490665,"GSE213478","Colon",0.160492923777791
"DMR_210","chr20",21487412,21490665,"GSE213478","Kidney",0.117434386622437
"DMR_210","chr20",21487412,21490665,"GSE213478","Lung",0.126088104823612
"DMR_210","chr20",21487412,21490665,"GSE213478","Muscle",0.0852317588592027
"DMR_210","chr20",21487412,21490665,"GSE213478","Ovary",0.0677939058886342
"DMR_210","chr20",21487412,21490665,"GSE213478","Prostate",0.115636277822571
"DMR_210","chr20",21487412,21490665,"GSE213478","Testis",0.0474817462127375
"DMR_211","chr7",21582064,21584483,"GSE213478","Blood",0.325362587990405
"DMR_211","chr7",21582064,21584483,"GSE213478","Breast",0.263252685069841
"DMR_211","chr7",21582064,21584483,"GSE213478","Colon",0.307978652955963
"DMR_211","chr7",21582064,21584483,"GSE213478","Kidney",0.287412333144413
"DMR_211","chr7",21582064,21584483,"GSE213478","Lung",0.286524095591434
"DMR_211","chr7",21582064,21584483,"GSE213478","Muscle",0.250453036828942
"DMR_211","chr7",21582064,21584483,"GSE213478","Ovary",0.22676260600346
"DMR_211","chr7",21582064,21584483,"GSE213478","Prostate",0.247950641674998
"DMR_211","chr7",21582064,21584483,"GSE213478","Testis",0.135378887941589
"DMR_212","chr14",23834477,23836047,"GSE213478","Blood",0.30048165850979
"DMR_212","chr14",23834477,23836047,"GSE213478","Breast",0.116182841935271
"DMR_212","chr14",23834477,23836047,"GSE213478","Colon",0.244240250279307
"DMR_212","chr14",23834477,23836047,"GSE213478","Kidney",0.195404945547643
"DMR_212","chr14",23834477,23836047,"GSE213478","Lung",0.176470767069332
"DMR_212","chr14",23834477,23836047,"GSE213478","Muscle",0.196171774505548
"DMR_212","chr14",23834477,23836047,"GSE213478","Ovary",0.0700577863427419
"DMR_212","chr14",23834477,23836047,"GSE213478","Prostate",0.132365184985573
"DMR_212","chr14",23834477,23836047,"GSE213478","Testis",0.100663909598728
"DMR_213","chr14",57282784,57284528,"GSE213478","Blood",0.0827105074177559
"DMR_213","chr14",57282784,57284528,"GSE213478","Breast",0.0929943717869311
"DMR_213","chr14",57282784,57284528,"GSE213478","Colon",0.127474969368531
"DMR_213","chr14",57282784,57284528,"GSE213478","Kidney",0.074823226854852
"DMR_213","chr14",57282784,57284528,"GSE213478","Lung",0.075615934331533
"DMR_213","chr14",57282784,57284528,"GSE213478","Muscle",0.0735452543757902
"DMR_213","chr14",57282784,57284528,"GSE213478","Ovary",0.0473919482930107
"DMR_213","chr14",57282784,57284528,"GSE213478","Prostate",0.0934882789456609
"DMR_213","chr14",57282784,57284528,"GSE213478","Testis",0.043530652065962
"DMR_214","chr1",119526060,119532925,"GSE213478","Blood",0.112017723202653
"DMR_214","chr1",119526060,119532925,"GSE213478","Breast",0.294660721675245
"DMR_214","chr1",119526060,119532925,"GSE213478","Colon",0.242376521209796
"DMR_214","chr1",119526060,119532925,"GSE213478","Kidney",0.221977183864606
"DMR_214","chr1",119526060,119532925,"GSE213478","Lung",0.188985309216015
"DMR_214","chr1",119526060,119532925,"GSE213478","Muscle",0.399125525175059
"DMR_214","chr1",119526060,119532925,"GSE213478","Ovary",0.195799249960107
"DMR_214","chr1",119526060,119532925,"GSE213478","Prostate",0.227330754279902
"DMR_214","chr1",119526060,119532925,"GSE213478","Testis",0.133483255917843
"DMR_215","chr10",106398816,106402908,"GSE213478","Blood",0.0760849666307328
"DMR_215","chr10",106398816,106402908,"GSE213478","Breast",0.0593172850164394
"DMR_215","chr10",106398816,106402908,"GSE213478","Colon",0.149546395679343
"DMR_215","chr10",106398816,106402908,"GSE213478","Kidney",0.0664863198316651
"DMR_215","chr10",106398816,106402908,"GSE213478","Lung",0.0675331521674009
"DMR_215","chr10",106398816,106402908,"GSE213478","Muscle",0.0449871706873776
"DMR_215","chr10",106398816,106402908,"GSE213478","Ovary",0.0398616531005521
"DMR_215","chr10",106398816,106402908,"GSE213478","Prostate",0.0679842674943395
"DMR_215","chr10",106398816,106402908,"GSE213478","Testis",0.0385832756373545
"DMR_216","chr19",56879036,56880388,"GSE213478","Blood",0.267081725945869
"DMR_216","chr19",56879036,56880388,"GSE213478","Breast",0.198451157232771
"DMR_216","chr19",56879036,56880388,"GSE213478","Colon",0.271470565712293
"DMR_216","chr19",56879036,56880388,"GSE213478","Kidney",0.187881596995719
"DMR_216","chr19",56879036,56880388,"GSE213478","Lung",0.23488101662712
"DMR_216","chr19",56879036,56880388,"GSE213478","Muscle",0.175307448836186
"DMR_216","chr19",56879036,56880388,"GSE213478","Ovary",0.192296627657424
"DMR_216","chr19",56879036,56880388,"GSE213478","Prostate",0.195578761718858
"DMR_216","chr19",56879036,56880388,"GSE213478","Testis",0.122914914830899
"DMR_217","chr13",96204265,96206104,"GSE213478","Blood",0.220345011872722
"DMR_217","chr13",96204265,96206104,"GSE213478","Breast",0.299741863887608
"DMR_217","chr13",96204265,96206104,"GSE213478","Colon",0.282526210790975
"DMR_217","chr13",96204265,96206104,"GSE213478","Kidney",0.438178376607902
"DMR_217","chr13",96204265,96206104,"GSE213478","Lung",0.246951481368672
"DMR_217","chr13",96204265,96206104,"GSE213478","Muscle",0.328972675213062
"DMR_217","chr13",96204265,96206104,"GSE213478","Ovary",0.243046116155444
"DMR_217","chr13",96204265,96206104,"GSE213478","Prostate",0.291088300510039
"DMR_217","chr13",96204265,96206104,"GSE213478","Testis",0.14582937286173
"DMR_218","chr11",69631981,69635508,"GSE213478","Blood",0.103022918272407
"DMR_218","chr11",69631981,69635508,"GSE213478","Breast",0.0926113153006897
"DMR_218","chr11",69631981,69635508,"GSE213478","Colon",0.150437946386184
"DMR_218","chr11",69631981,69635508,"GSE213478","Kidney",0.0801128403817947
"DMR_218","chr11",69631981,69635508,"GSE213478","Lung",0.0843116275296944
"DMR_218","chr11",69631981,69635508,"GSE213478","Muscle",0.0674650237969454
"DMR_218","chr11",69631981,69635508,"GSE213478","Ovary",0.0586201733218094
"DMR_218","chr11",69631981,69635508,"GSE213478","Prostate",0.0880040143043439
"DMR_218","chr11",69631981,69635508,"GSE213478","Testis",0.0630850183126891
"DMR_219","chr3",154796045,154798648,"GSE213478","Blood",0.123844434669883
"DMR_219","chr3",154796045,154798648,"GSE213478","Breast",0.117987389873639
"DMR_219","chr3",154796045,154798648,"GSE213478","Colon",0.137338092460916
"DMR_219","chr3",154796045,154798648,"GSE213478","Kidney",0.116540260995559
"DMR_219","chr3",154796045,154798648,"GSE213478","Lung",0.130158857155152
"DMR_219","chr3",154796045,154798648,"GSE213478","Muscle",0.142865172865735
"DMR_219","chr3",154796045,154798648,"GSE213478","Ovary",0.0907017742787493
"DMR_219","chr3",154796045,154798648,"GSE213478","Prostate",0.134016604961119
"DMR_219","chr3",154796045,154798648,"GSE213478","Testis",0.0698084333701969
"DMR_220","chr7",137531173,137533035,"GSE213478","Blood",0.0962357258568855
"DMR_220","chr7",137531173,137533035,"GSE213478","Breast",0.11305670976732
"DMR_220","chr7",137531173,137533035,"GSE213478","Colon",0.195154411706163
"DMR_220","chr7",137531173,137533035,"GSE213478","Kidney",0.12187788361416
"DMR_220","chr7",137531173,137533035,"GSE213478","Lung",0.088717728541028
"DMR_220","chr7",137531173,137533035,"GSE213478","Muscle",0.113370336278079
"DMR_220","chr7",137531173,137533035,"GSE213478","Ovary",0.0821124821230949
"DMR_220","chr7",137531173,137533035,"GSE213478","Prostate",0.117309141920104
"DMR_220","chr7",137531173,137533035,"GSE213478","Testis",0.05791008568421
"DMR_221","chr14",48143434,48145588,"GSE213478","Blood",0.0608568999601575
"DMR_221","chr14",48143434,48145588,"GSE213478","Breast",0.0509041342625436
"DMR_221","chr14",48143434,48145588,"GSE213478","Colon",0.184296327941076
"DMR_221","chr14",48143434,48145588,"GSE213478","Kidney",0.0469349190341982
"DMR_221","chr14",48143434,48145588,"GSE213478","Lung",0.0576496694947831
"DMR_221","chr14",48143434,48145588,"GSE213478","Muscle",0.0297114184374578
"DMR_221","chr14",48143434,48145588,"GSE213478","Ovary",0.0290469773085114
"DMR_221","chr14",48143434,48145588,"GSE213478","Prostate",0.0568519561149661
"DMR_221","chr14",48143434,48145588,"GSE213478","Testis",0.0301885854794963
"DMR_222","chr14",57263369,57266029,"GSE213478","Blood",0.133700569872972
"DMR_222","chr14",57263369,57266029,"GSE213478","Breast",0.191622021806957
"DMR_222","chr14",57263369,57266029,"GSE213478","Colon",0.20137636761292
"DMR_222","chr14",57263369,57266029,"GSE213478","Kidney",0.217607895585361
"DMR_222","chr14",57263369,57266029,"GSE213478","Lung",0.156054497627775
"DMR_222","chr14",57263369,57266029,"GSE213478","Muscle",0.26282508371022
"DMR_222","chr14",57263369,57266029,"GSE213478","Ovary",0.12419222694529
"DMR_222","chr14",57263369,57266029,"GSE213478","Prostate",0.202864613751534
"DMR_222","chr14",57263369,57266029,"GSE213478","Testis",0.0963703898918614
"DMR_223","chr10",50816058,50818911,"GSE213478","Blood",0.114035567247974
"DMR_223","chr10",50816058,50818911,"GSE213478","Breast",0.0929982342598726
"DMR_223","chr10",50816058,50818911,"GSE213478","Colon",0.180567307758964
"DMR_223","chr10",50816058,50818911,"GSE213478","Kidney",0.0932055148012959
"DMR_223","chr10",50816058,50818911,"GSE213478","Lung",0.102240527300041
"DMR_223","chr10",50816058,50818911,"GSE213478","Muscle",0.0658260741368971
"DMR_223","chr10",50816058,50818911,"GSE213478","Ovary",0.0656451920422493
"DMR_223","chr10",50816058,50818911,"GSE213478","Prostate",0.0981005687506733
"DMR_223","chr10",50816058,50818911,"GSE213478","Testis",0.0760872032398993
"DMR_224","chr7",19145530,19148187,"GSE213478","Blood",0.0793789904101469
"DMR_224","chr7",19145530,19148187,"GSE213478","Breast",0.115673088540532
"DMR_224","chr7",19145530,19148187,"GSE213478","Colon",0.215149873326278
"DMR_224","chr7",19145530,19148187,"GSE213478","Kidney",0.122778379968884
"DMR_224","chr7",19145530,19148187,"GSE213478","Lung",0.0876906615784264
"DMR_224","chr7",19145530,19148187,"GSE213478","Muscle",0.136052871508578
"DMR_224","chr7",19145530,19148187,"GSE213478","Ovary",0.176587069209989
"DMR_224","chr7",19145530,19148187,"GSE213478","Prostate",0.196030144506033
"DMR_224","chr7",19145530,19148187,"GSE213478","Testis",0.09702583688596
"DMR_225","chr12",41085286,41087584,"GSE213478","Blood",0.179648977222461
"DMR_225","chr12",41085286,41087584,"GSE213478","Breast",0.0999986618107285
"DMR_225","chr12",41085286,41087584,"GSE213478","Colon",0.172982312245798
"DMR_225","chr12",41085286,41087584,"GSE213478","Kidney",0.102812062338728
"DMR_225","chr12",41085286,41087584,"GSE213478","Lung",0.126528477155222
"DMR_225","chr12",41085286,41087584,"GSE213478","Muscle",0.0739598716760376
"DMR_225","chr12",41085286,41087584,"GSE213478","Ovary",0.0732323815650507
"DMR_225","chr12",41085286,41087584,"GSE213478","Prostate",0.116652879095518
"DMR_225","chr12",41085286,41087584,"GSE213478","Testis",0.0481957280179762
"DMR_226","chr16",10274064,10277505,"GSE213478","Blood",0.0732664695518702
"DMR_226","chr16",10274064,10277505,"GSE213478","Breast",0.0993675549579914
"DMR_226","chr16",10274064,10277505,"GSE213478","Colon",0.11601377776953
"DMR_226","chr16",10274064,10277505,"GSE213478","Kidney",0.0727670917076215
"DMR_226","chr16",10274064,10277505,"GSE213478","Lung",0.0720940871608009
"DMR_226","chr16",10274064,10277505,"GSE213478","Muscle",0.0531610828817178
"DMR_226","chr16",10274064,10277505,"GSE213478","Ovary",0.0660126525204663
"DMR_226","chr16",10274064,10277505,"GSE213478","Prostate",0.0659560540265194
"DMR_226","chr16",10274064,10277505,"GSE213478","Testis",0.0441352760223162
"DMR_227","chr7",19812327,19813525,"GSE213478","Blood",0.124972120781233
"DMR_227","chr7",19812327,19813525,"GSE213478","Breast",0.119825025803124
"DMR_227","chr7",19812327,19813525,"GSE213478","Colon",0.169302812316916
"DMR_227","chr7",19812327,19813525,"GSE213478","Kidney",0.100300002369268
"DMR_227","chr7",19812327,19813525,"GSE213478","Lung",0.113775674432986
"DMR_227","chr7",19812327,19813525,"GSE213478","Muscle",0.0955800833777161
"DMR_227","chr7",19812327,19813525,"GSE213478","Ovary",0.0905470362112337
"DMR_227","chr7",19812327,19813525,"GSE213478","Prostate",0.120309424911698
"DMR_227","chr7",19812327,19813525,"GSE213478","Testis",0.0857567369502729
"DMR_228","chr5",1878499,1888218,"GSE213478","Blood",0.110707901059236
"DMR_228","chr5",1878499,1888218,"GSE213478","Breast",0.191264252537361
"DMR_228","chr5",1878499,1888218,"GSE213478","Colon",0.215438624080038
"DMR_228","chr5",1878499,1888218,"GSE213478","Kidney",0.137879802759369
"DMR_228","chr5",1878499,1888218,"GSE213478","Lung",0.104270738779236
"DMR_228","chr5",1878499,1888218,"GSE213478","Muscle",0.211672431754313
"DMR_228","chr5",1878499,1888218,"GSE213478","Ovary",0.0756932542736422
"DMR_228","chr5",1878499,1888218,"GSE213478","Prostate",0.237350536313931
"DMR_228","chr5",1878499,1888218,"GSE213478","Testis",0.083121392290795
"DMR_229","chr3",179754239,179755696,"GSE213478","Blood",0.109215241803772
"DMR_229","chr3",179754239,179755696,"GSE213478","Breast",0.113521315230723
"DMR_229","chr3",179754239,179755696,"GSE213478","Colon",0.195735671576642
"DMR_229","chr3",179754239,179755696,"GSE213478","Kidney",0.116182411766956
"DMR_229","chr3",179754239,179755696,"GSE213478","Lung",0.111618017136911
"DMR_229","chr3",179754239,179755696,"GSE213478","Muscle",0.0991121278778056
"DMR_229","chr3",179754239,179755696,"GSE213478","Ovary",0.103247706795593
"DMR_229","chr3",179754239,179755696,"GSE213478","Prostate",0.109905318265813
"DMR_229","chr3",179754239,179755696,"GSE213478","Testis",0.0727672887527161
"DMR_230","chr20",37351841,37358077,"GSE213478","Blood",0.0705588333222909
"DMR_230","chr20",37351841,37358077,"GSE213478","Breast",0.0750236124204483
"DMR_230","chr20",37351841,37358077,"GSE213478","Colon",0.163048275108412
"DMR_230","chr20",37351841,37358077,"GSE213478","Kidney",0.0809459219020804
"DMR_230","chr20",37351841,37358077,"GSE213478","Lung",0.0694372988180589
"DMR_230","chr20",37351841,37358077,"GSE213478","Muscle",0.0497557841407371
"DMR_230","chr20",37351841,37358077,"GSE213478","Ovary",0.0418742820582825
"DMR_230","chr20",37351841,37358077,"GSE213478","Prostate",0.0723996304036999
"DMR_230","chr20",37351841,37358077,"GSE213478","Testis",0.0400368806950494
"DMR_231","chr21",27010160,27012878,"GSE213478","Blood",0.170100256124047
"DMR_231","chr21",27010160,27012878,"GSE213478","Breast",0.154177427607985
"DMR_231","chr21",27010160,27012878,"GSE213478","Colon",0.143373663191394
"DMR_231","chr21",27010160,27012878,"GSE213478","Kidney",0.135004570980635
"DMR_231","chr21",27010160,27012878,"GSE213478","Lung",0.157859262815221
"DMR_231","chr21",27010160,27012878,"GSE213478","Muscle",0.123014979242483
"DMR_231","chr21",27010160,27012878,"GSE213478","Ovary",0.0931728086772201
"DMR_231","chr21",27010160,27012878,"GSE213478","Prostate",0.145374644107831
"DMR_231","chr21",27010160,27012878,"GSE213478","Testis",0.122912814402287
"DMR_232","chr20",2780114,2782348,"GSE213478","Blood",0.0566626710518771
"DMR_232","chr20",2780114,2782348,"GSE213478","Breast",0.135250991463649
"DMR_232","chr20",2780114,2782348,"GSE213478","Colon",0.130829347648321
"DMR_232","chr20",2780114,2782348,"GSE213478","Kidney",0.158422988569814
"DMR_232","chr20",2780114,2782348,"GSE213478","Lung",0.0941738126450674
"DMR_232","chr20",2780114,2782348,"GSE213478","Muscle",0.117797655138089
"DMR_232","chr20",2780114,2782348,"GSE213478","Ovary",0.195651236316586
"DMR_232","chr20",2780114,2782348,"GSE213478","Prostate",0.124327340725616
"DMR_232","chr20",2780114,2782348,"GSE213478","Testis",0.136532240943741
"DMR_233","chr11",15135329,15136688,"GSE213478","Blood",0.230781547127383
"DMR_233","chr11",15135329,15136688,"GSE213478","Breast",0.248840474041347
"DMR_233","chr11",15135329,15136688,"GSE213478","Colon",0.300257743874586
"DMR_233","chr11",15135329,15136688,"GSE213478","Kidney",0.251828159191922
"DMR_233","chr11",15135329,15136688,"GSE213478","Lung",0.248242358063061
"DMR_233","chr11",15135329,15136688,"GSE213478","Muscle",0.240373187118738
"DMR_233","chr11",15135329,15136688,"GSE213478","Ovary",0.237690976050223
"DMR_233","chr11",15135329,15136688,"GSE213478","Prostate",0.255662855881454
"DMR_233","chr11",15135329,15136688,"GSE213478","Testis",0.179503973452956
"DMR_234","chr16",3354260,3356149,"GSE213478","Blood",0.191310065434388
"DMR_234","chr16",3354260,3356149,"GSE213478","Breast",0.162648985414244
"DMR_234","chr16",3354260,3356149,"GSE213478","Colon",0.221594602265182
"DMR_234","chr16",3354260,3356149,"GSE213478","Kidney",0.175519068823606
"DMR_234","chr16",3354260,3356149,"GSE213478","Lung",0.186979325705167
"DMR_234","chr16",3354260,3356149,"GSE213478","Muscle",0.156978520426539
"DMR_234","chr16",3354260,3356149,"GSE213478","Ovary",0.147482327811948
"DMR_234","chr16",3354260,3356149,"GSE213478","Prostate",0.167453812918364
"DMR_234","chr16",3354260,3356149,"GSE213478","Testis",0.0847177270109208
"DMR_1","chr19",37997105,37998171,"GSE48472","Blood",0.0758362949160839
"DMR_1","chr19",37997105,37998171,"GSE48472","Buccal",0.0677555274769231
"DMR_1","chr19",37997105,37998171,"GSE48472","Hair",0.0732247721846154
"DMR_1","chr19",37997105,37998171,"GSE48472","Liver",0.0813011073692308
"DMR_1","chr19",37997105,37998171,"GSE48472","Muscle",0.0666837749230769
"DMR_1","chr19",37997105,37998171,"GSE48472","Omentum",0.0672552177564103
"DMR_1","chr19",37997105,37998171,"GSE48472","Pancreas",0.0739362318269231
"DMR_1","chr19",37997105,37998171,"GSE48472","Saliva",0.0673495684
"DMR_1","chr19",37997105,37998171,"GSE48472","SC_Fat",0.0721866651666667
"DMR_1","chr19",37997105,37998171,"GSE48472","Spleen",0.0686287842820513
"DMR_2","chr8",67343066,67345767,"GSE48472","Blood",0.202322756413223
"DMR_2","chr8",67343066,67345767,"GSE48472","Buccal",0.1846688598
"DMR_2","chr8",67343066,67345767,"GSE48472","Hair",0.219641608018182
"DMR_2","chr8",67343066,67345767,"GSE48472","Liver",0.130799562709091
"DMR_2","chr8",67343066,67345767,"GSE48472","Muscle",0.141351201106061
"DMR_2","chr8",67343066,67345767,"GSE48472","Omentum",0.197113458439394
"DMR_2","chr8",67343066,67345767,"GSE48472","Pancreas",0.157127300795455
"DMR_2","chr8",67343066,67345767,"GSE48472","Saliva",0.219493928418182
"DMR_2","chr8",67343066,67345767,"GSE48472","SC_Fat",0.199908412939394
"DMR_2","chr8",67343066,67345767,"GSE48472","Spleen",0.209488274212121
"DMR_3","chr3",192126023,192127991,"GSE48472","Blood",0.0941392121333333
"DMR_3","chr3",192126023,192127991,"GSE48472","Buccal",0.0759221248533333
"DMR_3","chr3",192126023,192127991,"GSE48472","Hair",0.0843979530266667
"DMR_3","chr3",192126023,192127991,"GSE48472","Liver",0.0962472741066667
"DMR_3","chr3",192126023,192127991,"GSE48472","Muscle",0.0745993259
"DMR_3","chr3",192126023,192127991,"GSE48472","Omentum",0.0847059227
"DMR_3","chr3",192126023,192127991,"GSE48472","Pancreas",0.246712433216667
"DMR_3","chr3",192126023,192127991,"GSE48472","Saliva",0.0715831769066667
"DMR_3","chr3",192126023,192127991,"GSE48472","SC_Fat",0.0882700783888889
"DMR_3","chr3",192126023,192127991,"GSE48472","Spleen",0.0921328597111111
"DMR_4","chr19",12266489,12267897,"GSE48472","Blood",0.0931405335959596
"DMR_4","chr19",12266489,12267897,"GSE48472","Buccal",0.0787822203777778
"DMR_4","chr19",12266489,12267897,"GSE48472","Hair",0.0895711107333333
"DMR_4","chr19",12266489,12267897,"GSE48472","Liver",0.126023420288889
"DMR_4","chr19",12266489,12267897,"GSE48472","Muscle",0.0781589137407407
"DMR_4","chr19",12266489,12267897,"GSE48472","Omentum",0.0793048924444444
"DMR_4","chr19",12266489,12267897,"GSE48472","Pancreas",0.0907252334166667
"DMR_4","chr19",12266489,12267897,"GSE48472","Saliva",0.0758910699777778
"DMR_4","chr19",12266489,12267897,"GSE48472","SC_Fat",0.0799102528703704
"DMR_4","chr19",12266489,12267897,"GSE48472","Spleen",0.0830633469259259
"DMR_5","chr13",28500882,28503812,"GSE48472","Blood",0.178943089487013
"DMR_5","chr13",28500882,28503812,"GSE48472","Buccal",0.154553885142857
"DMR_5","chr13",28500882,28503812,"GSE48472","Hair",0.156090064
"DMR_5","chr13",28500882,28503812,"GSE48472","Liver",0.249779637314286
"DMR_5","chr13",28500882,28503812,"GSE48472","Muscle",0.116568942845238
"DMR_5","chr13",28500882,28503812,"GSE48472","Omentum",0.158357698940476
"DMR_5","chr13",28500882,28503812,"GSE48472","Pancreas",0.506387654
"DMR_5","chr13",28500882,28503812,"GSE48472","Saliva",0.162663425785714
"DMR_5","chr13",28500882,28503812,"GSE48472","SC_Fat",0.137288308488095
"DMR_5","chr13",28500882,28503812,"GSE48472","Spleen",0.185882790880952
"DMR_6","chr1",47909234,47912753,"GSE48472","Blood",0.137951868624242
"DMR_6","chr1",47909234,47912753,"GSE48472","Buccal",0.19343653792
"DMR_6","chr1",47909234,47912753,"GSE48472","Hair",0.249687670213333
"DMR_6","chr1",47909234,47912753,"GSE48472","Liver",0.25884672768
"DMR_6","chr1",47909234,47912753,"GSE48472","Muscle",0.271041750033333
"DMR_6","chr1",47909234,47912753,"GSE48472","Omentum",0.188815909466667
"DMR_6","chr1",47909234,47912753,"GSE48472","Pancreas",0.234094358583333
"DMR_6","chr1",47909234,47912753,"GSE48472","Saliva",0.153710801346667
"DMR_6","chr1",47909234,47912753,"GSE48472","SC_Fat",0.246056656233333
"DMR_6","chr1",47909234,47912753,"GSE48472","Spleen",0.220166723577778
"DMR_7","chr6",62995523,62997123,"GSE48472","Blood",0.119985597974026
"DMR_7","chr6",62995523,62997123,"GSE48472","Buccal",0.140942019771429
"DMR_7","chr6",62995523,62997123,"GSE48472","Hair",0.135808957785714
"DMR_7","chr6",62995523,62997123,"GSE48472","Liver",0.112395726371429
"DMR_7","chr6",62995523,62997123,"GSE48472","Muscle",0.120277463714286
"DMR_7","chr6",62995523,62997123,"GSE48472","Omentum",0.1038316025
"DMR_7","chr6",62995523,62997123,"GSE48472","Pancreas",0.104359670553571
"DMR_7","chr6",62995523,62997123,"GSE48472","Saliva",0.103034535842857
"DMR_7","chr6",62995523,62997123,"GSE48472","SC_Fat",0.123140705416667
"DMR_7","chr6",62995523,62997123,"GSE48472","Spleen",0.110965801261905
"DMR_8","chr15",28351607,28353889,"GSE48472","Blood",0.124328080070707
"DMR_8","chr15",28351607,28353889,"GSE48472","Buccal",0.1798185722
"DMR_8","chr15",28351607,28353889,"GSE48472","Hair",0.252193219822222
"DMR_8","chr15",28351607,28353889,"GSE48472","Liver",0.215868912266667
"DMR_8","chr15",28351607,28353889,"GSE48472","Muscle",0.187367301777778
"DMR_8","chr15",28351607,28353889,"GSE48472","Omentum",0.165746118074074
"DMR_8","chr15",28351607,28353889,"GSE48472","Pancreas",0.202184382361111
"DMR_8","chr15",28351607,28353889,"GSE48472","Saliva",0.148086983888889
"DMR_8","chr15",28351607,28353889,"GSE48472","SC_Fat",0.189555094148148
"DMR_8","chr15",28351607,28353889,"GSE48472","Spleen",0.150097518111111
"DMR_9","chr8",67872678,67875922,"GSE48472","Blood",0.148313721753247
"DMR_9","chr8",67872678,67875922,"GSE48472","Buccal",0.179045137728571
"DMR_9","chr8",67872678,67875922,"GSE48472","Hair",0.183733001128571
"DMR_9","chr8",67872678,67875922,"GSE48472","Liver",0.190975308314286
"DMR_9","chr8",67872678,67875922,"GSE48472","Muscle",0.164436193833333
"DMR_9","chr8",67872678,67875922,"GSE48472","Omentum",0.149229282690476
"DMR_9","chr8",67872678,67875922,"GSE48472","Pancreas",0.18134164225
"DMR_9","chr8",67872678,67875922,"GSE48472","Saliva",0.152697957828571
"DMR_9","chr8",67872678,67875922,"GSE48472","SC_Fat",0.163912706583333
"DMR_9","chr8",67872678,67875922,"GSE48472","Spleen",0.145591257
"DMR_10","chr20",41817011,41819775,"GSE48472","Blood",0.0991565747727273
"DMR_10","chr20",41817011,41819775,"GSE48472","Buccal",0.0701442495833333
"DMR_10","chr20",41817011,41819775,"GSE48472","Hair",0.0626272650666667
"DMR_10","chr20",41817011,41819775,"GSE48472","Liver",0.08884159845
"DMR_10","chr20",41817011,41819775,"GSE48472","Muscle",0.068474642375
"DMR_10","chr20",41817011,41819775,"GSE48472","Omentum",0.0865663781944444
"DMR_10","chr20",41817011,41819775,"GSE48472","Pancreas",0.0870607506666667
"DMR_10","chr20",41817011,41819775,"GSE48472","Saliva",0.0796185777
"DMR_10","chr20",41817011,41819775,"GSE48472","SC_Fat",0.083227643875
"DMR_10","chr20",41817011,41819775,"GSE48472","Spleen",0.0967875661111111
"DMR_11","chr2",144693520,144695257,"GSE48472","Blood",0.193144524883117
"DMR_11","chr2",144693520,144695257,"GSE48472","Buccal",0.193937559742857
"DMR_11","chr2",144693520,144695257,"GSE48472","Hair",0.197059725057143
"DMR_11","chr2",144693520,144695257,"GSE48472","Liver",0.192744398085714
"DMR_11","chr2",144693520,144695257,"GSE48472","Muscle",0.165679866333333
"DMR_11","chr2",144693520,144695257,"GSE48472","Omentum",0.184752230404762
"DMR_11","chr2",144693520,144695257,"GSE48472","Pancreas",0.184758629607143
"DMR_11","chr2",144693520,144695257,"GSE48472","Saliva",0.189909047342857
"DMR_11","chr2",144693520,144695257,"GSE48472","SC_Fat",0.190594433857143
"DMR_11","chr2",144693520,144695257,"GSE48472","Spleen",0.185503584571429
"DMR_12","chr20",61049777,61051802,"GSE48472","Blood",0.0958415500581818
"DMR_12","chr20",61049777,61051802,"GSE48472","Buccal",0.086987592248
"DMR_12","chr20",61049777,61051802,"GSE48472","Hair",0.09836704356
"DMR_12","chr20",61049777,61051802,"GSE48472","Liver",0.120912562472
"DMR_12","chr20",61049777,61051802,"GSE48472","Muscle",0.1078643388
"DMR_12","chr20",61049777,61051802,"GSE48472","Omentum",0.10574621352
"DMR_12","chr20",61049777,61051802,"GSE48472","Pancreas",0.13149025514
"DMR_12","chr20",61049777,61051802,"GSE48472","Saliva",0.080946012984
"DMR_12","chr20",61049777,61051802,"GSE48472","SC_Fat",0.103701218233333
"DMR_12","chr20",61049777,61051802,"GSE48472","Spleen",0.10668592536
"DMR_13","chr12",95941571,95943131,"GSE48472","Blood",0.164807702540404
"DMR_13","chr12",95941571,95943131,"GSE48472","Buccal",0.19258232274
"DMR_13","chr12",95941571,95943131,"GSE48472","Hair",0.18486849552
"DMR_13","chr12",95941571,95943131,"GSE48472","Liver",0.247668607311111
"DMR_13","chr12",95941571,95943131,"GSE48472","Muscle",0.166819251296296
"DMR_13","chr12",95941571,95943131,"GSE48472","Omentum",0.166620107907407
"DMR_13","chr12",95941571,95943131,"GSE48472","Pancreas",0.130388924
"DMR_13","chr12",95941571,95943131,"GSE48472","Saliva",0.17246624328
"DMR_13","chr12",95941571,95943131,"GSE48472","SC_Fat",0.180941478944444
"DMR_13","chr12",95941571,95943131,"GSE48472","Spleen",0.170941369222222
"DMR_14","chr10",118030848,118034357,"GSE48472","Blood",0.115177104209091
"DMR_14","chr10",118030848,118034357,"GSE48472","Buccal",0.115759645153333
"DMR_14","chr10",118030848,118034357,"GSE48472","Hair",0.12144419848
"DMR_14","chr10",118030848,118034357,"GSE48472","Liver",0.09362884834
"DMR_14","chr10",118030848,118034357,"GSE48472","Muscle",0.0887127824388889
"DMR_14","chr10",118030848,118034357,"GSE48472","Omentum",0.104665067227778
"DMR_14","chr10",118030848,118034357,"GSE48472","Pancreas",0.119302390983333
"DMR_14","chr10",118030848,118034357,"GSE48472","Saliva",0.107255683093333
"DMR_14","chr10",118030848,118034357,"GSE48472","SC_Fat",0.102412871
"DMR_14","chr10",118030848,118034357,"GSE48472","Spleen",0.113147166955556
"DMR_15","chr19",37406260,37408110,"GSE48472","Blood",0.131243634506494
"DMR_15","chr19",37406260,37408110,"GSE48472","Buccal",0.122675611957143
"DMR_15","chr19",37406260,37408110,"GSE48472","Hair",0.127533916657143
"DMR_15","chr19",37406260,37408110,"GSE48472","Liver",0.123869913185714
"DMR_15","chr19",37406260,37408110,"GSE48472","Muscle",0.114345659404762
"DMR_15","chr19",37406260,37408110,"GSE48472","Omentum",0.117255902630952
"DMR_15","chr19",37406260,37408110,"GSE48472","Pancreas",0.114357937160714
"DMR_15","chr19",37406260,37408110,"GSE48472","Saliva",0.1271256041
"DMR_15","chr19",37406260,37408110,"GSE48472","SC_Fat",0.125051030416667
"DMR_15","chr19",37406260,37408110,"GSE48472","Spleen",0.117506439595238
"DMR_16","chr7",49812430,49816819,"GSE48472","Blood",0.137357387263158
"DMR_16","chr7",49812430,49816819,"GSE48472","Buccal",0.144393876915789
"DMR_16","chr7",49812430,49816819,"GSE48472","Hair",0.158054466694737
"DMR_16","chr7",49812430,49816819,"GSE48472","Liver",0.131199404421053
"DMR_16","chr7",49812430,49816819,"GSE48472","Muscle",0.125162635
"DMR_16","chr7",49812430,49816819,"GSE48472","Omentum",0.139589165982456
"DMR_16","chr7",49812430,49816819,"GSE48472","Pancreas",0.169363393355263
"DMR_16","chr7",49812430,49816819,"GSE48472","Saliva",0.127326046894737
"DMR_16","chr7",49812430,49816819,"GSE48472","SC_Fat",0.136166131710526
"DMR_16","chr7",49812430,49816819,"GSE48472","Spleen",0.145934179175439
"DMR_17","chr11",7271955,7274234,"GSE48472","Blood",0.172494251842975
"DMR_17","chr11",7271955,7274234,"GSE48472","Buccal",0.144134170545455
"DMR_17","chr11",7271955,7274234,"GSE48472","Hair",0.146929985818182
"DMR_17","chr11",7271955,7274234,"GSE48472","Liver",0.1497777968
"DMR_17","chr11",7271955,7274234,"GSE48472","Muscle",0.128824202045455
"DMR_17","chr11",7271955,7274234,"GSE48472","Omentum",0.161343061045455
"DMR_17","chr11",7271955,7274234,"GSE48472","Pancreas",0.130411844340909
"DMR_17","chr11",7271955,7274234,"GSE48472","Saliva",0.139420166363636
"DMR_17","chr11",7271955,7274234,"GSE48472","SC_Fat",0.15497026869697
"DMR_17","chr11",7271955,7274234,"GSE48472","Spleen",0.161083029939394
"DMR_18","chr1",49242359,49243472,"GSE48472","Blood",0.129321366080808
"DMR_18","chr1",49242359,49243472,"GSE48472","Buccal",0.105070569022222
"DMR_18","chr1",49242359,49243472,"GSE48472","Hair",0.0951882796222222
"DMR_18","chr1",49242359,49243472,"GSE48472","Liver",0.149458038777778
"DMR_18","chr1",49242359,49243472,"GSE48472","Muscle",0.0973424627962963
"DMR_18","chr1",49242359,49243472,"GSE48472","Omentum",0.109526978648148
"DMR_18","chr1",49242359,49243472,"GSE48472","Pancreas",0.101930779444444
"DMR_18","chr1",49242359,49243472,"GSE48472","Saliva",0.115404459577778
"DMR_18","chr1",49242359,49243472,"GSE48472","SC_Fat",0.109359908925926
"DMR_18","chr1",49242359,49243472,"GSE48472","Spleen",0.105643185148148
"DMR_19","chr8",145103309,145107857,"GSE48472","Blood",0.168758325550802
"DMR_19","chr8",145103309,145107857,"GSE48472","Buccal",0.380049135811765
"DMR_19","chr8",145103309,145107857,"GSE48472","Hair",0.350169966929412
"DMR_19","chr8",145103309,145107857,"GSE48472","Liver",0.529251639658823
"DMR_19","chr8",145103309,145107857,"GSE48472","Muscle",0.361325858245098
"DMR_19","chr8",145103309,145107857,"GSE48472","Omentum",0.227287911147059
"DMR_19","chr8",145103309,145107857,"GSE48472","Pancreas",0.483109673705882
"DMR_19","chr8",145103309,145107857,"GSE48472","Saliva",0.261545106870588
"DMR_19","chr8",145103309,145107857,"GSE48472","SC_Fat",0.232105935833333
"DMR_19","chr8",145103309,145107857,"GSE48472","Spleen",0.164362336647059
"DMR_20","chr6",133561368,133564578,"GSE48472","Blood",0.152455177447904
"DMR_20","chr6",133561368,133564578,"GSE48472","Buccal",0.190506313276
"DMR_20","chr6",133561368,133564578,"GSE48472","Hair",0.180392115184
"DMR_20","chr6",133561368,133564578,"GSE48472","Liver",0.180051060612245
"DMR_20","chr6",133561368,133564578,"GSE48472","Muscle",0.145606175812925
"DMR_20","chr6",133561368,133564578,"GSE48472","Omentum",0.203235362816327
"DMR_20","chr6",133561368,133564578,"GSE48472","Pancreas",0.207784673846939
"DMR_20","chr6",133561368,133564578,"GSE48472","Saliva",0.153098502384
"DMR_20","chr6",133561368,133564578,"GSE48472","SC_Fat",0.202209582122449
"DMR_20","chr6",133561368,133564578,"GSE48472","Spleen",0.171606728122449
"DMR_21","chr6",84417445,84419827,"GSE48472","Blood",0.157620158406061
"DMR_21","chr6",84417445,84419827,"GSE48472","Buccal",0.13455281828
"DMR_21","chr6",84417445,84419827,"GSE48472","Hair",0.136791758
"DMR_21","chr6",84417445,84419827,"GSE48472","Liver",0.141707688173333
"DMR_21","chr6",84417445,84419827,"GSE48472","Muscle",0.124809503766667
"DMR_21","chr6",84417445,84419827,"GSE48472","Omentum",0.152241878444444
"DMR_21","chr6",84417445,84419827,"GSE48472","Pancreas",0.133739896883333
"DMR_21","chr6",84417445,84419827,"GSE48472","Saliva",0.13579178804
"DMR_21","chr6",84417445,84419827,"GSE48472","SC_Fat",0.145497300522222
"DMR_21","chr6",84417445,84419827,"GSE48472","Spleen",0.163405096022222
"DMR_22","chr19",56904442,56905587,"GSE48472","Blood",0.121775358712121
"DMR_22","chr19",56904442,56905587,"GSE48472","Buccal",0.10643245095
"DMR_22","chr19",56904442,56905587,"GSE48472","Hair",0.117181811316667
"DMR_22","chr19",56904442,56905587,"GSE48472","Liver",0.1133853102
"DMR_22","chr19",56904442,56905587,"GSE48472","Muscle",0.1199841345
"DMR_22","chr19",56904442,56905587,"GSE48472","Omentum",0.110920541138889
"DMR_22","chr19",56904442,56905587,"GSE48472","Pancreas",0.101775059208333
"DMR_22","chr19",56904442,56905587,"GSE48472","Saliva",0.1097332712
"DMR_22","chr19",56904442,56905587,"GSE48472","SC_Fat",0.133569820138889
"DMR_22","chr19",56904442,56905587,"GSE48472","Spleen",0.107403112361111
"DMR_23","chr12",72665282,72668470,"GSE48472","Blood",0.108884153641711
"DMR_23","chr12",72665282,72668470,"GSE48472","Buccal",0.0925439322705882
"DMR_23","chr12",72665282,72668470,"GSE48472","Hair",0.0967842535176471
"DMR_23","chr12",72665282,72668470,"GSE48472","Liver",0.107214693823529
"DMR_23","chr12",72665282,72668470,"GSE48472","Muscle",0.0834205202941176
"DMR_23","chr12",72665282,72668470,"GSE48472","Omentum",0.104593470401961
"DMR_23","chr12",72665282,72668470,"GSE48472","Pancreas",0.0979195916323529
"DMR_23","chr12",72665282,72668470,"GSE48472","Saliva",0.0853859833294118
"DMR_23","chr12",72665282,72668470,"GSE48472","SC_Fat",0.0923847840784314
"DMR_23","chr12",72665282,72668470,"GSE48472","Spleen",0.118660027333333
"DMR_24","chr17",43339040,43340758,"GSE48472","Blood",0.186966149467532
"DMR_24","chr17",43339040,43340758,"GSE48472","Buccal",0.164686096014286
"DMR_24","chr17",43339040,43340758,"GSE48472","Hair",0.270280441228571
"DMR_24","chr17",43339040,43340758,"GSE48472","Liver",0.210108050857143
"DMR_24","chr17",43339040,43340758,"GSE48472","Muscle",0.332960477559524
"DMR_24","chr17",43339040,43340758,"GSE48472","Omentum",0.195020657047619
"DMR_24","chr17",43339040,43340758,"GSE48472","Pancreas",0.402805993446429
"DMR_24","chr17",43339040,43340758,"GSE48472","Saliva",0.193857495971429
"DMR_24","chr17",43339040,43340758,"GSE48472","SC_Fat",0.205855475154762
"DMR_24","chr17",43339040,43340758,"GSE48472","Spleen",0.177678077380952
"DMR_25","chr8",32404299,32406928,"GSE48472","Blood",0.105707534282828
"DMR_25","chr8",32404299,32406928,"GSE48472","Buccal",0.0759887432888889
"DMR_25","chr8",32404299,32406928,"GSE48472","Hair",0.0815698482444445
"DMR_25","chr8",32404299,32406928,"GSE48472","Liver",0.0796608506222222
"DMR_25","chr8",32404299,32406928,"GSE48472","Muscle",0.0744465151851852
"DMR_25","chr8",32404299,32406928,"GSE48472","Omentum",0.0941001022962963
"DMR_25","chr8",32404299,32406928,"GSE48472","Pancreas",0.0868923464722222
"DMR_25","chr8",32404299,32406928,"GSE48472","Saliva",0.0815031742222222
"DMR_25","chr8",32404299,32406928,"GSE48472","SC_Fat",0.0826390792037037
"DMR_25","chr8",32404299,32406928,"GSE48472","Spleen",0.106713116
"DMR_26","chr7",98466938,98468586,"GSE48472","Blood",0.0847866876666667
"DMR_26","chr7",98466938,98468586,"GSE48472","Buccal",0.0892700939666667
"DMR_26","chr7",98466938,98468586,"GSE48472","Hair",0.101827870866667
"DMR_26","chr7",98466938,98468586,"GSE48472","Liver",0.140617981766667
"DMR_26","chr7",98466938,98468586,"GSE48472","Muscle",0.120750789916667
"DMR_26","chr7",98466938,98468586,"GSE48472","Omentum",0.0787818008888889
"DMR_26","chr7",98466938,98468586,"GSE48472","Pancreas",0.119288327416667
"DMR_26","chr7",98466938,98468586,"GSE48472","Saliva",0.0852723350666667
"DMR_26","chr7",98466938,98468586,"GSE48472","SC_Fat",0.0876215192222222
"DMR_26","chr7",98466938,98468586,"GSE48472","Spleen",0.0854374165555556
"DMR_27","chr2",115918326,115921258,"GSE48472","Blood",0.16225759020979
"DMR_27","chr2",115918326,115921258,"GSE48472","Buccal",0.134735905138462
"DMR_27","chr2",115918326,115921258,"GSE48472","Hair",0.134958054092308
"DMR_27","chr2",115918326,115921258,"GSE48472","Liver",0.139040404123077
"DMR_27","chr2",115918326,115921258,"GSE48472","Muscle",0.111359944576923
"DMR_27","chr2",115918326,115921258,"GSE48472","Omentum",0.139907561294872
"DMR_27","chr2",115918326,115921258,"GSE48472","Pancreas",0.114255257230769
"DMR_27","chr2",115918326,115921258,"GSE48472","Saliva",0.141504546353846
"DMR_27","chr2",115918326,115921258,"GSE48472","SC_Fat",0.123933779128205
"DMR_27","chr2",115918326,115921258,"GSE48472","Spleen",0.174398630948718
"DMR_28","chr7",24322873,24325371,"GSE48472","Blood",0.12539007909697
"DMR_28","chr7",24322873,24325371,"GSE48472","Buccal",0.14887492064
"DMR_28","chr7",24322873,24325371,"GSE48472","Hair",0.177846263973333
"DMR_28","chr7",24322873,24325371,"GSE48472","Liver",0.13920685056
"DMR_28","chr7",24322873,24325371,"GSE48472","Muscle",0.1380990452
"DMR_28","chr7",24322873,24325371,"GSE48472","Omentum",0.119110719155556
"DMR_28","chr7",24322873,24325371,"GSE48472","Pancreas",0.153149655733333
"DMR_28","chr7",24322873,24325371,"GSE48472","Saliva",0.12895293364
"DMR_28","chr7",24322873,24325371,"GSE48472","SC_Fat",0.121167414055556
"DMR_28","chr7",24322873,24325371,"GSE48472","Spleen",0.116116221466667
"DMR_29","chr6",390933,394966,"GSE48472","Blood",0.123343288829545
"DMR_29","chr6",390933,394966,"GSE48472","Buccal",0.1377439612625
"DMR_29","chr6",390933,394966,"GSE48472","Hair",0.134766462875
"DMR_29","chr6",390933,394966,"GSE48472","Liver",0.1797972931375
"DMR_29","chr6",390933,394966,"GSE48472","Muscle",0.117310750979167
"DMR_29","chr6",390933,394966,"GSE48472","Omentum",0.105852471479167
"DMR_29","chr6",390933,394966,"GSE48472","Pancreas",0.14061337784375
"DMR_29","chr6",390933,394966,"GSE48472","Saliva",0.1354103132625
"DMR_29","chr6",390933,394966,"GSE48472","SC_Fat",0.122138759614583
"DMR_29","chr6",390933,394966,"GSE48472","Spleen",0.104069205541667
"DMR_30","chr6",29520698,29521803,"GSE48472","Blood",0.154703261571096
"DMR_30","chr6",29520698,29521803,"GSE48472","Buccal",0.128913516020513
"DMR_30","chr6",29520698,29521803,"GSE48472","Hair",0.105733648435897
"DMR_30","chr6",29520698,29521803,"GSE48472","Liver",0.422834766666667
"DMR_30","chr6",29520698,29521803,"GSE48472","Muscle",0.128113900551282
"DMR_30","chr6",29520698,29521803,"GSE48472","Omentum",0.176785246790598
"DMR_30","chr6",29520698,29521803,"GSE48472","Pancreas",0.243884410884615
"DMR_30","chr6",29520698,29521803,"GSE48472","Saliva",0.121328068282051
"DMR_30","chr6",29520698,29521803,"GSE48472","SC_Fat",0.158115963405983
"DMR_30","chr6",29520698,29521803,"GSE48472","Spleen",0.196576178307692
"DMR_31","chr1",108505752,108508626,"GSE48472","Blood",0.077430438446281
"DMR_31","chr1",108505752,108508626,"GSE48472","Buccal",0.0896353705090909
"DMR_31","chr1",108505752,108508626,"GSE48472","Hair",0.103155218618182
"DMR_31","chr1",108505752,108508626,"GSE48472","Liver",0.125814212418182
"DMR_31","chr1",108505752,108508626,"GSE48472","Muscle",0.116749685075758
"DMR_31","chr1",108505752,108508626,"GSE48472","Omentum",0.082392345030303
"DMR_31","chr1",108505752,108508626,"GSE48472","Pancreas",0.133394064340909
"DMR_31","chr1",108505752,108508626,"GSE48472","Saliva",0.0820344698181818
"DMR_31","chr1",108505752,108508626,"GSE48472","SC_Fat",0.0958346502121212
"DMR_31","chr1",108505752,108508626,"GSE48472","Spleen",0.0795189161818182
"DMR_32","chr3",96532006,96533824,"GSE48472","Blood",0.084568379474026
"DMR_32","chr3",96532006,96533824,"GSE48472","Buccal",0.0642397616571429
"DMR_32","chr3",96532006,96533824,"GSE48472","Hair",0.0767703460428571
"DMR_32","chr3",96532006,96533824,"GSE48472","Liver",0.0951951796857143
"DMR_32","chr3",96532006,96533824,"GSE48472","Muscle",0.0677515146547619
"DMR_32","chr3",96532006,96533824,"GSE48472","Omentum",0.0830328025238095
"DMR_32","chr3",96532006,96533824,"GSE48472","Pancreas",0.0788910504107143
"DMR_32","chr3",96532006,96533824,"GSE48472","Saliva",0.0640143252571429
"DMR_32","chr3",96532006,96533824,"GSE48472","SC_Fat",0.0763916735952381
"DMR_32","chr3",96532006,96533824,"GSE48472","Spleen",0.0958131355952381
"DMR_33","chr8",97504959,97507958,"GSE48472","Blood",0.211643574772727
"DMR_33","chr8",97504959,97507958,"GSE48472","Buccal",0.212418510588889
"DMR_33","chr8",97504959,97507958,"GSE48472","Hair",0.198587158777778
"DMR_33","chr8",97504959,97507958,"GSE48472","Liver",0.1697944001
"DMR_33","chr8",97504959,97507958,"GSE48472","Muscle",0.204652483861111
"DMR_33","chr8",97504959,97507958,"GSE48472","Omentum",0.191829754333333
"DMR_33","chr8",97504959,97507958,"GSE48472","Pancreas",0.188748655541667
"DMR_33","chr8",97504959,97507958,"GSE48472","Saliva",0.214380450688889
"DMR_33","chr8",97504959,97507958,"GSE48472","SC_Fat",0.192862440796296
"DMR_33","chr8",97504959,97507958,"GSE48472","Spleen",0.196062510203704
"DMR_34","chr8",68862516,68865187,"GSE48472","Blood",0.178452430909091
"DMR_34","chr8",68862516,68865187,"GSE48472","Buccal",0.151712120613333
"DMR_34","chr8",68862516,68865187,"GSE48472","Hair",0.1747412342
"DMR_34","chr8",68862516,68865187,"GSE48472","Liver",0.159536216253333
"DMR_34","chr8",68862516,68865187,"GSE48472","Muscle",0.144611152733333
"DMR_34","chr8",68862516,68865187,"GSE48472","Omentum",0.160947327388889
"DMR_34","chr8",68862516,68865187,"GSE48472","Pancreas",0.14965576825
"DMR_34","chr8",68862516,68865187,"GSE48472","Saliva",0.146611768146667
"DMR_34","chr8",68862516,68865187,"GSE48472","SC_Fat",0.153534354233333
"DMR_34","chr8",68862516,68865187,"GSE48472","Spleen",0.178615006955556
"DMR_35","chr19",36909326,36910116,"GSE48472","Blood",0.140619842831169
"DMR_35","chr19",36909326,36910116,"GSE48472","Buccal",0.180980832914286
"DMR_35","chr19",36909326,36910116,"GSE48472","Hair",0.176636379371429
"DMR_35","chr19",36909326,36910116,"GSE48472","Liver",0.1945418632
"DMR_35","chr19",36909326,36910116,"GSE48472","Muscle",0.105779435666667
"DMR_35","chr19",36909326,36910116,"GSE48472","Omentum",0.113498041928571
"DMR_35","chr19",36909326,36910116,"GSE48472","Pancreas",0.154486800642857
"DMR_35","chr19",36909326,36910116,"GSE48472","Saliva",0.160767702857143
"DMR_35","chr19",36909326,36910116,"GSE48472","SC_Fat",0.113748433
"DMR_35","chr19",36909326,36910116,"GSE48472","Spleen",0.120577863047619
"DMR_36","chr4",96468962,96471143,"GSE48472","Blood",0.106680983289256
"DMR_36","chr4",96468962,96471143,"GSE48472","Buccal",0.0936169824
"DMR_36","chr4",96468962,96471143,"GSE48472","Hair",0.0841411406636364
"DMR_36","chr4",96468962,96471143,"GSE48472","Liver",0.0996601081363636
"DMR_36","chr4",96468962,96471143,"GSE48472","Muscle",0.0704799786590909
"DMR_36","chr4",96468962,96471143,"GSE48472","Omentum",0.0946963525
"DMR_36","chr4",96468962,96471143,"GSE48472","Pancreas",0.0883921233181818
"DMR_36","chr4",96468962,96471143,"GSE48472","Saliva",0.0918292451818182
"DMR_36","chr4",96468962,96471143,"GSE48472","SC_Fat",0.0806385653181818
"DMR_36","chr4",96468962,96471143,"GSE48472","Spleen",0.114576656439394
"DMR_37","chr8",85094437,85097429,"GSE48472","Blood",0.163172971956938
"DMR_37","chr8",85094437,85097429,"GSE48472","Buccal",0.191332704705263
"DMR_37","chr8",85094437,85097429,"GSE48472","Hair",0.174586639452632
"DMR_37","chr8",85094437,85097429,"GSE48472","Liver",0.182882962094737
"DMR_37","chr8",85094437,85097429,"GSE48472","Muscle",0.164847591429825
"DMR_37","chr8",85094437,85097429,"GSE48472","Omentum",0.158441952035088
"DMR_37","chr8",85094437,85097429,"GSE48472","Pancreas",0.198857954171053
"DMR_37","chr8",85094437,85097429,"GSE48472","Saliva",0.154592333168421
"DMR_37","chr8",85094437,85097429,"GSE48472","SC_Fat",0.155807799192982
"DMR_37","chr8",85094437,85097429,"GSE48472","Spleen",0.163960935824561
"DMR_38","chr13",36870809,36873065,"GSE48472","Blood",0.132991957546753
"DMR_38","chr13",36870809,36873065,"GSE48472","Buccal",0.15743604452
"DMR_38","chr13",36870809,36873065,"GSE48472","Hair",0.153070691706667
"DMR_38","chr13",36870809,36873065,"GSE48472","Liver",0.139330669042857
"DMR_38","chr13",36870809,36873065,"GSE48472","Muscle",0.0849969722142857
"DMR_38","chr13",36870809,36873065,"GSE48472","Omentum",0.102081794440476
"DMR_38","chr13",36870809,36873065,"GSE48472","Pancreas",0.100086386892857
"DMR_38","chr13",36870809,36873065,"GSE48472","Saliva",0.1328448948
"DMR_38","chr13",36870809,36873065,"GSE48472","SC_Fat",0.0957467403809524
"DMR_38","chr13",36870809,36873065,"GSE48472","Spleen",0.117189049595238
"DMR_39","chr10",102893925,102896869,"GSE48472","Blood",0.194353160181818
"DMR_39","chr10",102893925,102896869,"GSE48472","Buccal",0.2407492536125
"DMR_39","chr10",102893925,102896869,"GSE48472","Hair",0.1866894261375
"DMR_39","chr10",102893925,102896869,"GSE48472","Liver",0.2155587838875
"DMR_39","chr10",102893925,102896869,"GSE48472","Muscle",0.315461011
"DMR_39","chr10",102893925,102896869,"GSE48472","Omentum",0.227928226791667
"DMR_39","chr10",102893925,102896869,"GSE48472","Pancreas",0.243893501265625
"DMR_39","chr10",102893925,102896869,"GSE48472","Saliva",0.2092438582375
"DMR_39","chr10",102893925,102896869,"GSE48472","SC_Fat",0.207729162416667
"DMR_39","chr10",102893925,102896869,"GSE48472","Spleen",0.176446041416667
"DMR_40","chr21",38076709,38083586,"GSE48472","Blood",0.197709164286713
"DMR_40","chr21",38076709,38083586,"GSE48472","Buccal",0.506748722523077
"DMR_40","chr21",38076709,38083586,"GSE48472","Hair",0.250062921546154
"DMR_40","chr21",38076709,38083586,"GSE48472","Liver",0.235310702953846
"DMR_40","chr21",38076709,38083586,"GSE48472","Muscle",0.45734634575
"DMR_40","chr21",38076709,38083586,"GSE48472","Omentum",0.224329304326923
"DMR_40","chr21",38076709,38083586,"GSE48472","Pancreas",0.294146059538462
"DMR_40","chr21",38076709,38083586,"GSE48472","Saliva",0.273758549346154
"DMR_40","chr21",38076709,38083586,"GSE48472","SC_Fat",0.261179938461538
"DMR_40","chr21",38076709,38083586,"GSE48472","Spleen",0.192944906602564
"DMR_41","chr10",7450112,7455714,"GSE48472","Blood",0.180317742850909
"DMR_41","chr10",7450112,7455714,"GSE48472","Buccal",0.18351085336
"DMR_41","chr10",7450112,7455714,"GSE48472","Hair",0.178539404424
"DMR_41","chr10",7450112,7455714,"GSE48472","Liver",0.166937185656
"DMR_41","chr10",7450112,7455714,"GSE48472","Muscle",0.181836123986667
"DMR_41","chr10",7450112,7455714,"GSE48472","Omentum",0.181315680006667
"DMR_41","chr10",7450112,7455714,"GSE48472","Pancreas",0.18141096186
"DMR_41","chr10",7450112,7455714,"GSE48472","Saliva",0.173668722768
"DMR_41","chr10",7450112,7455714,"GSE48472","SC_Fat",0.18200261888
"DMR_41","chr10",7450112,7455714,"GSE48472","Spleen",0.180074423306667
"DMR_42","chr19",58951434,58952361,"GSE48472","Blood",0.205037444438017
"DMR_42","chr19",58951434,58952361,"GSE48472","Buccal",0.224468623345455
"DMR_42","chr19",58951434,58952361,"GSE48472","Hair",0.246882317327273
"DMR_42","chr19",58951434,58952361,"GSE48472","Liver",0.212742126763636
"DMR_42","chr19",58951434,58952361,"GSE48472","Muscle",0.186735344181818
"DMR_42","chr19",58951434,58952361,"GSE48472","Omentum",0.184945847106061
"DMR_42","chr19",58951434,58952361,"GSE48472","Pancreas",0.198338551477273
"DMR_42","chr19",58951434,58952361,"GSE48472","Saliva",0.221674164854545
"DMR_42","chr19",58951434,58952361,"GSE48472","SC_Fat",0.186279570545455
"DMR_42","chr19",58951434,58952361,"GSE48472","Spleen",0.188422866424242
"DMR_43","chr8",53850809,53854495,"GSE48472","Blood",0.0936411802139037
"DMR_43","chr8",53850809,53854495,"GSE48472","Buccal",0.1198011654
"DMR_43","chr8",53850809,53854495,"GSE48472","Hair",0.117891461964706
"DMR_43","chr8",53850809,53854495,"GSE48472","Liver",0.213814232635294
"DMR_43","chr8",53850809,53854495,"GSE48472","Muscle",0.0926247118333333
"DMR_43","chr8",53850809,53854495,"GSE48472","Omentum",0.0961713268921569
"DMR_43","chr8",53850809,53854495,"GSE48472","Pancreas",0.102553664794118
"DMR_43","chr8",53850809,53854495,"GSE48472","Saliva",0.0887295645764706
"DMR_43","chr8",53850809,53854495,"GSE48472","SC_Fat",0.100517583137255
"DMR_43","chr8",53850809,53854495,"GSE48472","Spleen",0.108171766352941
"DMR_44","chr18",44336399,44338147,"GSE48472","Blood",0.158385704943182
"DMR_44","chr18",44336399,44338147,"GSE48472","Buccal",0.1901774124
"DMR_44","chr18",44336399,44338147,"GSE48472","Hair",0.1914231276
"DMR_44","chr18",44336399,44338147,"GSE48472","Liver",0.198313855425
"DMR_44","chr18",44336399,44338147,"GSE48472","Muscle",0.127124623375
"DMR_44","chr18",44336399,44338147,"GSE48472","Omentum",0.145652794375
"DMR_44","chr18",44336399,44338147,"GSE48472","Pancreas",0.18176153353125
"DMR_44","chr18",44336399,44338147,"GSE48472","Saliva",0.166774620575
"DMR_44","chr18",44336399,44338147,"GSE48472","SC_Fat",0.144556922791667
"DMR_44","chr18",44336399,44338147,"GSE48472","Spleen",0.150861959958333
"DMR_45","chr6",118227732,118229732,"GSE48472","Blood",0.107071257571429
"DMR_45","chr6",118227732,118229732,"GSE48472","Buccal",0.1090536264
"DMR_45","chr6",118227732,118229732,"GSE48472","Hair",0.109069650442857
"DMR_45","chr6",118227732,118229732,"GSE48472","Liver",0.135027299771429
"DMR_45","chr6",118227732,118229732,"GSE48472","Muscle",0.0867809382619048
"DMR_45","chr6",118227732,118229732,"GSE48472","Omentum",0.102145508535714
"DMR_45","chr6",118227732,118229732,"GSE48472","Pancreas",0.0982450893928571
"DMR_45","chr6",118227732,118229732,"GSE48472","Saliva",0.101195911328571
"DMR_45","chr6",118227732,118229732,"GSE48472","SC_Fat",0.103321231142857
"DMR_45","chr6",118227732,118229732,"GSE48472","Spleen",0.115413382333333
"DMR_46","chr7",134142981,134144288,"GSE48472","Blood",0.171973457315152
"DMR_46","chr7",134142981,134144288,"GSE48472","Buccal",0.170738278573333
"DMR_46","chr7",134142981,134144288,"GSE48472","Hair",0.168249531186667
"DMR_46","chr7",134142981,134144288,"GSE48472","Liver",0.21990556412
"DMR_46","chr7",134142981,134144288,"GSE48472","Muscle",0.152515137366667
"DMR_46","chr7",134142981,134144288,"GSE48472","Omentum",0.159595272922222
"DMR_46","chr7",134142981,134144288,"GSE48472","Pancreas",0.182103408583333
"DMR_46","chr7",134142981,134144288,"GSE48472","Saliva",0.18028307884
"DMR_46","chr7",134142981,134144288,"GSE48472","SC_Fat",0.163032771366667
"DMR_46","chr7",134142981,134144288,"GSE48472","Spleen",0.161710251733333
"DMR_47","chr3",68979668,68982098,"GSE48472","Blood",0.156237074051948
"DMR_47","chr3",68979668,68982098,"GSE48472","Buccal",0.154594664628571
"DMR_47","chr3",68979668,68982098,"GSE48472","Hair",0.147623321414286
"DMR_47","chr3",68979668,68982098,"GSE48472","Liver",0.213027882228571
"DMR_47","chr3",68979668,68982098,"GSE48472","Muscle",0.127868438130952
"DMR_47","chr3",68979668,68982098,"GSE48472","Omentum",0.157460565714286
"DMR_47","chr3",68979668,68982098,"GSE48472","Pancreas",0.157474856732143
"DMR_47","chr3",68979668,68982098,"GSE48472","Saliva",0.149330181757143
"DMR_47","chr3",68979668,68982098,"GSE48472","SC_Fat",0.132495854988095
"DMR_47","chr3",68979668,68982098,"GSE48472","Spleen",0.154095995928571
"DMR_48","chr8",16884197,16885270,"GSE48472","Blood",0.0838717075227273
"DMR_48","chr8",16884197,16885270,"GSE48472","Buccal",0.059021863575
"DMR_48","chr8",16884197,16885270,"GSE48472","Hair",0.065062056125
"DMR_48","chr8",16884197,16885270,"GSE48472","Liver",0.0671326551
"DMR_48","chr8",16884197,16885270,"GSE48472","Muscle",0.058800763
"DMR_48","chr8",16884197,16885270,"GSE48472","Omentum",0.0728517307708333
"DMR_48","chr8",16884197,16885270,"GSE48472","Pancreas",0.06790969840625
"DMR_48","chr8",16884197,16885270,"GSE48472","Saliva",0.06020039055
"DMR_48","chr8",16884197,16885270,"GSE48472","SC_Fat",0.0678897882291667
"DMR_48","chr8",16884197,16885270,"GSE48472","Spleen",0.0900286558333333
"DMR_49","chr17",77178665,77179999,"GSE48472","Blood",0.0628603938939394
"DMR_49","chr17",77178665,77179999,"GSE48472","Buccal",0.0665699854333333
"DMR_49","chr17",77178665,77179999,"GSE48472","Hair",0.0662659677666667
"DMR_49","chr17",77178665,77179999,"GSE48472","Liver",0.0721927843666667
"DMR_49","chr17",77178665,77179999,"GSE48472","Muscle",0.0618401936666667
"DMR_49","chr17",77178665,77179999,"GSE48472","Omentum",0.0671986265833333
"DMR_49","chr17",77178665,77179999,"GSE48472","Pancreas",0.0871094368333333
"DMR_49","chr17",77178665,77179999,"GSE48472","Saliva",0.0544322394333333
"DMR_49","chr17",77178665,77179999,"GSE48472","SC_Fat",0.06285243
"DMR_49","chr17",77178665,77179999,"GSE48472","Spleen",0.0708326602777778
"DMR_50","chr1",242686709,242688681,"GSE48472","Blood",0.139436572871212
"DMR_50","chr1",242686709,242688681,"GSE48472","Buccal",0.1030187915
"DMR_50","chr1",242686709,242688681,"GSE48472","Hair",0.1182033767
"DMR_50","chr1",242686709,242688681,"GSE48472","Liver",0.128744184016667
"DMR_50","chr1",242686709,242688681,"GSE48472","Muscle",0.0949154171944444
"DMR_50","chr1",242686709,242688681,"GSE48472","Omentum",0.128024661138889
"DMR_50","chr1",242686709,242688681,"GSE48472","Pancreas",0.133182469354167
"DMR_50","chr1",242686709,242688681,"GSE48472","Saliva",0.111354814533333
"DMR_50","chr1",242686709,242688681,"GSE48472","SC_Fat",0.1170397725
"DMR_50","chr1",242686709,242688681,"GSE48472","Spleen",0.147390381416667
"DMR_51","chr7",152621979,152623304,"GSE48472","Blood",0.159074780909091
"DMR_51","chr7",152621979,152623304,"GSE48472","Buccal",0.142886162636364
"DMR_51","chr7",152621979,152623304,"GSE48472","Hair",0.243860847763636
"DMR_51","chr7",152621979,152623304,"GSE48472","Liver",0.261036706836364
"DMR_51","chr7",152621979,152623304,"GSE48472","Muscle",0.170267922969697
"DMR_51","chr7",152621979,152623304,"GSE48472","Omentum",0.164499015636364
"DMR_51","chr7",152621979,152623304,"GSE48472","Pancreas",0.269582821977273
"DMR_51","chr7",152621979,152623304,"GSE48472","Saliva",0.155749476181818
"DMR_51","chr7",152621979,152623304,"GSE48472","SC_Fat",0.118287619590909
"DMR_51","chr7",152621979,152623304,"GSE48472","Spleen",0.166374274515152
"DMR_52","chr8",72468021,72471153,"GSE48472","Blood",0.123748555531469
"DMR_52","chr8",72468021,72471153,"GSE48472","Buccal",0.167769402584615
"DMR_52","chr8",72468021,72471153,"GSE48472","Hair",0.132997411446154
"DMR_52","chr8",72468021,72471153,"GSE48472","Liver",0.124816350523077
"DMR_52","chr8",72468021,72471153,"GSE48472","Muscle",0.514541832576923
"DMR_52","chr8",72468021,72471153,"GSE48472","Omentum",0.153433725948718
"DMR_52","chr8",72468021,72471153,"GSE48472","Pancreas",0.129925466961538
"DMR_52","chr8",72468021,72471153,"GSE48472","Saliva",0.136807482646154
"DMR_52","chr8",72468021,72471153,"GSE48472","SC_Fat",0.155571995012821
"DMR_52","chr8",72468021,72471153,"GSE48472","Spleen",0.198017112461538
"DMR_53","chr3",13323567,13325360,"GSE48472","Blood",0.119005347290909
"DMR_53","chr3",13323567,13325360,"GSE48472","Buccal",0.13485093004
"DMR_53","chr3",13323567,13325360,"GSE48472","Hair",0.16160521316
"DMR_53","chr3",13323567,13325360,"GSE48472","Liver",0.12744102708
"DMR_53","chr3",13323567,13325360,"GSE48472","Muscle",0.185409969883333
"DMR_53","chr3",13323567,13325360,"GSE48472","Omentum",0.1203960459
"DMR_53","chr3",13323567,13325360,"GSE48472","Pancreas",0.109373883675
"DMR_53","chr3",13323567,13325360,"GSE48472","Saliva",0.11541933472
"DMR_53","chr3",13323567,13325360,"GSE48472","SC_Fat",0.1077857703
"DMR_53","chr3",13323567,13325360,"GSE48472","Spleen",0.121551058566667
"DMR_54","chr3",192231892,192234611,"GSE48472","Blood",0.177727252431818
"DMR_54","chr3",192231892,192234611,"GSE48472","Buccal",0.131076889675
"DMR_54","chr3",192231892,192234611,"GSE48472","Hair",0.149124606525
"DMR_54","chr3",192231892,192234611,"GSE48472","Liver",0.178511433925
"DMR_54","chr3",192231892,192234611,"GSE48472","Muscle",0.118217330833333
"DMR_54","chr3",192231892,192234611,"GSE48472","Omentum",0.160702438416667
"DMR_54","chr3",192231892,192234611,"GSE48472","Pancreas",0.14452312603125
"DMR_54","chr3",192231892,192234611,"GSE48472","Saliva",0.1393424983
"DMR_54","chr3",192231892,192234611,"GSE48472","SC_Fat",0.142469524875
"DMR_54","chr3",192231892,192234611,"GSE48472","Spleen",0.183832459875
"DMR_55","chr7",127670570,127673038,"GSE48472","Blood",0.254012406630682
"DMR_55","chr7",127670570,127673038,"GSE48472","Buccal",0.2290885077
"DMR_55","chr7",127670570,127673038,"GSE48472","Hair",0.2395709161625
"DMR_55","chr7",127670570,127673038,"GSE48472","Liver",0.5792577309125
"DMR_55","chr7",127670570,127673038,"GSE48472","Muscle",0.259961260645833
"DMR_55","chr7",127670570,127673038,"GSE48472","Omentum",0.245115355854167
"DMR_55","chr7",127670570,127673038,"GSE48472","Pancreas",0.580458928875
"DMR_55","chr7",127670570,127673038,"GSE48472","Saliva",0.211796545825
"DMR_55","chr7",127670570,127673038,"GSE48472","SC_Fat",0.219955283229167
"DMR_55","chr7",127670570,127673038,"GSE48472","Spleen",0.243064665979167
"DMR_56","chr5",127872037,127875163,"GSE48472","Blood",0.310871250518717
"DMR_56","chr5",127872037,127875163,"GSE48472","Buccal",0.303148839905882
"DMR_56","chr5",127872037,127875163,"GSE48472","Hair",0.2669732142
"DMR_56","chr5",127872037,127875163,"GSE48472","Liver",0.193516682611765
"DMR_56","chr5",127872037,127875163,"GSE48472","Muscle",0.251134570411765
"DMR_56","chr5",127872037,127875163,"GSE48472","Omentum",0.264804173088235
"DMR_56","chr5",127872037,127875163,"GSE48472","Pancreas",0.202562254220588
"DMR_56","chr5",127872037,127875163,"GSE48472","Saliva",0.284257141894118
"DMR_56","chr5",127872037,127875163,"GSE48472","SC_Fat",0.235531024794118
"DMR_56","chr5",127872037,127875163,"GSE48472","Spleen",0.297453829117647
"DMR_57","chr2",105459097,105462246,"GSE48472","Blood",0.100466777571429
"DMR_57","chr2",105459097,105462246,"GSE48472","Buccal",0.106087519314286
"DMR_57","chr2",105459097,105462246,"GSE48472","Hair",0.0954962838428571
"DMR_57","chr2",105459097,105462246,"GSE48472","Liver",0.103455413985714
"DMR_57","chr2",105459097,105462246,"GSE48472","Muscle",0.0969042198333333
"DMR_57","chr2",105459097,105462246,"GSE48472","Omentum",0.105078645345238
"DMR_57","chr2",105459097,105462246,"GSE48472","Pancreas",0.112417530142857
"DMR_57","chr2",105459097,105462246,"GSE48472","Saliva",0.0872919867
"DMR_57","chr2",105459097,105462246,"GSE48472","SC_Fat",0.0950106905833333
"DMR_57","chr2",105459097,105462246,"GSE48472","Spleen",0.115543935
"DMR_58","chr20",50720731,50723227,"GSE48472","Blood",0.178096042306818
"DMR_58","chr20",50720731,50723227,"GSE48472","Buccal",0.12220229885
"DMR_58","chr20",50720731,50723227,"GSE48472","Hair",0.082017194425
"DMR_58","chr20",50720731,50723227,"GSE48472","Liver",0.273977416275
"DMR_58","chr20",50720731,50723227,"GSE48472","Muscle",0.184499381645833
"DMR_58","chr20",50720731,50723227,"GSE48472","Omentum",0.1698062314375
"DMR_58","chr20",50720731,50723227,"GSE48472","Pancreas",0.26100120228125
"DMR_58","chr20",50720731,50723227,"GSE48472","Saliva",0.160307870075
"DMR_58","chr20",50720731,50723227,"GSE48472","SC_Fat",0.157132586145833
"DMR_58","chr20",50720731,50723227,"GSE48472","Spleen",0.178738032166667
"DMR_59","chr1",16081988,16085984,"GSE48472","Blood",0.182505725504132
"DMR_59","chr1",16081988,16085984,"GSE48472","Buccal",0.271774575763636
"DMR_59","chr1",16081988,16085984,"GSE48472","Hair",0.234755835963636
"DMR_59","chr1",16081988,16085984,"GSE48472","Liver",0.420786963781818
"DMR_59","chr1",16081988,16085984,"GSE48472","Muscle",0.282342874409091
"DMR_59","chr1",16081988,16085984,"GSE48472","Omentum",0.192293905393939
"DMR_59","chr1",16081988,16085984,"GSE48472","Pancreas",0.333155559340909
"DMR_59","chr1",16081988,16085984,"GSE48472","Saliva",0.204336423054545
"DMR_59","chr1",16081988,16085984,"GSE48472","SC_Fat",0.182526935545455
"DMR_59","chr1",16081988,16085984,"GSE48472","Spleen",0.176234477909091
"DMR_60","chr13",36705041,36706433,"GSE48472","Blood",0.285903059897727
"DMR_60","chr13",36705041,36706433,"GSE48472","Buccal",0.263899739925
"DMR_60","chr13",36705041,36706433,"GSE48472","Hair",0.28398673685
"DMR_60","chr13",36705041,36706433,"GSE48472","Liver",0.23531510585
"DMR_60","chr13",36705041,36706433,"GSE48472","Muscle",0.179913302895833
"DMR_60","chr13",36705041,36706433,"GSE48472","Omentum",0.230740805416667
"DMR_60","chr13",36705041,36706433,"GSE48472","Pancreas",0.25380049134375
"DMR_60","chr13",36705041,36706433,"GSE48472","Saliva",0.26420620635
"DMR_60","chr13",36705041,36706433,"GSE48472","SC_Fat",0.207784647083333
"DMR_60","chr13",36705041,36706433,"GSE48472","Spleen",0.269271031541667
"DMR_61","chr19",58609269,58611007,"GSE48472","Blood",0.133545603045954
"DMR_61","chr19",58609269,58611007,"GSE48472","Buccal",0.107760967614286
"DMR_61","chr19",58609269,58611007,"GSE48472","Hair",0.107457999828571
"DMR_61","chr19",58609269,58611007,"GSE48472","Liver",0.133254635846154
"DMR_61","chr19",58609269,58611007,"GSE48472","Muscle",0.0816444845769231
"DMR_61","chr19",58609269,58611007,"GSE48472","Omentum",0.113819529371795
"DMR_61","chr19",58609269,58611007,"GSE48472","Pancreas",0.0916590118653846
"DMR_61","chr19",58609269,58611007,"GSE48472","Saliva",0.107619357085714
"DMR_61","chr19",58609269,58611007,"GSE48472","SC_Fat",0.106798567474359
"DMR_61","chr19",58609269,58611007,"GSE48472","Spleen",0.111781723461538
"DMR_62","chr1",57887655,57890636,"GSE48472","Blood",0.0968712974060606
"DMR_62","chr1",57887655,57890636,"GSE48472","Buccal",0.10405161528
"DMR_62","chr1",57887655,57890636,"GSE48472","Hair",0.0931700324266667
"DMR_62","chr1",57887655,57890636,"GSE48472","Liver",0.117998436546667
"DMR_62","chr1",57887655,57890636,"GSE48472","Muscle",0.0918879390222222
"DMR_62","chr1",57887655,57890636,"GSE48472","Omentum",0.101068100388889
"DMR_62","chr1",57887655,57890636,"GSE48472","Pancreas",0.104012518183333
"DMR_62","chr1",57887655,57890636,"GSE48472","Saliva",0.0854429135866667
"DMR_62","chr1",57887655,57890636,"GSE48472","SC_Fat",0.0884493758555556
"DMR_62","chr1",57887655,57890636,"GSE48472","Spleen",0.112546521066667
"DMR_63","chr19",12201983,12203946,"GSE48472","Blood",0.255125229443182
"DMR_63","chr19",12201983,12203946,"GSE48472","Buccal",0.259926120475
"DMR_63","chr19",12201983,12203946,"GSE48472","Hair",0.2274539202
"DMR_63","chr19",12201983,12203946,"GSE48472","Liver",0.3728606524
"DMR_63","chr19",12201983,12203946,"GSE48472","Muscle",0.304777357916667
"DMR_63","chr19",12201983,12203946,"GSE48472","Omentum",0.2288382171875
"DMR_63","chr19",12201983,12203946,"GSE48472","Pancreas",0.29447359796875
"DMR_63","chr19",12201983,12203946,"GSE48472","Saliva",0.24379540755
"DMR_63","chr19",12201983,12203946,"GSE48472","SC_Fat",0.210796214166667
"DMR_63","chr19",12201983,12203946,"GSE48472","Spleen",0.241470057791667
"DMR_64","chr4",166793622,166796212,"GSE48472","Blood",0.110704328224599
"DMR_64","chr4",166793622,166796212,"GSE48472","Buccal",0.109567505352941
"DMR_64","chr4",166793622,166796212,"GSE48472","Hair",0.108662513211765
"DMR_64","chr4",166793622,166796212,"GSE48472","Liver",0.114031729976471
"DMR_64","chr4",166793622,166796212,"GSE48472","Muscle",0.0808542818431373
"DMR_64","chr4",166793622,166796212,"GSE48472","Omentum",0.0991662930980392
"DMR_64","chr4",166793622,166796212,"GSE48472","Pancreas",0.109462578647059
"DMR_64","chr4",166793622,166796212,"GSE48472","Saliva",0.1013566464
"DMR_64","chr4",166793622,166796212,"GSE48472","SC_Fat",0.0889101263431372
"DMR_64","chr4",166793622,166796212,"GSE48472","Spleen",0.116670787686275
"DMR_65","chr20",53091600,53093152,"GSE48472","Blood",0.126372394431818
"DMR_65","chr20",53091600,53093152,"GSE48472","Buccal",0.1361721334
"DMR_65","chr20",53091600,53093152,"GSE48472","Hair",0.150418485816667
"DMR_65","chr20",53091600,53093152,"GSE48472","Liver",0.115864812316667
"DMR_65","chr20",53091600,53093152,"GSE48472","Muscle",0.0961591154722222
"DMR_65","chr20",53091600,53093152,"GSE48472","Omentum",0.111703632555556
"DMR_65","chr20",53091600,53093152,"GSE48472","Pancreas",0.159005033479167
"DMR_65","chr20",53091600,53093152,"GSE48472","Saliva",0.125808229716667
"DMR_65","chr20",53091600,53093152,"GSE48472","SC_Fat",0.09869279875
"DMR_65","chr20",53091600,53093152,"GSE48472","Spleen",0.124074606666667
"DMR_66","chr13",79169714,79171679,"GSE48472","Blood",0.184840156164773
"DMR_66","chr13",79169714,79171679,"GSE48472","Buccal",0.2544593472875
"DMR_66","chr13",79169714,79171679,"GSE48472","Hair",0.26274329
"DMR_66","chr13",79169714,79171679,"GSE48472","Liver",0.191298990125
"DMR_66","chr13",79169714,79171679,"GSE48472","Muscle",0.338531984510417
"DMR_66","chr13",79169714,79171679,"GSE48472","Omentum",0.204236809822917
"DMR_66","chr13",79169714,79171679,"GSE48472","Pancreas",0.250356795828125
"DMR_66","chr13",79169714,79171679,"GSE48472","Saliva",0.198236931375
"DMR_66","chr13",79169714,79171679,"GSE48472","SC_Fat",0.189371127291667
"DMR_66","chr13",79169714,79171679,"GSE48472","Spleen",0.195506729875
"DMR_67","chr7",158935647,158938780,"GSE48472","Blood",0.190352571622378
"DMR_67","chr7",158935647,158938780,"GSE48472","Buccal",0.210033652292308
"DMR_67","chr7",158935647,158938780,"GSE48472","Hair",0.244296290969231
"DMR_67","chr7",158935647,158938780,"GSE48472","Liver",0.207182136476923
"DMR_67","chr7",158935647,158938780,"GSE48472","Muscle",0.232253459397436
"DMR_67","chr7",158935647,158938780,"GSE48472","Omentum",0.198891211102564
"DMR_67","chr7",158935647,158938780,"GSE48472","Pancreas",0.209316756134615
"DMR_67","chr7",158935647,158938780,"GSE48472","Saliva",0.184813832938462
"DMR_67","chr7",158935647,158938780,"GSE48472","SC_Fat",0.194188714089744
"DMR_67","chr7",158935647,158938780,"GSE48472","Spleen",0.219036659820513
"DMR_68","chr13",88323266,88326918,"GSE48472","Blood",0.0922675814818182
"DMR_68","chr13",88323266,88326918,"GSE48472","Buccal",0.08286996335
"DMR_68","chr13",88323266,88326918,"GSE48472","Hair",0.08742882167
"DMR_68","chr13",88323266,88326918,"GSE48472","Liver",0.10743848287
"DMR_68","chr13",88323266,88326918,"GSE48472","Muscle",0.0960557067583333
"DMR_68","chr13",88323266,88326918,"GSE48472","Omentum",0.0942191524833333
"DMR_68","chr13",88323266,88326918,"GSE48472","Pancreas",0.10822343275
"DMR_68","chr13",88323266,88326918,"GSE48472","Saliva",0.07441259646
"DMR_68","chr13",88323266,88326918,"GSE48472","SC_Fat",0.094610687925
"DMR_68","chr13",88323266,88326918,"GSE48472","Spleen",0.1032893832
"DMR_69","chr15",79381747,79383980,"GSE48472","Blood",0.101582386738636
"DMR_69","chr15",79381747,79383980,"GSE48472","Buccal",0.0932442869583333
"DMR_69","chr15",79381747,79383980,"GSE48472","Hair",0.0915257885166667
"DMR_69","chr15",79381747,79383980,"GSE48472","Liver",0.124696299725
"DMR_69","chr15",79381747,79383980,"GSE48472","Muscle",0.0832374800625
"DMR_69","chr15",79381747,79383980,"GSE48472","Omentum",0.0891879963819444
"DMR_69","chr15",79381747,79383980,"GSE48472","Pancreas",0.111068112677083
"DMR_69","chr15",79381747,79383980,"GSE48472","Saliva",0.094429036325
"DMR_69","chr15",79381747,79383980,"GSE48472","SC_Fat",0.0946807768472222
"DMR_69","chr15",79381747,79383980,"GSE48472","Spleen",0.0995003215555556
"DMR_70","chr2",70994758,70996021,"GSE48472","Blood",0.175008181785714
"DMR_70","chr2",70994758,70996021,"GSE48472","Buccal",0.172661406142857
"DMR_70","chr2",70994758,70996021,"GSE48472","Hair",0.155219629828571
"DMR_70","chr2",70994758,70996021,"GSE48472","Liver",0.179229335971429
"DMR_70","chr2",70994758,70996021,"GSE48472","Muscle",0.155455243119048
"DMR_70","chr2",70994758,70996021,"GSE48472","Omentum",0.170605785261905
"DMR_70","chr2",70994758,70996021,"GSE48472","Pancreas",0.194155884178571
"DMR_70","chr2",70994758,70996021,"GSE48472","Saliva",0.170354656585714
"DMR_70","chr2",70994758,70996021,"GSE48472","SC_Fat",0.167849140464286
"DMR_70","chr2",70994758,70996021,"GSE48472","Spleen",0.164962656309524
"DMR_71","chr18",7116421,7119131,"GSE48472","Blood",0.0834354906464646
"DMR_71","chr18",7116421,7119131,"GSE48472","Buccal",0.0656277140222222
"DMR_71","chr18",7116421,7119131,"GSE48472","Hair",0.0676450569333333
"DMR_71","chr18",7116421,7119131,"GSE48472","Liver",0.0805045725555556
"DMR_71","chr18",7116421,7119131,"GSE48472","Muscle",0.0621847936851852
"DMR_71","chr18",7116421,7119131,"GSE48472","Omentum",0.0859228028518519
"DMR_71","chr18",7116421,7119131,"GSE48472","Pancreas",0.0842360516388889
"DMR_71","chr18",7116421,7119131,"GSE48472","Saliva",0.0643848898222222
"DMR_71","chr18",7116421,7119131,"GSE48472","SC_Fat",0.0767649713333333
"DMR_71","chr18",7116421,7119131,"GSE48472","Spleen",0.103679232666667
"DMR_72","chr2",139537131,139539181,"GSE48472","Blood",0.254394934132867
"DMR_72","chr2",139537131,139539181,"GSE48472","Buccal",0.235136921507692
"DMR_72","chr2",139537131,139539181,"GSE48472","Hair",0.216344223415385
"DMR_72","chr2",139537131,139539181,"GSE48472","Liver",0.204376950753846
"DMR_72","chr2",139537131,139539181,"GSE48472","Muscle",0.197547387217949
"DMR_72","chr2",139537131,139539181,"GSE48472","Omentum",0.219154705641026
"DMR_72","chr2",139537131,139539181,"GSE48472","Pancreas",0.224306829230769
"DMR_72","chr2",139537131,139539181,"GSE48472","Saliva",0.235590136261538
"DMR_72","chr2",139537131,139539181,"GSE48472","SC_Fat",0.181221760025641
"DMR_72","chr2",139537131,139539181,"GSE48472","Spleen",0.230368438410256
"DMR_73","chr7",50342251,50345049,"GSE48472","Blood",0.226096743885124
"DMR_73","chr7",50342251,50345049,"GSE48472","Buccal",0.218643767054545
"DMR_73","chr7",50342251,50345049,"GSE48472","Hair",0.202929878963636
"DMR_73","chr7",50342251,50345049,"GSE48472","Liver",0.2140166062
"DMR_73","chr7",50342251,50345049,"GSE48472","Muscle",0.173246864516667
"DMR_73","chr7",50342251,50345049,"GSE48472","Omentum",0.200573034016667
"DMR_73","chr7",50342251,50345049,"GSE48472","Pancreas",0.1840823026
"DMR_73","chr7",50342251,50345049,"GSE48472","Saliva",0.224226553727273
"DMR_73","chr7",50342251,50345049,"GSE48472","SC_Fat",0.200327846866667
"DMR_73","chr7",50342251,50345049,"GSE48472","Spleen",0.2061298874
"DMR_74","chr20",25061762,25065553,"GSE48472","Blood",0.169072565559091
"DMR_74","chr20",25061762,25065553,"GSE48472","Buccal",0.15489235948
"DMR_74","chr20",25061762,25065553,"GSE48472","Hair",0.18911326163
"DMR_74","chr20",25061762,25065553,"GSE48472","Liver",0.16095988697
"DMR_74","chr20",25061762,25065553,"GSE48472","Muscle",0.129505420683333
"DMR_74","chr20",25061762,25065553,"GSE48472","Omentum",0.1562893937
"DMR_74","chr20",25061762,25065553,"GSE48472","Pancreas",0.1994688080625
"DMR_74","chr20",25061762,25065553,"GSE48472","Saliva",0.1618999556
"DMR_74","chr20",25061762,25065553,"GSE48472","SC_Fat",0.139656913608333
"DMR_74","chr20",25061762,25065553,"GSE48472","Spleen",0.165574459083333
"DMR_75","chr5",178016195,178019014,"GSE48472","Blood",0.203538044705882
"DMR_75","chr5",178016195,178019014,"GSE48472","Buccal",0.196647478058824
"DMR_75","chr5",178016195,178019014,"GSE48472","Hair",0.188787510141176
"DMR_75","chr5",178016195,178019014,"GSE48472","Liver",0.230914669235294
"DMR_75","chr5",178016195,178019014,"GSE48472","Muscle",0.201873414558824
"DMR_75","chr5",178016195,178019014,"GSE48472","Omentum",0.210373676362745
"DMR_75","chr5",178016195,178019014,"GSE48472","Pancreas",0.222626478073529
"DMR_75","chr5",178016195,178019014,"GSE48472","Saliva",0.196992262847059
"DMR_75","chr5",178016195,178019014,"GSE48472","SC_Fat",0.201365036215686
"DMR_75","chr5",178016195,178019014,"GSE48472","Spleen",0.222229557372549
"DMR_76","chr6",105584149,105585762,"GSE48472","Blood",0.166022182343434
"DMR_76","chr6",105584149,105585762,"GSE48472","Buccal",0.161680569111111
"DMR_76","chr6",105584149,105585762,"GSE48472","Hair",0.177325015133333
"DMR_76","chr6",105584149,105585762,"GSE48472","Liver",0.192167557066667
"DMR_76","chr6",105584149,105585762,"GSE48472","Muscle",0.100284419962963
"DMR_76","chr6",105584149,105585762,"GSE48472","Omentum",0.156234590240741
"DMR_76","chr6",105584149,105585762,"GSE48472","Pancreas",0.203158211222222
"DMR_76","chr6",105584149,105585762,"GSE48472","Saliva",0.159361014733333
"DMR_76","chr6",105584149,105585762,"GSE48472","SC_Fat",0.158259099759259
"DMR_76","chr6",105584149,105585762,"GSE48472","Spleen",0.156211716925926
"DMR_77","chr13",53419596,53420933,"GSE48472","Blood",0.159414654409091
"DMR_77","chr13",53419596,53420933,"GSE48472","Buccal",0.151442497325
"DMR_77","chr13",53419596,53420933,"GSE48472","Hair",0.16754409235
"DMR_77","chr13",53419596,53420933,"GSE48472","Liver",0.155042298725
"DMR_77","chr13",53419596,53420933,"GSE48472","Muscle",0.178412077604167
"DMR_77","chr13",53419596,53420933,"GSE48472","Omentum",0.192777201729167
"DMR_77","chr13",53419596,53420933,"GSE48472","Pancreas",0.17941101178125
"DMR_77","chr13",53419596,53420933,"GSE48472","Saliva",0.134326274175
"DMR_77","chr13",53419596,53420933,"GSE48472","SC_Fat",0.154574354791667
"DMR_77","chr13",53419596,53420933,"GSE48472","Spleen",0.179284892333333
"DMR_78","chr19",52872727,52873624,"GSE48472","Blood",0.0971883598727273
"DMR_78","chr19",52872727,52873624,"GSE48472","Buccal",0.09059347702
"DMR_78","chr19",52872727,52873624,"GSE48472","Hair",0.0958686662
"DMR_78","chr19",52872727,52873624,"GSE48472","Liver",0.11190288928
"DMR_78","chr19",52872727,52873624,"GSE48472","Muscle",0.07927200435
"DMR_78","chr19",52872727,52873624,"GSE48472","Omentum",0.0953055355166667
"DMR_78","chr19",52872727,52873624,"GSE48472","Pancreas",0.0982704724
"DMR_78","chr19",52872727,52873624,"GSE48472","Saliva",0.09021254042
"DMR_78","chr19",52872727,52873624,"GSE48472","SC_Fat",0.0883452101166667
"DMR_78","chr19",52872727,52873624,"GSE48472","Spleen",0.100248997133333
"DMR_79","chr11",91956670,91960644,"GSE48472","Blood",0.152046749441558
"DMR_79","chr11",91956670,91960644,"GSE48472","Buccal",0.190433440042857
"DMR_79","chr11",91956670,91960644,"GSE48472","Hair",0.195949460285714
"DMR_79","chr11",91956670,91960644,"GSE48472","Liver",0.156195944471429
"DMR_79","chr11",91956670,91960644,"GSE48472","Muscle",0.152631083904762
"DMR_79","chr11",91956670,91960644,"GSE48472","Omentum",0.153451211738095
"DMR_79","chr11",91956670,91960644,"GSE48472","Pancreas",0.172331191339286
"DMR_79","chr11",91956670,91960644,"GSE48472","Saliva",0.1475229896
"DMR_79","chr11",91956670,91960644,"GSE48472","SC_Fat",0.147833395952381
"DMR_79","chr11",91956670,91960644,"GSE48472","Spleen",0.159171516380952
"DMR_80","chr7",103629099,103631129,"GSE48472","Blood",0.0974359973341658
"DMR_80","chr7",103629099,103631129,"GSE48472","Buccal",0.0983458458571429
"DMR_80","chr7",103629099,103631129,"GSE48472","Hair",0.103619860028571
"DMR_80","chr7",103629099,103631129,"GSE48472","Liver",0.0894961949076923
"DMR_80","chr7",103629099,103631129,"GSE48472","Muscle",0.0742790855384615
"DMR_80","chr7",103629099,103631129,"GSE48472","Omentum",0.0889579102820513
"DMR_80","chr7",103629099,103631129,"GSE48472","Pancreas",0.0962697630961538
"DMR_80","chr7",103629099,103631129,"GSE48472","Saliva",0.0959162724142857
"DMR_80","chr7",103629099,103631129,"GSE48472","SC_Fat",0.080871866525641
"DMR_80","chr7",103629099,103631129,"GSE48472","Spleen",0.102734460538462
"DMR_81","chr5",178770629,178773708,"GSE48472","Blood",0.134929851214286
"DMR_81","chr5",178770629,178773708,"GSE48472","Buccal",0.131853091585714
"DMR_81","chr5",178770629,178773708,"GSE48472","Hair",0.150172927942857
"DMR_81","chr5",178770629,178773708,"GSE48472","Liver",0.125908142042857
"DMR_81","chr5",178770629,178773708,"GSE48472","Muscle",0.148440718404762
"DMR_81","chr5",178770629,178773708,"GSE48472","Omentum",0.140366418714286
"DMR_81","chr5",178770629,178773708,"GSE48472","Pancreas",0.126564828
"DMR_81","chr5",178770629,178773708,"GSE48472","Saliva",0.133242396971429
"DMR_81","chr5",178770629,178773708,"GSE48472","SC_Fat",0.138234649083333
"DMR_81","chr5",178770629,178773708,"GSE48472","Spleen",0.141312711642857
"DMR_82","chr15",84115371,84116920,"GSE48472","Blood",0.221611374062937
"DMR_82","chr15",84115371,84116920,"GSE48472","Buccal",0.225011779092308
"DMR_82","chr15",84115371,84116920,"GSE48472","Hair",0.229503491523077
"DMR_82","chr15",84115371,84116920,"GSE48472","Liver",0.199766738292308
"DMR_82","chr15",84115371,84116920,"GSE48472","Muscle",0.180231377358974
"DMR_82","chr15",84115371,84116920,"GSE48472","Omentum",0.209694939166667
"DMR_82","chr15",84115371,84116920,"GSE48472","Pancreas",0.195712723480769
"DMR_82","chr15",84115371,84116920,"GSE48472","Saliva",0.222351204923077
"DMR_82","chr15",84115371,84116920,"GSE48472","SC_Fat",0.190369228910256
"DMR_82","chr15",84115371,84116920,"GSE48472","Spleen",0.218900284641026
"DMR_83","chr9",101469203,101471607,"GSE48472","Blood",0.150290853191919
"DMR_83","chr9",101469203,101471607,"GSE48472","Buccal",0.143490102666667
"DMR_83","chr9",101469203,101471607,"GSE48472","Hair",0.146330539866667
"DMR_83","chr9",101469203,101471607,"GSE48472","Liver",0.146741324555556
"DMR_83","chr9",101469203,101471607,"GSE48472","Muscle",0.119184928111111
"DMR_83","chr9",101469203,101471607,"GSE48472","Omentum",0.136877988444444
"DMR_83","chr9",101469203,101471607,"GSE48472","Pancreas",0.131722062972222
"DMR_83","chr9",101469203,101471607,"GSE48472","Saliva",0.141957322222222
"DMR_83","chr9",101469203,101471607,"GSE48472","SC_Fat",0.136575241722222
"DMR_83","chr9",101469203,101471607,"GSE48472","Spleen",0.140562608592593
"DMR_84","chr12",104696685,104697983,"GSE48472","Blood",0.215474519727273
"DMR_84","chr12",104696685,104697983,"GSE48472","Buccal",0.226846296833333
"DMR_84","chr12",104696685,104697983,"GSE48472","Hair",0.245999397433333
"DMR_84","chr12",104696685,104697983,"GSE48472","Liver",0.332912401883333
"DMR_84","chr12",104696685,104697983,"GSE48472","Muscle",0.1348238995
"DMR_84","chr12",104696685,104697983,"GSE48472","Omentum",0.187131048375
"DMR_84","chr12",104696685,104697983,"GSE48472","Pancreas",0.175496102291667
"DMR_84","chr12",104696685,104697983,"GSE48472","Saliva",0.21125935465
"DMR_84","chr12",104696685,104697983,"GSE48472","SC_Fat",0.150703675416667
"DMR_84","chr12",104696685,104697983,"GSE48472","Spleen",0.225259023027778
"DMR_85","chr5",170742118,170745466,"GSE48472","Blood",0.184221294554545
"DMR_85","chr5",170742118,170745466,"GSE48472","Buccal",0.18778465584
"DMR_85","chr5",170742118,170745466,"GSE48472","Hair",0.19330703398
"DMR_85","chr5",170742118,170745466,"GSE48472","Liver",0.18200014686
"DMR_85","chr5",170742118,170745466,"GSE48472","Muscle",0.138888004816667
"DMR_85","chr5",170742118,170745466,"GSE48472","Omentum",0.174588243633333
"DMR_85","chr5",170742118,170745466,"GSE48472","Pancreas",0.16489306415
"DMR_85","chr5",170742118,170745466,"GSE48472","Saliva",0.17476792446
"DMR_85","chr5",170742118,170745466,"GSE48472","SC_Fat",0.159417324683333
"DMR_85","chr5",170742118,170745466,"GSE48472","Spleen",0.194017408366667
"DMR_86","chr9",124460262,124464871,"GSE48472","Blood",0.175045112436364
"DMR_86","chr9",124460262,124464871,"GSE48472","Buccal",0.17320163836
"DMR_86","chr9",124460262,124464871,"GSE48472","Hair",0.16831241032
"DMR_86","chr9",124460262,124464871,"GSE48472","Liver",0.5670013255
"DMR_86","chr9",124460262,124464871,"GSE48472","Muscle",0.483434913333333
"DMR_86","chr9",124460262,124464871,"GSE48472","Omentum",0.2479142298
"DMR_86","chr9",124460262,124464871,"GSE48472","Pancreas",0.283394820575
"DMR_86","chr9",124460262,124464871,"GSE48472","Saliva",0.17276545328
"DMR_86","chr9",124460262,124464871,"GSE48472","SC_Fat",0.239895282033333
"DMR_86","chr9",124460262,124464871,"GSE48472","Spleen",0.193481610866667
"DMR_87","chr8",48100081,48100957,"GSE48472","Blood",0.19433765040404
"DMR_87","chr8",48100081,48100957,"GSE48472","Buccal",0.209270226044444
"DMR_87","chr8",48100081,48100957,"GSE48472","Hair",0.245973337511111
"DMR_87","chr8",48100081,48100957,"GSE48472","Liver",0.187156732
"DMR_87","chr8",48100081,48100957,"GSE48472","Muscle",0.132626897462963
"DMR_87","chr8",48100081,48100957,"GSE48472","Omentum",0.190207177851852
"DMR_87","chr8",48100081,48100957,"GSE48472","Pancreas",0.1281212675
"DMR_87","chr8",48100081,48100957,"GSE48472","Saliva",0.185497949888889
"DMR_87","chr8",48100081,48100957,"GSE48472","SC_Fat",0.168976503018519
"DMR_87","chr8",48100081,48100957,"GSE48472","Spleen",0.173589771333333
"DMR_88","chr13",23733305,23735282,"GSE48472","Blood",0.269253856306818
"DMR_88","chr13",23733305,23735282,"GSE48472","Buccal",0.275037338075
"DMR_88","chr13",23733305,23735282,"GSE48472","Hair",0.282017682175
"DMR_88","chr13",23733305,23735282,"GSE48472","Liver",0.25785572025
"DMR_88","chr13",23733305,23735282,"GSE48472","Muscle",0.270992803
"DMR_88","chr13",23733305,23735282,"GSE48472","Omentum",0.271002539104167
"DMR_88","chr13",23733305,23735282,"GSE48472","Pancreas",0.269311999875
"DMR_88","chr13",23733305,23735282,"GSE48472","Saliva",0.266245465125
"DMR_88","chr13",23733305,23735282,"GSE48472","SC_Fat",0.267948198208333
"DMR_88","chr13",23733305,23735282,"GSE48472","Spleen",0.285462902375
"DMR_89","chr6",166577862,166583523,"GSE48472","Blood",0.130437397205534
"DMR_89","chr6",166577862,166583523,"GSE48472","Buccal",0.125527290156522
"DMR_89","chr6",166577862,166583523,"GSE48472","Hair",0.117111977591304
"DMR_89","chr6",166577862,166583523,"GSE48472","Liver",0.118984670947826
"DMR_89","chr6",166577862,166583523,"GSE48472","Muscle",0.106096629449275
"DMR_89","chr6",166577862,166583523,"GSE48472","Omentum",0.119345916050725
"DMR_89","chr6",166577862,166583523,"GSE48472","Pancreas",0.122407513076087
"DMR_89","chr6",166577862,166583523,"GSE48472","Saliva",0.122762614469565
"DMR_89","chr6",166577862,166583523,"GSE48472","SC_Fat",0.12142454692029
"DMR_89","chr6",166577862,166583523,"GSE48472","Spleen",0.125621344347826
"DMR_90","chr11",134145490,134147837,"GSE48472","Blood",0.18437946442246
"DMR_90","chr11",134145490,134147837,"GSE48472","Buccal",0.206891314305882
"DMR_90","chr11",134145490,134147837,"GSE48472","Hair",0.208325438270588
"DMR_90","chr11",134145490,134147837,"GSE48472","Liver",0.184962224294118
"DMR_90","chr11",134145490,134147837,"GSE48472","Muscle",0.175473273362745
"DMR_90","chr11",134145490,134147837,"GSE48472","Omentum",0.170668430323529
"DMR_90","chr11",134145490,134147837,"GSE48472","Pancreas",0.183639075794118
"DMR_90","chr11",134145490,134147837,"GSE48472","Saliva",0.1799610306
"DMR_90","chr11",134145490,134147837,"GSE48472","SC_Fat",0.169168474656863
"DMR_90","chr11",134145490,134147837,"GSE48472","Spleen",0.164411311098039
"DMR_91","chr3",185911208,185912486,"GSE48472","Blood",0.359017910191919
"DMR_91","chr3",185911208,185912486,"GSE48472","Buccal",0.263730934466667
"DMR_91","chr3",185911208,185912486,"GSE48472","Hair",0.339662206355556
"DMR_91","chr3",185911208,185912486,"GSE48472","Liver",0.2871407216
"DMR_91","chr3",185911208,185912486,"GSE48472","Muscle",0.424928500518518
"DMR_91","chr3",185911208,185912486,"GSE48472","Omentum",0.299214944722222
"DMR_91","chr3",185911208,185912486,"GSE48472","Pancreas",0.3591129025
"DMR_91","chr3",185911208,185912486,"GSE48472","Saliva",0.382320736733333
"DMR_91","chr3",185911208,185912486,"GSE48472","SC_Fat",0.265763534944444
"DMR_91","chr3",185911208,185912486,"GSE48472","Spleen",0.29621817262963
"DMR_92","chr5",136833216,136834863,"GSE48472","Blood",0.248221912464646
"DMR_92","chr5",136833216,136834863,"GSE48472","Buccal",0.216466489622222
"DMR_92","chr5",136833216,136834863,"GSE48472","Hair",0.196609265688889
"DMR_92","chr5",136833216,136834863,"GSE48472","Liver",0.264456602644444
"DMR_92","chr5",136833216,136834863,"GSE48472","Muscle",0.222475196185185
"DMR_92","chr5",136833216,136834863,"GSE48472","Omentum",0.242536399166667
"DMR_92","chr5",136833216,136834863,"GSE48472","Pancreas",0.278293342638889
"DMR_92","chr5",136833216,136834863,"GSE48472","Saliva",0.228548715933333
"DMR_92","chr5",136833216,136834863,"GSE48472","SC_Fat",0.240287568185185
"DMR_92","chr5",136833216,136834863,"GSE48472","Spleen",0.246413753814815
"DMR_93","chr10",105036495,105038444,"GSE48472","Blood",0.0882018368106061
"DMR_93","chr10",105036495,105038444,"GSE48472","Buccal",0.0899539869
"DMR_93","chr10",105036495,105038444,"GSE48472","Hair",0.0900069653833333
"DMR_93","chr10",105036495,105038444,"GSE48472","Liver",0.125899313833333
"DMR_93","chr10",105036495,105038444,"GSE48472","Muscle",0.0770071802638889
"DMR_93","chr10",105036495,105038444,"GSE48472","Omentum",0.0863051980277778
"DMR_93","chr10",105036495,105038444,"GSE48472","Pancreas",0.103491617541667
"DMR_93","chr10",105036495,105038444,"GSE48472","Saliva",0.0799924672
"DMR_93","chr10",105036495,105038444,"GSE48472","SC_Fat",0.0837066573333333
"DMR_93","chr10",105036495,105038444,"GSE48472","Spleen",0.0907350049166667
"DMR_94","chr20",61806628,61810902,"GSE48472","Blood",0.125774106498024
"DMR_94","chr20",61806628,61810902,"GSE48472","Buccal",0.113715415573913
"DMR_94","chr20",61806628,61810902,"GSE48472","Hair",0.111109741408696
"DMR_94","chr20",61806628,61810902,"GSE48472","Liver",0.121386803495652
"DMR_94","chr20",61806628,61810902,"GSE48472","Muscle",0.0954428787536232
"DMR_94","chr20",61806628,61810902,"GSE48472","Omentum",0.108816729347826
"DMR_94","chr20",61806628,61810902,"GSE48472","Pancreas",0.110386460608696
"DMR_94","chr20",61806628,61810902,"GSE48472","Saliva",0.118487648173913
"DMR_94","chr20",61806628,61810902,"GSE48472","SC_Fat",0.110900870731884
"DMR_94","chr20",61806628,61810902,"GSE48472","Spleen",0.125393948492754
"DMR_95","chr4",156587892,156589349,"GSE48472","Blood",0.083136668972028
"DMR_95","chr4",156587892,156589349,"GSE48472","Buccal",0.0947894555230769
"DMR_95","chr4",156587892,156589349,"GSE48472","Hair",0.0952405775230769
"DMR_95","chr4",156587892,156589349,"GSE48472","Liver",0.0828812606615385
"DMR_95","chr4",156587892,156589349,"GSE48472","Muscle",0.0928544029230769
"DMR_95","chr4",156587892,156589349,"GSE48472","Omentum",0.0802586190512821
"DMR_95","chr4",156587892,156589349,"GSE48472","Pancreas",0.0918891221923077
"DMR_95","chr4",156587892,156589349,"GSE48472","Saliva",0.0818082990461538
"DMR_95","chr4",156587892,156589349,"GSE48472","SC_Fat",0.0939105130384615
"DMR_95","chr4",156587892,156589349,"GSE48472","Spleen",0.0883432696153846
"DMR_96","chr4",134067133,134070598,"GSE48472","Blood",0.0983551828701299
"DMR_96","chr4",134067133,134070598,"GSE48472","Buccal",0.0942233754571429
"DMR_96","chr4",134067133,134070598,"GSE48472","Hair",0.0952929796571429
"DMR_96","chr4",134067133,134070598,"GSE48472","Liver",0.111031229619048
"DMR_96","chr4",134067133,134070598,"GSE48472","Muscle",0.0845084892698413
"DMR_96","chr4",134067133,134070598,"GSE48472","Omentum",0.0973867785793651
"DMR_96","chr4",134067133,134070598,"GSE48472","Pancreas",0.105272836916667
"DMR_96","chr4",134067133,134070598,"GSE48472","Saliva",0.0874239911904762
"DMR_96","chr4",134067133,134070598,"GSE48472","SC_Fat",0.0941365274444445
"DMR_96","chr4",134067133,134070598,"GSE48472","Spleen",0.104813042984127
"DMR_97","chr11",111410878,111412172,"GSE48472","Blood",0.203806528867769
"DMR_97","chr11",111410878,111412172,"GSE48472","Buccal",0.204767809690909
"DMR_97","chr11",111410878,111412172,"GSE48472","Hair",0.1333747356
"DMR_97","chr11",111410878,111412172,"GSE48472","Liver",0.277466981290909
"DMR_97","chr11",111410878,111412172,"GSE48472","Muscle",0.131606604606061
"DMR_97","chr11",111410878,111412172,"GSE48472","Omentum",0.187735298484848
"DMR_97","chr11",111410878,111412172,"GSE48472","Pancreas",0.235600222045455
"DMR_97","chr11",111410878,111412172,"GSE48472","Saliva",0.182191458763636
"DMR_97","chr11",111410878,111412172,"GSE48472","SC_Fat",0.195138393757576
"DMR_97","chr11",111410878,111412172,"GSE48472","Spleen",0.185173223575758
"DMR_98","chr13",102568345,102570482,"GSE48472","Blood",0.139457047436364
"DMR_98","chr13",102568345,102570482,"GSE48472","Buccal",0.16859422448
"DMR_98","chr13",102568345,102570482,"GSE48472","Hair",0.17421774298
"DMR_98","chr13",102568345,102570482,"GSE48472","Liver",0.14901773864
"DMR_98","chr13",102568345,102570482,"GSE48472","Muscle",0.10840176755
"DMR_98","chr13",102568345,102570482,"GSE48472","Omentum",0.134153444833333
"DMR_98","chr13",102568345,102570482,"GSE48472","Pancreas",0.131890920775
"DMR_98","chr13",102568345,102570482,"GSE48472","Saliva",0.14000557258
"DMR_98","chr13",102568345,102570482,"GSE48472","SC_Fat",0.1326179825
"DMR_98","chr13",102568345,102570482,"GSE48472","Spleen",0.136708696933333
"DMR_99","chr1",237204939,237207256,"GSE48472","Blood",0.191716678318182
"DMR_99","chr1",237204939,237207256,"GSE48472","Buccal",0.17445483544
"DMR_99","chr1",237204939,237207256,"GSE48472","Hair",0.2045553069
"DMR_99","chr1",237204939,237207256,"GSE48472","Liver",0.16559329148
"DMR_99","chr1",237204939,237207256,"GSE48472","Muscle",0.161031225883333
"DMR_99","chr1",237204939,237207256,"GSE48472","Omentum",0.186556720516667
"DMR_99","chr1",237204939,237207256,"GSE48472","Pancreas",0.153988464275
"DMR_99","chr1",237204939,237207256,"GSE48472","Saliva",0.17593550502
"DMR_99","chr1",237204939,237207256,"GSE48472","SC_Fat",0.154756605583333
"DMR_99","chr1",237204939,237207256,"GSE48472","Spleen",0.200261481866667
"DMR_100","chr1",200002343,200006247,"GSE48472","Blood",0.26828793584492
"DMR_100","chr1",200002343,200006247,"GSE48472","Buccal",0.3588768402
"DMR_100","chr1",200002343,200006247,"GSE48472","Hair",0.228092214117647
"DMR_100","chr1",200002343,200006247,"GSE48472","Liver",0.587972267647059
"DMR_100","chr1",200002343,200006247,"GSE48472","Muscle",0.315990657196078
"DMR_100","chr1",200002343,200006247,"GSE48472","Omentum",0.286710714676471
"DMR_100","chr1",200002343,200006247,"GSE48472","Pancreas",0.260580318911765
"DMR_100","chr1",200002343,200006247,"GSE48472","Saliva",0.289944901141176
"DMR_100","chr1",200002343,200006247,"GSE48472","SC_Fat",0.299817790107843
"DMR_100","chr1",200002343,200006247,"GSE48472","Spleen",0.312316694960784
"DMR_101","chr2",193058172,193061253,"GSE48472","Blood",0.205721144036364
"DMR_101","chr2",193058172,193061253,"GSE48472","Buccal",0.20739594986
"DMR_101","chr2",193058172,193061253,"GSE48472","Hair",0.14746528234
"DMR_101","chr2",193058172,193061253,"GSE48472","Liver",0.19131523174
"DMR_101","chr2",193058172,193061253,"GSE48472","Muscle",0.1216141556
"DMR_101","chr2",193058172,193061253,"GSE48472","Omentum",0.1772705292
"DMR_101","chr2",193058172,193061253,"GSE48472","Pancreas",0.175670143075
"DMR_101","chr2",193058172,193061253,"GSE48472","Saliva",0.19831132394
"DMR_101","chr2",193058172,193061253,"GSE48472","SC_Fat",0.17544576575
"DMR_101","chr2",193058172,193061253,"GSE48472","Spleen",0.176105177033333
"DMR_102","chr11",65600773,65601427,"GSE48472","Blood",0.0625268636060606
"DMR_102","chr11",65600773,65601427,"GSE48472","Buccal",0.0510148227
"DMR_102","chr11",65600773,65601427,"GSE48472","Hair",0.05537821985
"DMR_102","chr11",65600773,65601427,"GSE48472","Liver",0.0995949747833333
"DMR_102","chr11",65600773,65601427,"GSE48472","Muscle",0.0658988764305556
"DMR_102","chr11",65600773,65601427,"GSE48472","Omentum",0.0630173607916667
"DMR_102","chr11",65600773,65601427,"GSE48472","Pancreas",0.0884608370416667
"DMR_102","chr11",65600773,65601427,"GSE48472","Saliva",0.0519656349166667
"DMR_102","chr11",65600773,65601427,"GSE48472","SC_Fat",0.0724002008333333
"DMR_102","chr11",65600773,65601427,"GSE48472","Spleen",0.0609962793333333
"DMR_103","chr7",145812625,145814306,"GSE48472","Blood",0.127099221251337
"DMR_103","chr7",145812625,145814306,"GSE48472","Buccal",0.117102634729412
"DMR_103","chr7",145812625,145814306,"GSE48472","Hair",0.108797207658824
"DMR_103","chr7",145812625,145814306,"GSE48472","Liver",0.138330060976471
"DMR_103","chr7",145812625,145814306,"GSE48472","Muscle",0.102422006598039
"DMR_103","chr7",145812625,145814306,"GSE48472","Omentum",0.123999760960784
"DMR_103","chr7",145812625,145814306,"GSE48472","Pancreas",0.131807311014706
"DMR_103","chr7",145812625,145814306,"GSE48472","Saliva",0.103698100552941
"DMR_103","chr7",145812625,145814306,"GSE48472","SC_Fat",0.117104402490196
"DMR_103","chr7",145812625,145814306,"GSE48472","Spleen",0.138203685313725
"DMR_104","chr8",89338965,89341103,"GSE48472","Blood",0.131458540223776
"DMR_104","chr8",89338965,89341103,"GSE48472","Buccal",0.130155641076923
"DMR_104","chr8",89338965,89341103,"GSE48472","Hair",0.1365776282
"DMR_104","chr8",89338965,89341103,"GSE48472","Liver",0.134975388292308
"DMR_104","chr8",89338965,89341103,"GSE48472","Muscle",0.114735657628205
"DMR_104","chr8",89338965,89341103,"GSE48472","Omentum",0.119067577705128
"DMR_104","chr8",89338965,89341103,"GSE48472","Pancreas",0.143438839442308
"DMR_104","chr8",89338965,89341103,"GSE48472","Saliva",0.123004395292308
"DMR_104","chr8",89338965,89341103,"GSE48472","SC_Fat",0.12875199625641
"DMR_104","chr8",89338965,89341103,"GSE48472","Spleen",0.128470310153846
"DMR_105","chr13",95618902,95620997,"GSE48472","Blood",0.203857933621212
"DMR_105","chr13",95618902,95620997,"GSE48472","Buccal",0.1968675151
"DMR_105","chr13",95618902,95620997,"GSE48472","Hair",0.236510113066667
"DMR_105","chr13",95618902,95620997,"GSE48472","Liver",0.150840050833333
"DMR_105","chr13",95618902,95620997,"GSE48472","Muscle",0.157240722222222
"DMR_105","chr13",95618902,95620997,"GSE48472","Omentum",0.183163482583333
"DMR_105","chr13",95618902,95620997,"GSE48472","Pancreas",0.175026689375
"DMR_105","chr13",95618902,95620997,"GSE48472","Saliva",0.214514167033333
"DMR_105","chr13",95618902,95620997,"GSE48472","SC_Fat",0.173606079638889
"DMR_105","chr13",95618902,95620997,"GSE48472","Spleen",0.189286093166667
"DMR_106","chr8",97169621,97174382,"GSE48472","Blood",0.123592675743083
"DMR_106","chr8",97169621,97174382,"GSE48472","Buccal",0.137935955095652
"DMR_106","chr8",97169621,97174382,"GSE48472","Hair",0.148554914556522
"DMR_106","chr8",97169621,97174382,"GSE48472","Liver",0.146823218382609
"DMR_106","chr8",97169621,97174382,"GSE48472","Muscle",0.158834075275362
"DMR_106","chr8",97169621,97174382,"GSE48472","Omentum",0.157678000065217
"DMR_106","chr8",97169621,97174382,"GSE48472","Pancreas",0.232571613532609
"DMR_106","chr8",97169621,97174382,"GSE48472","Saliva",0.114235611330435
"DMR_106","chr8",97169621,97174382,"GSE48472","SC_Fat",0.191963237021739
"DMR_106","chr8",97169621,97174382,"GSE48472","Spleen",0.135648884855072
"DMR_107","chr8",69240774,69244553,"GSE48472","Blood",0.232858973266667
"DMR_107","chr8",69240774,69244553,"GSE48472","Buccal",0.210417232133333
"DMR_107","chr8",69240774,69244553,"GSE48472","Hair",0.198174126586667
"DMR_107","chr8",69240774,69244553,"GSE48472","Liver",0.198070197573333
"DMR_107","chr8",69240774,69244553,"GSE48472","Muscle",0.182258997322222
"DMR_107","chr8",69240774,69244553,"GSE48472","Omentum",0.222888726766667
"DMR_107","chr8",69240774,69244553,"GSE48472","Pancreas",0.191461502983333
"DMR_107","chr8",69240774,69244553,"GSE48472","Saliva",0.216337520786667
"DMR_107","chr8",69240774,69244553,"GSE48472","SC_Fat",0.2204160895
"DMR_107","chr8",69240774,69244553,"GSE48472","Spleen",0.225304152666667
"DMR_108","chr2",137521943,137523892,"GSE48472","Blood",0.0987770962045455
"DMR_108","chr2",137521943,137523892,"GSE48472","Buccal",0.083834395625
"DMR_108","chr2",137521943,137523892,"GSE48472","Hair",0.09182820745
"DMR_108","chr2",137521943,137523892,"GSE48472","Liver",0.100554613275
"DMR_108","chr2",137521943,137523892,"GSE48472","Muscle",0.0857716385625
"DMR_108","chr2",137521943,137523892,"GSE48472","Omentum",0.0926297737708333
"DMR_108","chr2",137521943,137523892,"GSE48472","Pancreas",0.098557016375
"DMR_108","chr2",137521943,137523892,"GSE48472","Saliva",0.088770177825
"DMR_108","chr2",137521943,137523892,"GSE48472","SC_Fat",0.0861166082916667
"DMR_108","chr2",137521943,137523892,"GSE48472","Spleen",0.102002295333333
"DMR_109","chr3",237137,240139,"GSE48472","Blood",0.16083444650303
"DMR_109","chr3",237137,240139,"GSE48472","Buccal",0.08870620216
"DMR_109","chr3",237137,240139,"GSE48472","Hair",0.0811936875066667
"DMR_109","chr3",237137,240139,"GSE48472","Liver",0.146851850626667
"DMR_109","chr3",237137,240139,"GSE48472","Muscle",0.0974652263222222
"DMR_109","chr3",237137,240139,"GSE48472","Omentum",0.138264608633333
"DMR_109","chr3",237137,240139,"GSE48472","Pancreas",0.13373689805
"DMR_109","chr3",237137,240139,"GSE48472","Saliva",0.10413924536
"DMR_109","chr3",237137,240139,"GSE48472","SC_Fat",0.136713591477778
"DMR_109","chr3",237137,240139,"GSE48472","Spleen",0.173673910733333
"DMR_110","chr6",94126141,94129636,"GSE48472","Blood",0.118269274045455
"DMR_110","chr6",94126141,94129636,"GSE48472","Buccal",0.144802019344444
"DMR_110","chr6",94126141,94129636,"GSE48472","Hair",0.130493820511111
"DMR_110","chr6",94126141,94129636,"GSE48472","Liver",0.151572439544444
"DMR_110","chr6",94126141,94129636,"GSE48472","Muscle",0.120146292935185
"DMR_110","chr6",94126141,94129636,"GSE48472","Omentum",0.133125655037037
"DMR_110","chr6",94126141,94129636,"GSE48472","Pancreas",0.141118118916667
"DMR_110","chr6",94126141,94129636,"GSE48472","Saliva",0.116366438177778
"DMR_110","chr6",94126141,94129636,"GSE48472","SC_Fat",0.129250649138889
"DMR_110","chr6",94126141,94129636,"GSE48472","Spleen",0.121361406037037
"DMR_111","chr16",28072873,28076248,"GSE48472","Blood",0.1842901475
"DMR_111","chr16",28072873,28076248,"GSE48472","Buccal",0.204230221971429
"DMR_111","chr16",28072873,28076248,"GSE48472","Hair",0.196422459014286
"DMR_111","chr16",28072873,28076248,"GSE48472","Liver",0.162678516357143
"DMR_111","chr16",28072873,28076248,"GSE48472","Muscle",0.158427885178571
"DMR_111","chr16",28072873,28076248,"GSE48472","Omentum",0.171429409345238
"DMR_111","chr16",28072873,28076248,"GSE48472","Pancreas",0.152746432910714
"DMR_111","chr16",28072873,28076248,"GSE48472","Saliva",0.1823457565
"DMR_111","chr16",28072873,28076248,"GSE48472","SC_Fat",0.174273860119048
"DMR_111","chr16",28072873,28076248,"GSE48472","Spleen",0.168895365619048
"DMR_112","chr7",84814140,84816843,"GSE48472","Blood",0.170959026831169
"DMR_112","chr7",84814140,84816843,"GSE48472","Buccal",0.186861822
"DMR_112","chr7",84814140,84816843,"GSE48472","Hair",0.146507983357143
"DMR_112","chr7",84814140,84816843,"GSE48472","Liver",0.151975906628571
"DMR_112","chr7",84814140,84816843,"GSE48472","Muscle",0.172260803285714
"DMR_112","chr7",84814140,84816843,"GSE48472","Omentum",0.158807893119048
"DMR_112","chr7",84814140,84816843,"GSE48472","Pancreas",0.181350337160714
"DMR_112","chr7",84814140,84816843,"GSE48472","Saliva",0.161120911142857
"DMR_112","chr7",84814140,84816843,"GSE48472","SC_Fat",0.164867041547619
"DMR_112","chr7",84814140,84816843,"GSE48472","Spleen",0.16848169097619
"DMR_113","chr20",37433247,37435978,"GSE48472","Blood",0.115515935860963
"DMR_113","chr20",37433247,37435978,"GSE48472","Buccal",0.305772125094118
"DMR_113","chr20",37433247,37435978,"GSE48472","Hair",0.356789278552941
"DMR_113","chr20",37433247,37435978,"GSE48472","Liver",0.329713726847059
"DMR_113","chr20",37433247,37435978,"GSE48472","Muscle",0.284209270843137
"DMR_113","chr20",37433247,37435978,"GSE48472","Omentum",0.187304505539216
"DMR_113","chr20",37433247,37435978,"GSE48472","Pancreas",0.359844526073529
"DMR_113","chr20",37433247,37435978,"GSE48472","Saliva",0.202668994635294
"DMR_113","chr20",37433247,37435978,"GSE48472","SC_Fat",0.223055948441176
"DMR_113","chr20",37433247,37435978,"GSE48472","Spleen",0.155559196039216
"DMR_114","chr15",83775590,83777082,"GSE48472","Blood",0.140558742951049
"DMR_114","chr15",83775590,83777082,"GSE48472","Buccal",0.2357177936
"DMR_114","chr15",83775590,83777082,"GSE48472","Hair",0.249319797753846
"DMR_114","chr15",83775590,83777082,"GSE48472","Liver",0.232617459661538
"DMR_114","chr15",83775590,83777082,"GSE48472","Muscle",0.121964795641026
"DMR_114","chr15",83775590,83777082,"GSE48472","Omentum",0.174123471384615
"DMR_114","chr15",83775590,83777082,"GSE48472","Pancreas",0.251867859211538
"DMR_114","chr15",83775590,83777082,"GSE48472","Saliva",0.145697174446154
"DMR_114","chr15",83775590,83777082,"GSE48472","SC_Fat",0.185813642884615
"DMR_114","chr15",83775590,83777082,"GSE48472","Spleen",0.135462057794872
"DMR_115","chr1",91182215,91185922,"GSE48472","Blood",0.178925820294545
"DMR_115","chr1",91182215,91185922,"GSE48472","Buccal",0.202733824992
"DMR_115","chr1",91182215,91185922,"GSE48472","Hair",0.217621537272
"DMR_115","chr1",91182215,91185922,"GSE48472","Liver",0.19905685224
"DMR_115","chr1",91182215,91185922,"GSE48472","Muscle",0.169918674966667
"DMR_115","chr1",91182215,91185922,"GSE48472","Omentum",0.17894680418
"DMR_115","chr1",91182215,91185922,"GSE48472","Pancreas",0.21571350049
"DMR_115","chr1",91182215,91185922,"GSE48472","Saliva",0.172820223584
"DMR_115","chr1",91182215,91185922,"GSE48472","SC_Fat",0.167668493893333
"DMR_115","chr1",91182215,91185922,"GSE48472","Spleen",0.188432151053333
"DMR_116","chr17",6616351,6617470,"GSE48472","Blood",0.119380826826446
"DMR_116","chr17",6616351,6617470,"GSE48472","Buccal",0.137907071327273
"DMR_116","chr17",6616351,6617470,"GSE48472","Hair",0.126427112145455
"DMR_116","chr17",6616351,6617470,"GSE48472","Liver",0.147194413872727
"DMR_116","chr17",6616351,6617470,"GSE48472","Muscle",0.0965184532727273
"DMR_116","chr17",6616351,6617470,"GSE48472","Omentum",0.114154364575758
"DMR_116","chr17",6616351,6617470,"GSE48472","Pancreas",0.131772838431818
"DMR_116","chr17",6616351,6617470,"GSE48472","Saliva",0.116963517745455
"DMR_116","chr17",6616351,6617470,"GSE48472","SC_Fat",0.110694921030303
"DMR_116","chr17",6616351,6617470,"GSE48472","Spleen",0.125778179757576
"DMR_117","chr2",164592477,164594200,"GSE48472","Blood",0.214822371462121
"DMR_117","chr2",164592477,164594200,"GSE48472","Buccal",0.208819404366667
"DMR_117","chr2",164592477,164594200,"GSE48472","Hair",0.212163132316667
"DMR_117","chr2",164592477,164594200,"GSE48472","Liver",0.205036891833333
"DMR_117","chr2",164592477,164594200,"GSE48472","Muscle",0.200904584333333
"DMR_117","chr2",164592477,164594200,"GSE48472","Omentum",0.218748975972222
"DMR_117","chr2",164592477,164594200,"GSE48472","Pancreas",0.205732319520833
"DMR_117","chr2",164592477,164594200,"GSE48472","Saliva",0.193716797716667
"DMR_117","chr2",164592477,164594200,"GSE48472","SC_Fat",0.199225412888889
"DMR_117","chr2",164592477,164594200,"GSE48472","Spleen",0.241425104833333
"DMR_118","chr4",110222806,110224951,"GSE48472","Blood",0.15623258882684
"DMR_118","chr4",110222806,110224951,"GSE48472","Buccal",0.148803783504762
"DMR_118","chr4",110222806,110224951,"GSE48472","Hair",0.152111655819048
"DMR_118","chr4",110222806,110224951,"GSE48472","Liver",0.180870691038095
"DMR_118","chr4",110222806,110224951,"GSE48472","Muscle",0.143663769015873
"DMR_118","chr4",110222806,110224951,"GSE48472","Omentum",0.155909244944444
"DMR_118","chr4",110222806,110224951,"GSE48472","Pancreas",0.158805240511905
"DMR_118","chr4",110222806,110224951,"GSE48472","Saliva",0.153675712504762
"DMR_118","chr4",110222806,110224951,"GSE48472","SC_Fat",0.150187833888889
"DMR_118","chr4",110222806,110224951,"GSE48472","Spleen",0.171147535063492
"DMR_119","chr11",105479843,105481988,"GSE48472","Blood",0.126350980550505
"DMR_119","chr11",105479843,105481988,"GSE48472","Buccal",0.141654128877778
"DMR_119","chr11",105479843,105481988,"GSE48472","Hair",0.129307440133333
"DMR_119","chr11",105479843,105481988,"GSE48472","Liver",0.121611249011111
"DMR_119","chr11",105479843,105481988,"GSE48472","Muscle",0.116859399537037
"DMR_119","chr11",105479843,105481988,"GSE48472","Omentum",0.130735878666667
"DMR_119","chr11",105479843,105481988,"GSE48472","Pancreas",0.13922460575
"DMR_119","chr11",105479843,105481988,"GSE48472","Saliva",0.113123234011111
"DMR_119","chr11",105479843,105481988,"GSE48472","SC_Fat",0.117620713666667
"DMR_119","chr11",105479843,105481988,"GSE48472","Spleen",0.141154627518519
"DMR_120","chr11",20689672,20693928,"GSE48472","Blood",0.138908488827273
"DMR_120","chr11",20689672,20693928,"GSE48472","Buccal",0.16107961144
"DMR_120","chr11",20689672,20693928,"GSE48472","Hair",0.11889132426
"DMR_120","chr11",20689672,20693928,"GSE48472","Liver",0.13292085754
"DMR_120","chr11",20689672,20693928,"GSE48472","Muscle",0.111079092916667
"DMR_120","chr11",20689672,20693928,"GSE48472","Omentum",0.134299919108333
"DMR_120","chr11",20689672,20693928,"GSE48472","Pancreas",0.1297086375375
"DMR_120","chr11",20689672,20693928,"GSE48472","Saliva",0.12887076776
"DMR_120","chr11",20689672,20693928,"GSE48472","SC_Fat",0.12329228565
"DMR_120","chr11",20689672,20693928,"GSE48472","Spleen",0.14921383875
"DMR_121","chr2",119599067,119600948,"GSE48472","Blood",0.148959425657343
"DMR_121","chr2",119599067,119600948,"GSE48472","Buccal",0.206141257307692
"DMR_121","chr2",119599067,119600948,"GSE48472","Hair",0.670751339107692
"DMR_121","chr2",119599067,119600948,"GSE48472","Liver",0.212962022615385
"DMR_121","chr2",119599067,119600948,"GSE48472","Muscle",0.291887978051282
"DMR_121","chr2",119599067,119600948,"GSE48472","Omentum",0.244930500615385
"DMR_121","chr2",119599067,119600948,"GSE48472","Pancreas",0.32619228775
"DMR_121","chr2",119599067,119600948,"GSE48472","Saliva",0.155123958553846
"DMR_121","chr2",119599067,119600948,"GSE48472","SC_Fat",0.231593334871795
"DMR_121","chr2",119599067,119600948,"GSE48472","Spleen",0.160426479128205
"DMR_122","chr2",154727485,154730326,"GSE48472","Blood",0.17296670315508
"DMR_122","chr2",154727485,154730326,"GSE48472","Buccal",0.166529250235294
"DMR_122","chr2",154727485,154730326,"GSE48472","Hair",0.168905971435294
"DMR_122","chr2",154727485,154730326,"GSE48472","Liver",0.139237644341176
"DMR_122","chr2",154727485,154730326,"GSE48472","Muscle",0.115424781421569
"DMR_122","chr2",154727485,154730326,"GSE48472","Omentum",0.151766678960784
"DMR_122","chr2",154727485,154730326,"GSE48472","Pancreas",0.136521872058824
"DMR_122","chr2",154727485,154730326,"GSE48472","Saliva",0.156833360529412
"DMR_122","chr2",154727485,154730326,"GSE48472","SC_Fat",0.12337969422549
"DMR_122","chr2",154727485,154730326,"GSE48472","Spleen",0.179509479333333
"DMR_123","chr6",85471973,85474803,"GSE48472","Blood",0.146992606818182
"DMR_123","chr6",85471973,85474803,"GSE48472","Buccal",0.154665386529412
"DMR_123","chr6",85471973,85474803,"GSE48472","Hair",0.135844945670588
"DMR_123","chr6",85471973,85474803,"GSE48472","Liver",0.1789988694
"DMR_123","chr6",85471973,85474803,"GSE48472","Muscle",0.11699732072549
"DMR_123","chr6",85471973,85474803,"GSE48472","Omentum",0.148692049176471
"DMR_123","chr6",85471973,85474803,"GSE48472","Pancreas",0.156660673220588
"DMR_123","chr6",85471973,85474803,"GSE48472","Saliva",0.129151861117647
"DMR_123","chr6",85471973,85474803,"GSE48472","SC_Fat",0.119533388480392
"DMR_123","chr6",85471973,85474803,"GSE48472","Spleen",0.15709911454902
"DMR_124","chr12",65218019,65220152,"GSE48472","Blood",0.114107703371901
"DMR_124","chr12",65218019,65220152,"GSE48472","Buccal",0.114559601
"DMR_124","chr12",65218019,65220152,"GSE48472","Hair",0.112039253381818
"DMR_124","chr12",65218019,65220152,"GSE48472","Liver",0.133062661563636
"DMR_124","chr12",65218019,65220152,"GSE48472","Muscle",0.0969173417878788
"DMR_124","chr12",65218019,65220152,"GSE48472","Omentum",0.107062978242424
"DMR_124","chr12",65218019,65220152,"GSE48472","Pancreas",0.540073351727273
"DMR_124","chr12",65218019,65220152,"GSE48472","Saliva",0.113386601909091
"DMR_124","chr12",65218019,65220152,"GSE48472","SC_Fat",0.122084872666667
"DMR_124","chr12",65218019,65220152,"GSE48472","Spleen",0.112057545727273
"DMR_125","chr4",5712426,5713546,"GSE48472","Blood",0.145738956702479
"DMR_125","chr4",5712426,5713546,"GSE48472","Buccal",0.118691214490909
"DMR_125","chr4",5712426,5713546,"GSE48472","Hair",0.106297423345455
"DMR_125","chr4",5712426,5713546,"GSE48472","Liver",0.131053951345455
"DMR_125","chr4",5712426,5713546,"GSE48472","Muscle",0.116446302606061
"DMR_125","chr4",5712426,5713546,"GSE48472","Omentum",0.125743408863636
"DMR_125","chr4",5712426,5713546,"GSE48472","Pancreas",0.130724641568182
"DMR_125","chr4",5712426,5713546,"GSE48472","Saliva",0.135801380709091
"DMR_125","chr4",5712426,5713546,"GSE48472","SC_Fat",0.117206755075758
"DMR_125","chr4",5712426,5713546,"GSE48472","Spleen",0.141035407757576
"DMR_126","chr1",119548527,119551851,"GSE48472","Blood",0.173267878176136
"DMR_126","chr1",119548527,119551851,"GSE48472","Buccal",0.2067545306125
"DMR_126","chr1",119548527,119551851,"GSE48472","Hair",0.23452636345
"DMR_126","chr1",119548527,119551851,"GSE48472","Liver",0.207316047475
"DMR_126","chr1",119548527,119551851,"GSE48472","Muscle",0.48944267628125
"DMR_126","chr1",119548527,119551851,"GSE48472","Omentum",0.204715138552083
"DMR_126","chr1",119548527,119551851,"GSE48472","Pancreas",0.2023326030625
"DMR_126","chr1",119548527,119551851,"GSE48472","Saliva",0.1673797521625
"DMR_126","chr1",119548527,119551851,"GSE48472","SC_Fat",0.349633755541667
"DMR_126","chr1",119548527,119551851,"GSE48472","Spleen",0.175775631875
"DMR_127","chr7",93519220,93521196,"GSE48472","Blood",0.246788326327345
"DMR_127","chr7",93519220,93521196,"GSE48472","Buccal",0.300218515747826
"DMR_127","chr7",93519220,93521196,"GSE48472","Hair",0.31548934086087
"DMR_127","chr7",93519220,93521196,"GSE48472","Liver",0.237438513090909
"DMR_127","chr7",93519220,93521196,"GSE48472","Muscle",0.275240386522727
"DMR_127","chr7",93519220,93521196,"GSE48472","Omentum",0.243068513992424
"DMR_127","chr7",93519220,93521196,"GSE48472","Pancreas",0.220260155181818
"DMR_127","chr7",93519220,93521196,"GSE48472","Saliva",0.269990137165217
"DMR_127","chr7",93519220,93521196,"GSE48472","SC_Fat",0.254013332242424
"DMR_127","chr7",93519220,93521196,"GSE48472","Spleen",0.24047591530303
"DMR_128","chr15",48935514,48939483,"GSE48472","Blood",0.352788466675325
"DMR_128","chr15",48935514,48939483,"GSE48472","Buccal",0.341110183642857
"DMR_128","chr15",48935514,48939483,"GSE48472","Hair",0.312613309642857
"DMR_128","chr15",48935514,48939483,"GSE48472","Liver",0.319386226242857
"DMR_128","chr15",48935514,48939483,"GSE48472","Muscle",0.275680570511905
"DMR_128","chr15",48935514,48939483,"GSE48472","Omentum",0.268467470904762
"DMR_128","chr15",48935514,48939483,"GSE48472","Pancreas",0.300973947732143
"DMR_128","chr15",48935514,48939483,"GSE48472","Saliva",0.356903682842857
"DMR_128","chr15",48935514,48939483,"GSE48472","SC_Fat",0.240461406321429
"DMR_128","chr15",48935514,48939483,"GSE48472","Spleen",0.274817006047619
"DMR_129","chr9",37026418,37027815,"GSE48472","Blood",0.123747932623377
"DMR_129","chr9",37026418,37027815,"GSE48472","Buccal",0.111261845
"DMR_129","chr9",37026418,37027815,"GSE48472","Hair",0.1017049536
"DMR_129","chr9",37026418,37027815,"GSE48472","Liver",0.164057453057143
"DMR_129","chr9",37026418,37027815,"GSE48472","Muscle",0.105361883690476
"DMR_129","chr9",37026418,37027815,"GSE48472","Omentum",0.113780763095238
"DMR_129","chr9",37026418,37027815,"GSE48472","Pancreas",0.127454419357143
"DMR_129","chr9",37026418,37027815,"GSE48472","Saliva",0.108026535371429
"DMR_129","chr9",37026418,37027815,"GSE48472","SC_Fat",0.12282130547619
"DMR_129","chr9",37026418,37027815,"GSE48472","Spleen",0.106314728571429
"DMR_130","chr2",40677600,40680611,"GSE48472","Blood",0.140230370627273
"DMR_130","chr2",40677600,40680611,"GSE48472","Buccal",0.14928955498
"DMR_130","chr2",40677600,40680611,"GSE48472","Hair",0.12648134546
"DMR_130","chr2",40677600,40680611,"GSE48472","Liver",0.14391160166
"DMR_130","chr2",40677600,40680611,"GSE48472","Muscle",0.160446680433333
"DMR_130","chr2",40677600,40680611,"GSE48472","Omentum",0.11333565855
"DMR_130","chr2",40677600,40680611,"GSE48472","Pancreas",0.144626847675
"DMR_130","chr2",40677600,40680611,"GSE48472","Saliva",0.1372026094
"DMR_130","chr2",40677600,40680611,"GSE48472","SC_Fat",0.111885592083333
"DMR_130","chr2",40677600,40680611,"GSE48472","Spleen",0.132178025066667
"DMR_131","chr2",29335792,29339806,"GSE48472","Blood",0.182241656909091
"DMR_131","chr2",29335792,29339806,"GSE48472","Buccal",0.1690665177
"DMR_131","chr2",29335792,29339806,"GSE48472","Hair",0.173223965775
"DMR_131","chr2",29335792,29339806,"GSE48472","Liver",0.2703626361625
"DMR_131","chr2",29335792,29339806,"GSE48472","Muscle",0.197081274385417
"DMR_131","chr2",29335792,29339806,"GSE48472","Omentum",0.184866874875
"DMR_131","chr2",29335792,29339806,"GSE48472","Pancreas",0.31050290509375
"DMR_131","chr2",29335792,29339806,"GSE48472","Saliva",0.1807903995125
"DMR_131","chr2",29335792,29339806,"GSE48472","SC_Fat",0.2035295618125
"DMR_131","chr2",29335792,29339806,"GSE48472","Spleen",0.184027920208333
"DMR_132","chr1",77331940,77334748,"GSE48472","Blood",0.122664935244318
"DMR_132","chr1",77331940,77334748,"GSE48472","Buccal",0.1642424538375
"DMR_132","chr1",77331940,77334748,"GSE48472","Hair",0.1237985388125
"DMR_132","chr1",77331940,77334748,"GSE48472","Liver",0.1328548541375
"DMR_132","chr1",77331940,77334748,"GSE48472","Muscle",0.12062644453125
"DMR_132","chr1",77331940,77334748,"GSE48472","Omentum",0.130318766895833
"DMR_132","chr1",77331940,77334748,"GSE48472","Pancreas",0.124320334796875
"DMR_132","chr1",77331940,77334748,"GSE48472","Saliva",0.1362504536125
"DMR_132","chr1",77331940,77334748,"GSE48472","SC_Fat",0.136927569
"DMR_132","chr1",77331940,77334748,"GSE48472","Spleen",0.119722546854167
"DMR_133","chr18",25754301,25758434,"GSE48472","Blood",0.171205674540107
"DMR_133","chr18",25754301,25758434,"GSE48472","Buccal",0.182767322529412
"DMR_133","chr18",25754301,25758434,"GSE48472","Hair",0.153075597282353
"DMR_133","chr18",25754301,25758434,"GSE48472","Liver",0.122234638788235
"DMR_133","chr18",25754301,25758434,"GSE48472","Muscle",0.168394568460784
"DMR_133","chr18",25754301,25758434,"GSE48472","Omentum",0.166691546176471
"DMR_133","chr18",25754301,25758434,"GSE48472","Pancreas",0.168346424073529
"DMR_133","chr18",25754301,25758434,"GSE48472","Saliva",0.162704987752941
"DMR_133","chr18",25754301,25758434,"GSE48472","SC_Fat",0.171693848029412
"DMR_133","chr18",25754301,25758434,"GSE48472","Spleen",0.163532500196078
"DMR_134","chr6",72129198,72131020,"GSE48472","Blood",0.232952142923077
"DMR_134","chr6",72129198,72131020,"GSE48472","Buccal",0.184682012738462
"DMR_134","chr6",72129198,72131020,"GSE48472","Hair",0.133569660815385
"DMR_134","chr6",72129198,72131020,"GSE48472","Liver",0.149558094246154
"DMR_134","chr6",72129198,72131020,"GSE48472","Muscle",0.107632528846154
"DMR_134","chr6",72129198,72131020,"GSE48472","Omentum",0.188853181115385
"DMR_134","chr6",72129198,72131020,"GSE48472","Pancreas",0.108178210442308
"DMR_134","chr6",72129198,72131020,"GSE48472","Saliva",0.191063595430769
"DMR_134","chr6",72129198,72131020,"GSE48472","SC_Fat",0.153740705448718
"DMR_134","chr6",72129198,72131020,"GSE48472","Spleen",0.225136770871795
"DMR_135","chr16",51182904,51190201,"GSE48472","Blood",0.134904901810606
"DMR_135","chr16",51182904,51190201,"GSE48472","Buccal",0.147716467266667
"DMR_135","chr16",51182904,51190201,"GSE48472","Hair",0.140656189879167
"DMR_135","chr16",51182904,51190201,"GSE48472","Liver",0.150724751633333
"DMR_135","chr16",51182904,51190201,"GSE48472","Muscle",0.168367312583333
"DMR_135","chr16",51182904,51190201,"GSE48472","Omentum",0.145210617309028
"DMR_135","chr16",51182904,51190201,"GSE48472","Pancreas",0.207471520505208
"DMR_135","chr16",51182904,51190201,"GSE48472","Saliva",0.124297149458333
"DMR_135","chr16",51182904,51190201,"GSE48472","SC_Fat",0.147940462635417
"DMR_135","chr16",51182904,51190201,"GSE48472","Spleen",0.147439903145833
"DMR_136","chr15",79723173,79725642,"GSE48472","Blood",0.219926940769231
"DMR_136","chr15",79723173,79725642,"GSE48472","Buccal",0.161981908553846
"DMR_136","chr15",79723173,79725642,"GSE48472","Hair",0.135085776415385
"DMR_136","chr15",79723173,79725642,"GSE48472","Liver",0.214987139969231
"DMR_136","chr15",79723173,79725642,"GSE48472","Muscle",0.199500460230769
"DMR_136","chr15",79723173,79725642,"GSE48472","Omentum",0.217621089538462
"DMR_136","chr15",79723173,79725642,"GSE48472","Pancreas",0.233055461576923
"DMR_136","chr15",79723173,79725642,"GSE48472","Saliva",0.197100163369231
"DMR_136","chr15",79723173,79725642,"GSE48472","SC_Fat",0.205997861884615
"DMR_136","chr15",79723173,79725642,"GSE48472","Spleen",0.216513831102564
"DMR_137","chr16",66612290,66614916,"GSE48472","Blood",0.254460845748252
"DMR_137","chr16",66612290,66614916,"GSE48472","Buccal",0.4453050928
"DMR_137","chr16",66612290,66614916,"GSE48472","Hair",0.309264311630769
"DMR_137","chr16",66612290,66614916,"GSE48472","Liver",0.427524165938462
"DMR_137","chr16",66612290,66614916,"GSE48472","Muscle",0.353499065051282
"DMR_137","chr16",66612290,66614916,"GSE48472","Omentum",0.389141830564103
"DMR_137","chr16",66612290,66614916,"GSE48472","Pancreas",0.554321031057692
"DMR_137","chr16",66612290,66614916,"GSE48472","Saliva",0.320760507723077
"DMR_137","chr16",66612290,66614916,"GSE48472","SC_Fat",0.461775682294872
"DMR_137","chr16",66612290,66614916,"GSE48472","Spleen",0.285331712384615
"DMR_138","chr2",68545433,68548142,"GSE48472","Blood",0.240753489477273
"DMR_138","chr2",68545433,68548142,"GSE48472","Buccal",0.2093743231875
"DMR_138","chr2",68545433,68548142,"GSE48472","Hair",0.1777317011
"DMR_138","chr2",68545433,68548142,"GSE48472","Liver",0.2182869465375
"DMR_138","chr2",68545433,68548142,"GSE48472","Muscle",0.13560944503125
"DMR_138","chr2",68545433,68548142,"GSE48472","Omentum",0.191709155552083
"DMR_138","chr2",68545433,68548142,"GSE48472","Pancreas",0.17087730815625
"DMR_138","chr2",68545433,68548142,"GSE48472","Saliva",0.225631988075
"DMR_138","chr2",68545433,68548142,"GSE48472","SC_Fat",0.163302498739583
"DMR_138","chr2",68545433,68548142,"GSE48472","Spleen",0.2104316425
"DMR_139","chr7",19155785,19159569,"GSE48472","Blood",0.111521914880519
"DMR_139","chr7",19155785,19159569,"GSE48472","Buccal",0.148899912971429
"DMR_139","chr7",19155785,19159569,"GSE48472","Hair",0.135795476028571
"DMR_139","chr7",19155785,19159569,"GSE48472","Liver",0.1423094764
"DMR_139","chr7",19155785,19159569,"GSE48472","Muscle",0.172217916061905
"DMR_139","chr7",19155785,19159569,"GSE48472","Omentum",0.177038186728571
"DMR_139","chr7",19155785,19159569,"GSE48472","Pancreas",0.148767457735714
"DMR_139","chr7",19155785,19159569,"GSE48472","Saliva",0.107504909308571
"DMR_139","chr7",19155785,19159569,"GSE48472","SC_Fat",0.197031220071429
"DMR_139","chr7",19155785,19159569,"GSE48472","Spleen",0.115329295209524
"DMR_140","chr5",87973439,87974547,"GSE48472","Blood",0.203621988681818
"DMR_140","chr5",87973439,87974547,"GSE48472","Buccal",0.224525462083333
"DMR_140","chr5",87973439,87974547,"GSE48472","Hair",0.221650793983333
"DMR_140","chr5",87973439,87974547,"GSE48472","Liver",0.198797441066667
"DMR_140","chr5",87973439,87974547,"GSE48472","Muscle",0.177897497611111
"DMR_140","chr5",87973439,87974547,"GSE48472","Omentum",0.184972421694444
"DMR_140","chr5",87973439,87974547,"GSE48472","Pancreas",0.1963992491875
"DMR_140","chr5",87973439,87974547,"GSE48472","Saliva",0.207250336483333
"DMR_140","chr5",87973439,87974547,"GSE48472","SC_Fat",0.180504359347222
"DMR_140","chr5",87973439,87974547,"GSE48472","Spleen",0.197060873916667
"DMR_141","chr13",102067343,102069556,"GSE48472","Blood",0.253310960511364
"DMR_141","chr13",102067343,102069556,"GSE48472","Buccal",0.2572934615
"DMR_141","chr13",102067343,102069556,"GSE48472","Hair",0.2327163881
"DMR_141","chr13",102067343,102069556,"GSE48472","Liver",0.215358173075
"DMR_141","chr13",102067343,102069556,"GSE48472","Muscle",0.213492042739583
"DMR_141","chr13",102067343,102069556,"GSE48472","Omentum",0.23917373978125
"DMR_141","chr13",102067343,102069556,"GSE48472","Pancreas",0.210054941625
"DMR_141","chr13",102067343,102069556,"GSE48472","Saliva",0.2513553929125
"DMR_141","chr13",102067343,102069556,"GSE48472","SC_Fat",0.233044414989583
"DMR_141","chr13",102067343,102069556,"GSE48472","Spleen",0.25880552125
"DMR_142","chr8",55379034,55380663,"GSE48472","Blood",0.150765621808081
"DMR_142","chr8",55379034,55380663,"GSE48472","Buccal",0.138956059
"DMR_142","chr8",55379034,55380663,"GSE48472","Hair",0.1221514862
"DMR_142","chr8",55379034,55380663,"GSE48472","Liver",0.159518528155556
"DMR_142","chr8",55379034,55380663,"GSE48472","Muscle",0.117682418074074
"DMR_142","chr8",55379034,55380663,"GSE48472","Omentum",0.162432324425926
"DMR_142","chr8",55379034,55380663,"GSE48472","Pancreas",0.152057484305556
"DMR_142","chr8",55379034,55380663,"GSE48472","Saliva",0.131555198933333
"DMR_142","chr8",55379034,55380663,"GSE48472","SC_Fat",0.148171683148148
"DMR_142","chr8",55379034,55380663,"GSE48472","Spleen",0.170193313666667
"DMR_143","chr6",85482570,85484863,"GSE48472","Blood",0.133128077524476
"DMR_143","chr6",85482570,85484863,"GSE48472","Buccal",0.150714396092308
"DMR_143","chr6",85482570,85484863,"GSE48472","Hair",0.128348065446154
"DMR_143","chr6",85482570,85484863,"GSE48472","Liver",0.159841860230769
"DMR_143","chr6",85482570,85484863,"GSE48472","Muscle",0.119352975679487
"DMR_143","chr6",85482570,85484863,"GSE48472","Omentum",0.163770809153846
"DMR_143","chr6",85482570,85484863,"GSE48472","Pancreas",0.157027229788462
"DMR_143","chr6",85482570,85484863,"GSE48472","Saliva",0.129506597430769
"DMR_143","chr6",85482570,85484863,"GSE48472","SC_Fat",0.221938753371795
"DMR_143","chr6",85482570,85484863,"GSE48472","Spleen",0.149997285128205
"DMR_144","chr13",109147160,109149171,"GSE48472","Blood",0.257998541757576
"DMR_144","chr13",109147160,109149171,"GSE48472","Buccal",0.2238788348
"DMR_144","chr13",109147160,109149171,"GSE48472","Hair",0.1650929685
"DMR_144","chr13",109147160,109149171,"GSE48472","Liver",0.195225314733333
"DMR_144","chr13",109147160,109149171,"GSE48472","Muscle",0.174841431388889
"DMR_144","chr13",109147160,109149171,"GSE48472","Omentum",0.227235272277778
"DMR_144","chr13",109147160,109149171,"GSE48472","Pancreas",0.161819716333333
"DMR_144","chr13",109147160,109149171,"GSE48472","Saliva",0.234360095033333
"DMR_144","chr13",109147160,109149171,"GSE48472","SC_Fat",0.198677062055556
"DMR_144","chr13",109147160,109149171,"GSE48472","Spleen",0.256046407777778
"DMR_145","chr19",53757677,53758609,"GSE48472","Blood",0.117523923623377
"DMR_145","chr19",53757677,53758609,"GSE48472","Buccal",0.0999228561142857
"DMR_145","chr19",53757677,53758609,"GSE48472","Hair",0.101903645828571
"DMR_145","chr19",53757677,53758609,"GSE48472","Liver",0.109828686971429
"DMR_145","chr19",53757677,53758609,"GSE48472","Muscle",0.0833712314285714
"DMR_145","chr19",53757677,53758609,"GSE48472","Omentum",0.116607162547619
"DMR_145","chr19",53757677,53758609,"GSE48472","Pancreas",0.115638987857143
"DMR_145","chr19",53757677,53758609,"GSE48472","Saliva",0.0969780688285714
"DMR_145","chr19",53757677,53758609,"GSE48472","SC_Fat",0.0837971935238095
"DMR_145","chr19",53757677,53758609,"GSE48472","Spleen",0.131470024142857
"DMR_146","chr5",115151427,115153615,"GSE48472","Blood",0.221855051615385
"DMR_146","chr5",115151427,115153615,"GSE48472","Buccal",0.224103455
"DMR_146","chr5",115151427,115153615,"GSE48472","Hair",0.243560058861538
"DMR_146","chr5",115151427,115153615,"GSE48472","Liver",0.161342692723077
"DMR_146","chr5",115151427,115153615,"GSE48472","Muscle",0.211059845692308
"DMR_146","chr5",115151427,115153615,"GSE48472","Omentum",0.206653229807692
"DMR_146","chr5",115151427,115153615,"GSE48472","Pancreas",0.241743523173077
"DMR_146","chr5",115151427,115153615,"GSE48472","Saliva",0.220992294738462
"DMR_146","chr5",115151427,115153615,"GSE48472","SC_Fat",0.213789486602564
"DMR_146","chr5",115151427,115153615,"GSE48472","Spleen",0.205844648282051
"DMR_147","chr2",182320901,182322898,"GSE48472","Blood",0.139323338922078
"DMR_147","chr2",182320901,182322898,"GSE48472","Buccal",0.312733409214286
"DMR_147","chr2",182320901,182322898,"GSE48472","Hair",0.309667523085714
"DMR_147","chr2",182320901,182322898,"GSE48472","Liver",0.210596593971429
"DMR_147","chr2",182320901,182322898,"GSE48472","Muscle",0.213936253464286
"DMR_147","chr2",182320901,182322898,"GSE48472","Omentum",0.188387392892857
"DMR_147","chr2",182320901,182322898,"GSE48472","Pancreas",0.262083066392857
"DMR_147","chr2",182320901,182322898,"GSE48472","Saliva",0.223405764871429
"DMR_147","chr2",182320901,182322898,"GSE48472","SC_Fat",0.226934995833333
"DMR_147","chr2",182320901,182322898,"GSE48472","Spleen",0.170246631833333
"DMR_148","chr4",17781880,17784060,"GSE48472","Blood",0.176970310675325
"DMR_148","chr4",17781880,17784060,"GSE48472","Buccal",0.162571480314286
"DMR_148","chr4",17781880,17784060,"GSE48472","Hair",0.100615622871429
"DMR_148","chr4",17781880,17784060,"GSE48472","Liver",0.148119112842857
"DMR_148","chr4",17781880,17784060,"GSE48472","Muscle",0.0999425160714286
"DMR_148","chr4",17781880,17784060,"GSE48472","Omentum",0.138804570916667
"DMR_148","chr4",17781880,17784060,"GSE48472","Pancreas",0.136389433803571
"DMR_148","chr4",17781880,17784060,"GSE48472","Saliva",0.167721535842857
"DMR_148","chr4",17781880,17784060,"GSE48472","SC_Fat",0.131772073321429
"DMR_148","chr4",17781880,17784060,"GSE48472","Spleen",0.154993038928571
"DMR_149","chr13",25620954,25621735,"GSE48472","Blood",0.106772190333333
"DMR_149","chr13",25620954,25621735,"GSE48472","Buccal",0.105515228166667
"DMR_149","chr13",25620954,25621735,"GSE48472","Hair",0.0962840338
"DMR_149","chr13",25620954,25621735,"GSE48472","Liver",0.0979159593333333
"DMR_149","chr13",25620954,25621735,"GSE48472","Muscle",0.0751399295
"DMR_149","chr13",25620954,25621735,"GSE48472","Omentum",0.0979002499444444
"DMR_149","chr13",25620954,25621735,"GSE48472","Pancreas",0.0943943675833333
"DMR_149","chr13",25620954,25621735,"GSE48472","Saliva",0.0989693014666667
"DMR_149","chr13",25620954,25621735,"GSE48472","SC_Fat",0.0856300758055556
"DMR_149","chr13",25620954,25621735,"GSE48472","Spleen",0.107654096833333
"DMR_150","chr20",59826138,59829060,"GSE48472","Blood",0.196906623168831
"DMR_150","chr20",59826138,59829060,"GSE48472","Buccal",0.195271972942857
"DMR_150","chr20",59826138,59829060,"GSE48472","Hair",0.204924947371429
"DMR_150","chr20",59826138,59829060,"GSE48472","Liver",0.169451282228571
"DMR_150","chr20",59826138,59829060,"GSE48472","Muscle",0.198117379595238
"DMR_150","chr20",59826138,59829060,"GSE48472","Omentum",0.192391233833333
"DMR_150","chr20",59826138,59829060,"GSE48472","Pancreas",0.195867504392857
"DMR_150","chr20",59826138,59829060,"GSE48472","Saliva",0.182793992142857
"DMR_150","chr20",59826138,59829060,"GSE48472","SC_Fat",0.178710066119048
"DMR_150","chr20",59826138,59829060,"GSE48472","Spleen",0.199693058047619
"DMR_151","chr1",33219158,33220450,"GSE48472","Blood",0.139147429181818
"DMR_151","chr1",33219158,33220450,"GSE48472","Buccal",0.0833462560571429
"DMR_151","chr1",33219158,33220450,"GSE48472","Hair",0.0949270363714286
"DMR_151","chr1",33219158,33220450,"GSE48472","Liver",0.343756545857143
"DMR_151","chr1",33219158,33220450,"GSE48472","Muscle",0.140322378047619
"DMR_151","chr1",33219158,33220450,"GSE48472","Omentum",0.152480118119048
"DMR_151","chr1",33219158,33220450,"GSE48472","Pancreas",0.0984570284285714
"DMR_151","chr1",33219158,33220450,"GSE48472","Saliva",0.103204426285714
"DMR_151","chr1",33219158,33220450,"GSE48472","SC_Fat",0.156539442595238
"DMR_151","chr1",33219158,33220450,"GSE48472","Spleen",0.120138012904762
"DMR_152","chr19",13616871,13617970,"GSE48472","Blood",0.125278074767677
"DMR_152","chr19",13616871,13617970,"GSE48472","Buccal",0.1348028212
"DMR_152","chr19",13616871,13617970,"GSE48472","Hair",0.131635946644444
"DMR_152","chr19",13616871,13617970,"GSE48472","Liver",0.114388383066667
"DMR_152","chr19",13616871,13617970,"GSE48472","Muscle",0.106164093851852
"DMR_152","chr19",13616871,13617970,"GSE48472","Omentum",0.114646786444444
"DMR_152","chr19",13616871,13617970,"GSE48472","Pancreas",0.122264676277778
"DMR_152","chr19",13616871,13617970,"GSE48472","Saliva",0.131103930511111
"DMR_152","chr19",13616871,13617970,"GSE48472","SC_Fat",0.116231958814815
"DMR_152","chr19",13616871,13617970,"GSE48472","Spleen",0.131156449407407
"DMR_153","chr7",108095719,108097606,"GSE48472","Blood",0.108042055075758
"DMR_153","chr7",108095719,108097606,"GSE48472","Buccal",0.1638564268
"DMR_153","chr7",108095719,108097606,"GSE48472","Hair",0.112752142233333
"DMR_153","chr7",108095719,108097606,"GSE48472","Liver",0.114634469466667
"DMR_153","chr7",108095719,108097606,"GSE48472","Muscle",0.115541598527778
"DMR_153","chr7",108095719,108097606,"GSE48472","Omentum",0.0961009394583333
"DMR_153","chr7",108095719,108097606,"GSE48472","Pancreas",0.118097444145833
"DMR_153","chr7",108095719,108097606,"GSE48472","Saliva",0.123553179416667
"DMR_153","chr7",108095719,108097606,"GSE48472","SC_Fat",0.104145583652778
"DMR_153","chr7",108095719,108097606,"GSE48472","Spleen",0.113549983361111
"DMR_154","chr18",18821328,18823509,"GSE48472","Blood",0.13349554012987
"DMR_154","chr18",18821328,18823509,"GSE48472","Buccal",0.161576809585714
"DMR_154","chr18",18821328,18823509,"GSE48472","Hair",0.136755547771429
"DMR_154","chr18",18821328,18823509,"GSE48472","Liver",0.105680538114286
"DMR_154","chr18",18821328,18823509,"GSE48472","Muscle",0.132822153416667
"DMR_154","chr18",18821328,18823509,"GSE48472","Omentum",0.133160115119048
"DMR_154","chr18",18821328,18823509,"GSE48472","Pancreas",0.160053068678571
"DMR_154","chr18",18821328,18823509,"GSE48472","Saliva",0.122957292071429
"DMR_154","chr18",18821328,18823509,"GSE48472","SC_Fat",0.124411443892857
"DMR_154","chr18",18821328,18823509,"GSE48472","Spleen",0.140160273190476
"DMR_155","chr4",157996014,157998201,"GSE48472","Blood",0.248822199466667
"DMR_155","chr4",157996014,157998201,"GSE48472","Buccal",0.232271412293333
"DMR_155","chr4",157996014,157998201,"GSE48472","Hair",0.266355959893333
"DMR_155","chr4",157996014,157998201,"GSE48472","Liver",0.210609437253333
"DMR_155","chr4",157996014,157998201,"GSE48472","Muscle",0.166281012744444
"DMR_155","chr4",157996014,157998201,"GSE48472","Omentum",0.243687823355556
"DMR_155","chr4",157996014,157998201,"GSE48472","Pancreas",0.1562818701
"DMR_155","chr4",157996014,157998201,"GSE48472","Saliva",0.229047847986667
"DMR_155","chr4",157996014,157998201,"GSE48472","SC_Fat",0.232744789711111
"DMR_155","chr4",157996014,157998201,"GSE48472","Spleen",0.265629391355556
"DMR_156","chr19",21657164,21658001,"GSE48472","Blood",0.126649863651515
"DMR_156","chr19",21657164,21658001,"GSE48472","Buccal",0.141829336333333
"DMR_156","chr19",21657164,21658001,"GSE48472","Hair",0.144679884866667
"DMR_156","chr19",21657164,21658001,"GSE48472","Liver",0.153119055866667
"DMR_156","chr19",21657164,21658001,"GSE48472","Muscle",0.120640861611111
"DMR_156","chr19",21657164,21658001,"GSE48472","Omentum",0.121979256583333
"DMR_156","chr19",21657164,21658001,"GSE48472","Pancreas",0.115398564291667
"DMR_156","chr19",21657164,21658001,"GSE48472","Saliva",0.1124496521
"DMR_156","chr19",21657164,21658001,"GSE48472","SC_Fat",0.122896754972222
"DMR_156","chr19",21657164,21658001,"GSE48472","Spleen",0.138307899444444
"DMR_157","chr4",21949853,21951046,"GSE48472","Blood",0.179467473927273
"DMR_157","chr4",21949853,21951046,"GSE48472","Buccal",0.10563428374
"DMR_157","chr4",21949853,21951046,"GSE48472","Hair",0.09114659434
"DMR_157","chr4",21949853,21951046,"GSE48472","Liver",0.16891399066
"DMR_157","chr4",21949853,21951046,"GSE48472","Muscle",0.11116851005
"DMR_157","chr4",21949853,21951046,"GSE48472","Omentum",0.173949571
"DMR_157","chr4",21949853,21951046,"GSE48472","Pancreas",0.135732920075
"DMR_157","chr4",21949853,21951046,"GSE48472","Saliva",0.11398097576
"DMR_157","chr4",21949853,21951046,"GSE48472","SC_Fat",0.138535952
"DMR_157","chr4",21949853,21951046,"GSE48472","Spleen",0.203673856066667
"DMR_158","chr11",110581434,110584727,"GSE48472","Blood",0.110383983690083
"DMR_158","chr11",110581434,110584727,"GSE48472","Buccal",0.104385570609091
"DMR_158","chr11",110581434,110584727,"GSE48472","Hair",0.130716372445455
"DMR_158","chr11",110581434,110584727,"GSE48472","Liver",0.107059855572727
"DMR_158","chr11",110581434,110584727,"GSE48472","Muscle",0.129807239189394
"DMR_158","chr11",110581434,110584727,"GSE48472","Omentum",0.114735157643939
"DMR_158","chr11",110581434,110584727,"GSE48472","Pancreas",0.154070708420455
"DMR_158","chr11",110581434,110584727,"GSE48472","Saliva",0.102712504254545
"DMR_158","chr11",110581434,110584727,"GSE48472","SC_Fat",0.124387961030303
"DMR_158","chr11",110581434,110584727,"GSE48472","Spleen",0.124445293909091
"DMR_159","chr12",24714652,24717178,"GSE48472","Blood",0.108391038330144
"DMR_159","chr12",24714652,24717178,"GSE48472","Buccal",0.0891958467578947
"DMR_159","chr12",24714652,24717178,"GSE48472","Hair",0.0934333478210526
"DMR_159","chr12",24714652,24717178,"GSE48472","Liver",0.0786237906842105
"DMR_159","chr12",24714652,24717178,"GSE48472","Muscle",0.0859156461403509
"DMR_159","chr12",24714652,24717178,"GSE48472","Omentum",0.0928462580701754
"DMR_159","chr12",24714652,24717178,"GSE48472","Pancreas",0.0921512926578947
"DMR_159","chr12",24714652,24717178,"GSE48472","Saliva",0.0959034407263158
"DMR_159","chr12",24714652,24717178,"GSE48472","SC_Fat",0.0917079236754386
"DMR_159","chr12",24714652,24717178,"GSE48472","Spleen",0.0998859781754386
"DMR_160","chr6",127438426,127442679,"GSE48472","Blood",0.104947625691919
"DMR_160","chr6",127438426,127442679,"GSE48472","Buccal",0.115987561777778
"DMR_160","chr6",127438426,127442679,"GSE48472","Hair",0.117999780922222
"DMR_160","chr6",127438426,127442679,"GSE48472","Liver",0.110658510622222
"DMR_160","chr6",127438426,127442679,"GSE48472","Muscle",0.0905701016944444
"DMR_160","chr6",127438426,127442679,"GSE48472","Omentum",0.0921848772592593
"DMR_160","chr6",127438426,127442679,"GSE48472","Pancreas",0.110421676597222
"DMR_160","chr6",127438426,127442679,"GSE48472","Saliva",0.103450068677778
"DMR_160","chr6",127438426,127442679,"GSE48472","SC_Fat",0.0999977280740741
"DMR_160","chr6",127438426,127442679,"GSE48472","Spleen",0.0984671678333333
"DMR_161","chr6",159588564,159591121,"GSE48472","Blood",0.219733528116883
"DMR_161","chr6",159588564,159591121,"GSE48472","Buccal",0.4079296164
"DMR_161","chr6",159588564,159591121,"GSE48472","Hair",0.339508203885714
"DMR_161","chr6",159588564,159591121,"GSE48472","Liver",0.238137593971429
"DMR_161","chr6",159588564,159591121,"GSE48472","Muscle",0.329880870571429
"DMR_161","chr6",159588564,159591121,"GSE48472","Omentum",0.192547538595238
"DMR_161","chr6",159588564,159591121,"GSE48472","Pancreas",0.216103928785714
"DMR_161","chr6",159588564,159591121,"GSE48472","Saliva",0.310812854342857
"DMR_161","chr6",159588564,159591121,"GSE48472","SC_Fat",0.189886240214286
"DMR_161","chr6",159588564,159591121,"GSE48472","Spleen",0.213728426
"DMR_162","chr13",95362829,95366456,"GSE48472","Blood",0.152448945962121
"DMR_162","chr13",95362829,95366456,"GSE48472","Buccal",0.1065079768
"DMR_162","chr13",95362829,95366456,"GSE48472","Hair",0.174369582275
"DMR_162","chr13",95362829,95366456,"GSE48472","Liver",0.177889199783333
"DMR_162","chr13",95362829,95366456,"GSE48472","Muscle",0.1675328859375
"DMR_162","chr13",95362829,95366456,"GSE48472","Omentum",0.164861772097222
"DMR_162","chr13",95362829,95366456,"GSE48472","Pancreas",0.1983503303125
"DMR_162","chr13",95362829,95366456,"GSE48472","Saliva",0.130316381083333
"DMR_162","chr13",95362829,95366456,"GSE48472","SC_Fat",0.161823493861111
"DMR_162","chr13",95362829,95366456,"GSE48472","Spleen",0.157727082513889
"DMR_163","chr13",96296144,96297326,"GSE48472","Blood",0.120501465545455
"DMR_163","chr13",96296144,96297326,"GSE48472","Buccal",0.12523569805
"DMR_163","chr13",96296144,96297326,"GSE48472","Hair",0.1337595689
"DMR_163","chr13",96296144,96297326,"GSE48472","Liver",0.13444570815
"DMR_163","chr13",96296144,96297326,"GSE48472","Muscle",0.0748135843194444
"DMR_163","chr13",96296144,96297326,"GSE48472","Omentum",0.0938414719305556
"DMR_163","chr13",96296144,96297326,"GSE48472","Pancreas",0.104928048666667
"DMR_163","chr13",96296144,96297326,"GSE48472","Saliva",0.119914709433333
"DMR_163","chr13",96296144,96297326,"GSE48472","SC_Fat",0.0948996031111111
"DMR_163","chr13",96296144,96297326,"GSE48472","Spleen",0.105912978944444
"DMR_164","chr3",140769274,140771786,"GSE48472","Blood",0.112012335166008
"DMR_164","chr3",140769274,140771786,"GSE48472","Buccal",0.119465768704348
"DMR_164","chr3",140769274,140771786,"GSE48472","Hair",0.120948569582609
"DMR_164","chr3",140769274,140771786,"GSE48472","Liver",0.121971955704348
"DMR_164","chr3",140769274,140771786,"GSE48472","Muscle",0.139018481456522
"DMR_164","chr3",140769274,140771786,"GSE48472","Omentum",0.116284239369565
"DMR_164","chr3",140769274,140771786,"GSE48472","Pancreas",0.138385450380435
"DMR_164","chr3",140769274,140771786,"GSE48472","Saliva",0.111906122643478
"DMR_164","chr3",140769274,140771786,"GSE48472","SC_Fat",0.122813125413043
"DMR_164","chr3",140769274,140771786,"GSE48472","Spleen",0.118464204869565
"DMR_165","chr6",166421992,166422741,"GSE48472","Blood",0.151805122833333
"DMR_165","chr6",166421992,166422741,"GSE48472","Buccal",0.128198010266667
"DMR_165","chr6",166421992,166422741,"GSE48472","Hair",0.121188654833333
"DMR_165","chr6",166421992,166422741,"GSE48472","Liver",0.145726916166667
"DMR_165","chr6",166421992,166422741,"GSE48472","Muscle",0.0869771077777778
"DMR_165","chr6",166421992,166422741,"GSE48472","Omentum",0.1348097945
"DMR_165","chr6",166421992,166422741,"GSE48472","Pancreas",0.119129864041667
"DMR_165","chr6",166421992,166422741,"GSE48472","Saliva",0.1297539884
"DMR_165","chr6",166421992,166422741,"GSE48472","SC_Fat",0.106256576472222
"DMR_165","chr6",166421992,166422741,"GSE48472","Spleen",0.179162232888889
"DMR_166","chr9",133534961,133542125,"GSE48472","Blood",0.148767028716578
"DMR_166","chr9",133534961,133542125,"GSE48472","Buccal",0.137149763917647
"DMR_166","chr9",133534961,133542125,"GSE48472","Hair",0.143508200058824
"DMR_166","chr9",133534961,133542125,"GSE48472","Liver",0.166134874988235
"DMR_166","chr9",133534961,133542125,"GSE48472","Muscle",0.190361886098039
"DMR_166","chr9",133534961,133542125,"GSE48472","Omentum",0.13644971445098
"DMR_166","chr9",133534961,133542125,"GSE48472","Pancreas",0.151114022558824
"DMR_166","chr9",133534961,133542125,"GSE48472","Saliva",0.131786737352941
"DMR_166","chr9",133534961,133542125,"GSE48472","SC_Fat",0.133124634892157
"DMR_166","chr9",133534961,133542125,"GSE48472","Spleen",0.149122158254902
"DMR_167","chr9",841067,843748,"GSE48472","Blood",0.143489968654545
"DMR_167","chr9",841067,843748,"GSE48472","Buccal",0.19504905352
"DMR_167","chr9",841067,843748,"GSE48472","Hair",0.16552383772
"DMR_167","chr9",841067,843748,"GSE48472","Liver",0.10779471312
"DMR_167","chr9",841067,843748,"GSE48472","Muscle",0.161010252233333
"DMR_167","chr9",841067,843748,"GSE48472","Omentum",0.127344668433333
"DMR_167","chr9",841067,843748,"GSE48472","Pancreas",0.139704317575
"DMR_167","chr9",841067,843748,"GSE48472","Saliva",0.1548965886
"DMR_167","chr9",841067,843748,"GSE48472","SC_Fat",0.120916745033333
"DMR_167","chr9",841067,843748,"GSE48472","Spleen",0.1324889133
"DMR_168","chr18",5894665,5896267,"GSE48472","Blood",0.151251269353535
"DMR_168","chr18",5894665,5896267,"GSE48472","Buccal",0.149376076822222
"DMR_168","chr18",5894665,5896267,"GSE48472","Hair",0.128618032022222
"DMR_168","chr18",5894665,5896267,"GSE48472","Liver",0.160610939133333
"DMR_168","chr18",5894665,5896267,"GSE48472","Muscle",0.121915342851852
"DMR_168","chr18",5894665,5896267,"GSE48472","Omentum",0.131297259759259
"DMR_168","chr18",5894665,5896267,"GSE48472","Pancreas",0.1595716195
"DMR_168","chr18",5894665,5896267,"GSE48472","Saliva",0.138581474688889
"DMR_168","chr18",5894665,5896267,"GSE48472","SC_Fat",0.129551393833333
"DMR_168","chr18",5894665,5896267,"GSE48472","Spleen",0.138241152444444
"DMR_169","chr19",52900882,52901639,"GSE48472","Blood",0.129593718977273
"DMR_169","chr19",52900882,52901639,"GSE48472","Buccal",0.098783874
"DMR_169","chr19",52900882,52901639,"GSE48472","Hair",0.1034203479
"DMR_169","chr19",52900882,52901639,"GSE48472","Liver",0.14164935975
"DMR_169","chr19",52900882,52901639,"GSE48472","Muscle",0.096473437625
"DMR_169","chr19",52900882,52901639,"GSE48472","Omentum",0.120724956513889
"DMR_169","chr19",52900882,52901639,"GSE48472","Pancreas",0.131124753
"DMR_169","chr19",52900882,52901639,"GSE48472","Saliva",0.108921284316667
"DMR_169","chr19",52900882,52901639,"GSE48472","SC_Fat",0.105569182916667
"DMR_169","chr19",52900882,52901639,"GSE48472","Spleen",0.121112845805556
"DMR_170","chr20",24448346,24452131,"GSE48472","Blood",0.172726091493506
"DMR_170","chr20",24448346,24452131,"GSE48472","Buccal",0.175431877695238
"DMR_170","chr20",24448346,24452131,"GSE48472","Hair",0.186502599
"DMR_170","chr20",24448346,24452131,"GSE48472","Liver",0.168973272209524
"DMR_170","chr20",24448346,24452131,"GSE48472","Muscle",0.211367244444444
"DMR_170","chr20",24448346,24452131,"GSE48472","Omentum",0.182746032253968
"DMR_170","chr20",24448346,24452131,"GSE48472","Pancreas",0.168295037761905
"DMR_170","chr20",24448346,24452131,"GSE48472","Saliva",0.160239588419048
"DMR_170","chr20",24448346,24452131,"GSE48472","SC_Fat",0.159303014055556
"DMR_170","chr20",24448346,24452131,"GSE48472","Spleen",0.186429125031746
"DMR_171","chr12",133484026,133485856,"GSE48472","Blood",0.100084626090909
"DMR_171","chr12",133484026,133485856,"GSE48472","Buccal",0.12937483625
"DMR_171","chr12",133484026,133485856,"GSE48472","Hair",0.10863907805
"DMR_171","chr12",133484026,133485856,"GSE48472","Liver",0.136455178975
"DMR_171","chr12",133484026,133485856,"GSE48472","Muscle",0.0879194613333333
"DMR_171","chr12",133484026,133485856,"GSE48472","Omentum",0.0930106540416667
"DMR_171","chr12",133484026,133485856,"GSE48472","Pancreas",0.106836689875
"DMR_171","chr12",133484026,133485856,"GSE48472","Saliva",0.104529950325
"DMR_171","chr12",133484026,133485856,"GSE48472","SC_Fat",0.0876963106666667
"DMR_171","chr12",133484026,133485856,"GSE48472","Spleen",0.103953845125
"DMR_172","chr8",70980488,70984917,"GSE48472","Blood",0.223501449462451
"DMR_172","chr8",70980488,70984917,"GSE48472","Buccal",0.408905858913043
"DMR_172","chr8",70980488,70984917,"GSE48472","Hair",0.287368440652174
"DMR_172","chr8",70980488,70984917,"GSE48472","Liver",0.3239257866
"DMR_172","chr8",70980488,70984917,"GSE48472","Muscle",0.269766611905797
"DMR_172","chr8",70980488,70984917,"GSE48472","Omentum",0.233395344181159
"DMR_172","chr8",70980488,70984917,"GSE48472","Pancreas",0.30497114373913
"DMR_172","chr8",70980488,70984917,"GSE48472","Saliva",0.267086412530435
"DMR_172","chr8",70980488,70984917,"GSE48472","SC_Fat",0.229222101847826
"DMR_172","chr8",70980488,70984917,"GSE48472","Spleen",0.215218992333333
"DMR_173","chr7",43151168,43153950,"GSE48472","Blood",0.211685946272727
"DMR_173","chr7",43151168,43153950,"GSE48472","Buccal",0.1572062858625
"DMR_173","chr7",43151168,43153950,"GSE48472","Hair",0.1509225678625
"DMR_173","chr7",43151168,43153950,"GSE48472","Liver",0.2002438119625
"DMR_173","chr7",43151168,43153950,"GSE48472","Muscle",0.138767964479167
"DMR_173","chr7",43151168,43153950,"GSE48472","Omentum",0.1872723665625
"DMR_173","chr7",43151168,43153950,"GSE48472","Pancreas",0.158286144875
"DMR_173","chr7",43151168,43153950,"GSE48472","Saliva",0.196499988525
"DMR_173","chr7",43151168,43153950,"GSE48472","SC_Fat",0.1837625214375
"DMR_173","chr7",43151168,43153950,"GSE48472","Spleen",0.2050741183125
"DMR_174","chr11",503270,504937,"GSE48472","Blood",0.325797720613636
"DMR_174","chr11",503270,504937,"GSE48472","Buccal",0.177639246425
"DMR_174","chr11",503270,504937,"GSE48472","Hair",0.183270057975
"DMR_174","chr11",503270,504937,"GSE48472","Liver",0.534377316425
"DMR_174","chr11",503270,504937,"GSE48472","Muscle",0.313147182666667
"DMR_174","chr11",503270,504937,"GSE48472","Omentum",0.262884041125
"DMR_174","chr11",503270,504937,"GSE48472","Pancreas",0.56099341159375
"DMR_174","chr11",503270,504937,"GSE48472","Saliva",0.15295079085
"DMR_174","chr11",503270,504937,"GSE48472","SC_Fat",0.1988922660625
"DMR_174","chr11",503270,504937,"GSE48472","Spleen",0.285860266541667
"DMR_175","chr5",1930801,1932098,"GSE48472","Blood",0.0976513672613636
"DMR_175","chr5",1930801,1932098,"GSE48472","Buccal",0.0880882972
"DMR_175","chr5",1930801,1932098,"GSE48472","Hair",0.076819436775
"DMR_175","chr5",1930801,1932098,"GSE48472","Liver",0.123362404725
"DMR_175","chr5",1930801,1932098,"GSE48472","Muscle",0.1166842956875
"DMR_175","chr5",1930801,1932098,"GSE48472","Omentum",0.110081667416667
"DMR_175","chr5",1930801,1932098,"GSE48472","Pancreas",0.12226686565625
"DMR_175","chr5",1930801,1932098,"GSE48472","Saliva",0.0871693422
"DMR_175","chr5",1930801,1932098,"GSE48472","SC_Fat",0.0993143551458333
"DMR_175","chr5",1930801,1932098,"GSE48472","Spleen",0.132598627916667
"DMR_176","chr20",8111582,8113630,"GSE48472","Blood",0.0850529438961039
"DMR_176","chr20",8111582,8113630,"GSE48472","Buccal",0.0959272493428571
"DMR_176","chr20",8111582,8113630,"GSE48472","Hair",0.103829729885714
"DMR_176","chr20",8111582,8113630,"GSE48472","Liver",0.0957970579714286
"DMR_176","chr20",8111582,8113630,"GSE48472","Muscle",0.0809335972857143
"DMR_176","chr20",8111582,8113630,"GSE48472","Omentum",0.0867312798095238
"DMR_176","chr20",8111582,8113630,"GSE48472","Pancreas",0.0962841184285714
"DMR_176","chr20",8111582,8113630,"GSE48472","Saliva",0.0947687944285714
"DMR_176","chr20",8111582,8113630,"GSE48472","SC_Fat",0.0880462262142857
"DMR_176","chr20",8111582,8113630,"GSE48472","Spleen",0.0971613534285714
"DMR_177","chr10",57389301,57391427,"GSE48472","Blood",0.184484899727273
"DMR_177","chr10",57389301,57391427,"GSE48472","Buccal",0.250246212927273
"DMR_177","chr10",57389301,57391427,"GSE48472","Hair",0.276397303381818
"DMR_177","chr10",57389301,57391427,"GSE48472","Liver",0.226394760127273
"DMR_177","chr10",57389301,57391427,"GSE48472","Muscle",0.175003916060606
"DMR_177","chr10",57389301,57391427,"GSE48472","Omentum",0.189016864348485
"DMR_177","chr10",57389301,57391427,"GSE48472","Pancreas",0.213827810204545
"DMR_177","chr10",57389301,57391427,"GSE48472","Saliva",0.198436520581818
"DMR_177","chr10",57389301,57391427,"GSE48472","SC_Fat",0.184919332242424
"DMR_177","chr10",57389301,57391427,"GSE48472","Spleen",0.189145010848485
"DMR_178","chr11",24518149,24518726,"GSE48472","Blood",0.166959207757576
"DMR_178","chr11",24518149,24518726,"GSE48472","Buccal",0.122296655266667
"DMR_178","chr11",24518149,24518726,"GSE48472","Hair",0.1151376674
"DMR_178","chr11",24518149,24518726,"GSE48472","Liver",0.145776250133333
"DMR_178","chr11",24518149,24518726,"GSE48472","Muscle",0.0932594302592593
"DMR_178","chr11",24518149,24518726,"GSE48472","Omentum",0.147300578611111
"DMR_178","chr11",24518149,24518726,"GSE48472","Pancreas",0.128256602944444
"DMR_178","chr11",24518149,24518726,"GSE48472","Saliva",0.1340797132
"DMR_178","chr11",24518149,24518726,"GSE48472","SC_Fat",0.120129486333333
"DMR_178","chr11",24518149,24518726,"GSE48472","Spleen",0.172910554555556
"DMR_179","chr12",5018229,5021871,"GSE48472","Blood",0.240786531067194
"DMR_179","chr12",5018229,5021871,"GSE48472","Buccal",0.254124825869565
"DMR_179","chr12",5018229,5021871,"GSE48472","Hair",0.257819547530435
"DMR_179","chr12",5018229,5021871,"GSE48472","Liver",0.24895420993913
"DMR_179","chr12",5018229,5021871,"GSE48472","Muscle",0.234462072934783
"DMR_179","chr12",5018229,5021871,"GSE48472","Omentum",0.2398558025
"DMR_179","chr12",5018229,5021871,"GSE48472","Pancreas",0.23852352723913
"DMR_179","chr12",5018229,5021871,"GSE48472","Saliva",0.248758697765217
"DMR_179","chr12",5018229,5021871,"GSE48472","SC_Fat",0.23614273457971
"DMR_179","chr12",5018229,5021871,"GSE48472","Spleen",0.239988698884058
"DMR_180","chr8",104510754,104514118,"GSE48472","Blood",0.115005279406061
"DMR_180","chr8",104510754,104514118,"GSE48472","Buccal",0.108513614586667
"DMR_180","chr8",104510754,104514118,"GSE48472","Hair",0.100281905986667
"DMR_180","chr8",104510754,104514118,"GSE48472","Liver",0.144995329933333
"DMR_180","chr8",104510754,104514118,"GSE48472","Muscle",0.103099619355556
"DMR_180","chr8",104510754,104514118,"GSE48472","Omentum",0.111183886555556
"DMR_180","chr8",104510754,104514118,"GSE48472","Pancreas",0.130750742683333
"DMR_180","chr8",104510754,104514118,"GSE48472","Saliva",0.114335189213333
"DMR_180","chr8",104510754,104514118,"GSE48472","SC_Fat",0.120747250711111
"DMR_180","chr8",104510754,104514118,"GSE48472","Spleen",0.113419062511111
"DMR_181","chr7",27140797,27148002,"GSE48472","Blood",0.597246921270793
"DMR_181","chr7",27140797,27148002,"GSE48472","Buccal",0.435862602710638
"DMR_181","chr7",27140797,27148002,"GSE48472","Hair",0.35877560272766
"DMR_181","chr7",27140797,27148002,"GSE48472","Liver",0.321240261740426
"DMR_181","chr7",27140797,27148002,"GSE48472","Muscle",0.537025336411348
"DMR_181","chr7",27140797,27148002,"GSE48472","Omentum",0.42876994020922
"DMR_181","chr7",27140797,27148002,"GSE48472","Pancreas",0.292631322287234
"DMR_181","chr7",27140797,27148002,"GSE48472","Saliva",0.56840934892766
"DMR_181","chr7",27140797,27148002,"GSE48472","SC_Fat",0.475043947255319
"DMR_181","chr7",27140797,27148002,"GSE48472","Spleen",0.516917584007092
"DMR_182","chr16",22824489,22826243,"GSE48472","Blood",0.197539560013986
"DMR_182","chr16",22824489,22826243,"GSE48472","Buccal",0.163862770046154
"DMR_182","chr16",22824489,22826243,"GSE48472","Hair",0.166202362738462
"DMR_182","chr16",22824489,22826243,"GSE48472","Liver",0.1767462312
"DMR_182","chr16",22824489,22826243,"GSE48472","Muscle",0.140560307807692
"DMR_182","chr16",22824489,22826243,"GSE48472","Omentum",0.17476345225641
"DMR_182","chr16",22824489,22826243,"GSE48472","Pancreas",0.179544291423077
"DMR_182","chr16",22824489,22826243,"GSE48472","Saliva",0.1695479332
"DMR_182","chr16",22824489,22826243,"GSE48472","SC_Fat",0.151906157910256
"DMR_182","chr16",22824489,22826243,"GSE48472","Spleen",0.205959830307692
"DMR_183","chr4",82135607,82136940,"GSE48472","Blood",0.0989651579772727
"DMR_183","chr4",82135607,82136940,"GSE48472","Buccal",0.1438776944
"DMR_183","chr4",82135607,82136940,"GSE48472","Hair",0.16428120275
"DMR_183","chr4",82135607,82136940,"GSE48472","Liver",0.1221640339
"DMR_183","chr4",82135607,82136940,"GSE48472","Muscle",0.103091209791667
"DMR_183","chr4",82135607,82136940,"GSE48472","Omentum",0.112299105916667
"DMR_183","chr4",82135607,82136940,"GSE48472","Pancreas",0.12552175596875
"DMR_183","chr4",82135607,82136940,"GSE48472","Saliva",0.09455198285
"DMR_183","chr4",82135607,82136940,"GSE48472","SC_Fat",0.114049971395833
"DMR_183","chr4",82135607,82136940,"GSE48472","Spleen",0.114138671
"DMR_184","chr6",73329475,73333620,"GSE48472","Blood",0.116748461207071
"DMR_184","chr6",73329475,73333620,"GSE48472","Buccal",0.284507980633333
"DMR_184","chr6",73329475,73333620,"GSE48472","Hair",0.176644755388889
"DMR_184","chr6",73329475,73333620,"GSE48472","Liver",0.123207948644444
"DMR_184","chr6",73329475,73333620,"GSE48472","Muscle",0.113981860453704
"DMR_184","chr6",73329475,73333620,"GSE48472","Omentum",0.112983944962963
"DMR_184","chr6",73329475,73333620,"GSE48472","Pancreas",0.177199811472222
"DMR_184","chr6",73329475,73333620,"GSE48472","Saliva",0.179934604933333
"DMR_184","chr6",73329475,73333620,"GSE48472","SC_Fat",0.132559422990741
"DMR_184","chr6",73329475,73333620,"GSE48472","Spleen",0.108280414351852
"DMR_185","chr10",91294781,91296457,"GSE48472","Blood",0.261771318347594
"DMR_185","chr10",91294781,91296457,"GSE48472","Buccal",0.292623687694118
"DMR_185","chr10",91294781,91296457,"GSE48472","Hair",0.250711648247059
"DMR_185","chr10",91294781,91296457,"GSE48472","Liver",0.251858811905882
"DMR_185","chr10",91294781,91296457,"GSE48472","Muscle",0.261034366519608
"DMR_185","chr10",91294781,91296457,"GSE48472","Omentum",0.259415911431373
"DMR_185","chr10",91294781,91296457,"GSE48472","Pancreas",0.259760541382353
"DMR_185","chr10",91294781,91296457,"GSE48472","Saliva",0.268507771305882
"DMR_185","chr10",91294781,91296457,"GSE48472","SC_Fat",0.256998024745098
"DMR_185","chr10",91294781,91296457,"GSE48472","Spleen",0.252883737
"DMR_186","chr14",63511872,63513359,"GSE48472","Blood",0.165630511606061
"DMR_186","chr14",63511872,63513359,"GSE48472","Buccal",0.1284901629
"DMR_186","chr14",63511872,63513359,"GSE48472","Hair",0.1450178816
"DMR_186","chr14",63511872,63513359,"GSE48472","Liver",0.151093307733333
"DMR_186","chr14",63511872,63513359,"GSE48472","Muscle",0.116932750527778
"DMR_186","chr14",63511872,63513359,"GSE48472","Omentum",0.145560539833333
"DMR_186","chr14",63511872,63513359,"GSE48472","Pancreas",0.13924118825
"DMR_186","chr14",63511872,63513359,"GSE48472","Saliva",0.127965661233333
"DMR_186","chr14",63511872,63513359,"GSE48472","SC_Fat",0.146994522194444
"DMR_186","chr14",63511872,63513359,"GSE48472","Spleen",0.157825013944444
"DMR_187","chr14",97684259,97686001,"GSE48472","Blood",0.185987017689394
"DMR_187","chr14",97684259,97686001,"GSE48472","Buccal",0.181250341133333
"DMR_187","chr14",97684259,97686001,"GSE48472","Hair",0.1533324304
"DMR_187","chr14",97684259,97686001,"GSE48472","Liver",0.174373795183333
"DMR_187","chr14",97684259,97686001,"GSE48472","Muscle",0.160533516916667
"DMR_187","chr14",97684259,97686001,"GSE48472","Omentum",0.18038912075
"DMR_187","chr14",97684259,97686001,"GSE48472","Pancreas",0.173254690541667
"DMR_187","chr14",97684259,97686001,"GSE48472","Saliva",0.193498092366667
"DMR_187","chr14",97684259,97686001,"GSE48472","SC_Fat",0.177439093430556
"DMR_187","chr14",97684259,97686001,"GSE48472","Spleen",0.186847935083333
"DMR_188","chr20",21491952,21498921,"GSE48472","Blood",0.160858638715909
"DMR_188","chr20",21491952,21498921,"GSE48472","Buccal",0.144381422158333
"DMR_188","chr20",21491952,21498921,"GSE48472","Hair",0.168699651891667
"DMR_188","chr20",21491952,21498921,"GSE48472","Liver",0.167536324441667
"DMR_188","chr20",21491952,21498921,"GSE48472","Muscle",0.137857934333333
"DMR_188","chr20",21491952,21498921,"GSE48472","Omentum",0.158908253909722
"DMR_188","chr20",21491952,21498921,"GSE48472","Pancreas",0.299463033895833
"DMR_188","chr20",21491952,21498921,"GSE48472","Saliva",0.150002050841667
"DMR_188","chr20",21491952,21498921,"GSE48472","SC_Fat",0.140433295090278
"DMR_188","chr20",21491952,21498921,"GSE48472","Spleen",0.167347107736111
"DMR_189","chr19",15580010,15580721,"GSE48472","Blood",0.216025222961039
"DMR_189","chr19",15580010,15580721,"GSE48472","Buccal",0.251939934971429
"DMR_189","chr19",15580010,15580721,"GSE48472","Hair",0.311317560771429
"DMR_189","chr19",15580010,15580721,"GSE48472","Liver",0.494944472714286
"DMR_189","chr19",15580010,15580721,"GSE48472","Muscle",0.242455883261905
"DMR_189","chr19",15580010,15580721,"GSE48472","Omentum",0.216208348904762
"DMR_189","chr19",15580010,15580721,"GSE48472","Pancreas",0.244195015214286
"DMR_189","chr19",15580010,15580721,"GSE48472","Saliva",0.193286852685714
"DMR_189","chr19",15580010,15580721,"GSE48472","SC_Fat",0.212599618785714
"DMR_189","chr19",15580010,15580721,"GSE48472","Spleen",0.211953914142857
"DMR_190","chr3",129692836,129694665,"GSE48472","Blood",0.234309053
"DMR_190","chr3",129692836,129694665,"GSE48472","Buccal",0.270012073384615
"DMR_190","chr3",129692836,129694665,"GSE48472","Hair",0.251836661307692
"DMR_190","chr3",129692836,129694665,"GSE48472","Liver",0.252084597092308
"DMR_190","chr3",129692836,129694665,"GSE48472","Muscle",0.24373342874359
"DMR_190","chr3",129692836,129694665,"GSE48472","Omentum",0.257073732923077
"DMR_190","chr3",129692836,129694665,"GSE48472","Pancreas",0.273565776730769
"DMR_190","chr3",129692836,129694665,"GSE48472","Saliva",0.242787896846154
"DMR_190","chr3",129692836,129694665,"GSE48472","SC_Fat",0.230712875846154
"DMR_190","chr3",129692836,129694665,"GSE48472","Spleen",0.301303711564103
"DMR_191","chr3",24869928,24872319,"GSE48472","Blood",0.22890908569697
"DMR_191","chr3",24869928,24872319,"GSE48472","Buccal",0.221723626533333
"DMR_191","chr3",24869928,24872319,"GSE48472","Hair",0.129382434666667
"DMR_191","chr3",24869928,24872319,"GSE48472","Liver",0.227831098422222
"DMR_191","chr3",24869928,24872319,"GSE48472","Muscle",0.231553580592593
"DMR_191","chr3",24869928,24872319,"GSE48472","Omentum",0.231133853555556
"DMR_191","chr3",24869928,24872319,"GSE48472","Pancreas",0.192371347
"DMR_191","chr3",24869928,24872319,"GSE48472","Saliva",0.215318755622222
"DMR_191","chr3",24869928,24872319,"GSE48472","SC_Fat",0.229484687481481
"DMR_191","chr3",24869928,24872319,"GSE48472","Spleen",0.24245230537037
"DMR_192","chr16",56223970,56228901,"GSE48472","Blood",0.114124293973064
"DMR_192","chr16",56223970,56228901,"GSE48472","Buccal",0.122364845607407
"DMR_192","chr16",56223970,56228901,"GSE48472","Hair",0.148702021614815
"DMR_192","chr16",56223970,56228901,"GSE48472","Liver",0.150940196355556
"DMR_192","chr16",56223970,56228901,"GSE48472","Muscle",0.131668382179012
"DMR_192","chr16",56223970,56228901,"GSE48472","Omentum",0.127210007376543
"DMR_192","chr16",56223970,56228901,"GSE48472","Pancreas",0.139728133018519
"DMR_192","chr16",56223970,56228901,"GSE48472","Saliva",0.106309600244444
"DMR_192","chr16",56223970,56228901,"GSE48472","SC_Fat",0.116977416123457
"DMR_192","chr16",56223970,56228901,"GSE48472","Spleen",0.11913832237037
"DMR_193","chr6",80656586,80658030,"GSE48472","Blood",0.102091772818182
"DMR_193","chr6",80656586,80658030,"GSE48472","Buccal",0.0888066194428571
"DMR_193","chr6",80656586,80658030,"GSE48472","Hair",0.0990394685571429
"DMR_193","chr6",80656586,80658030,"GSE48472","Liver",0.165136465771429
"DMR_193","chr6",80656586,80658030,"GSE48472","Muscle",0.0908351761428571
"DMR_193","chr6",80656586,80658030,"GSE48472","Omentum",0.115828618202381
"DMR_193","chr6",80656586,80658030,"GSE48472","Pancreas",0.135825446035714
"DMR_193","chr6",80656586,80658030,"GSE48472","Saliva",0.0996206350857143
"DMR_193","chr6",80656586,80658030,"GSE48472","SC_Fat",0.105297200059524
"DMR_193","chr6",80656586,80658030,"GSE48472","Spleen",0.115265437285714
"DMR_194","chr3",68056706,68057572,"GSE48472","Blood",0.206437954515152
"DMR_194","chr3",68056706,68057572,"GSE48472","Buccal",0.2237102921
"DMR_194","chr3",68056706,68057572,"GSE48472","Hair",0.199358966
"DMR_194","chr3",68056706,68057572,"GSE48472","Liver",0.2710527964
"DMR_194","chr3",68056706,68057572,"GSE48472","Muscle",0.163841659722222
"DMR_194","chr3",68056706,68057572,"GSE48472","Omentum",0.202650052527778
"DMR_194","chr3",68056706,68057572,"GSE48472","Pancreas",0.199370492458333
"DMR_194","chr3",68056706,68057572,"GSE48472","Saliva",0.204484489533333
"DMR_194","chr3",68056706,68057572,"GSE48472","SC_Fat",0.174818438027778
"DMR_194","chr3",68056706,68057572,"GSE48472","Spleen",0.2209190685
"DMR_195","chr2",185462269,185463803,"GSE48472","Blood",0.10797075061988
"DMR_195","chr2",185462269,185463803,"GSE48472","Buccal",0.170365082614286
"DMR_195","chr2",185462269,185463803,"GSE48472","Hair",0.128568777528571
"DMR_195","chr2",185462269,185463803,"GSE48472","Liver",0.137029200338462
"DMR_195","chr2",185462269,185463803,"GSE48472","Muscle",0.105820227833333
"DMR_195","chr2",185462269,185463803,"GSE48472","Omentum",0.101208834282051
"DMR_195","chr2",185462269,185463803,"GSE48472","Pancreas",0.152278879576923
"DMR_195","chr2",185462269,185463803,"GSE48472","Saliva",0.1130520556
"DMR_195","chr2",185462269,185463803,"GSE48472","SC_Fat",0.111858503641026
"DMR_195","chr2",185462269,185463803,"GSE48472","Spleen",0.104779002846154
"DMR_196","chr2",210636188,210636844,"GSE48472","Blood",0.109020883409091
"DMR_196","chr2",210636188,210636844,"GSE48472","Buccal",0.08370706435
"DMR_196","chr2",210636188,210636844,"GSE48472","Hair",0.080931818375
"DMR_196","chr2",210636188,210636844,"GSE48472","Liver",0.1522089133
"DMR_196","chr2",210636188,210636844,"GSE48472","Muscle",0.0820561079166667
"DMR_196","chr2",210636188,210636844,"GSE48472","Omentum",0.131831237770833
"DMR_196","chr2",210636188,210636844,"GSE48472","Pancreas",0.08754696996875
"DMR_196","chr2",210636188,210636844,"GSE48472","Saliva",0.084418050375
"DMR_196","chr2",210636188,210636844,"GSE48472","SC_Fat",0.109215319166667
"DMR_196","chr2",210636188,210636844,"GSE48472","Spleen",0.139347166708333
"DMR_197","chr4",111549880,111555503,"GSE48472","Blood",0.173746653079051
"DMR_197","chr4",111549880,111555503,"GSE48472","Buccal",0.128830437026087
"DMR_197","chr4",111549880,111555503,"GSE48472","Hair",0.211479979382609
"DMR_197","chr4",111549880,111555503,"GSE48472","Liver",0.194561004269565
"DMR_197","chr4",111549880,111555503,"GSE48472","Muscle",0.45868847442029
"DMR_197","chr4",111549880,111555503,"GSE48472","Omentum",0.192159854681159
"DMR_197","chr4",111549880,111555503,"GSE48472","Pancreas",0.189447252326087
"DMR_197","chr4",111549880,111555503,"GSE48472","Saliva",0.192246678313043
"DMR_197","chr4",111549880,111555503,"GSE48472","SC_Fat",0.341228022637681
"DMR_197","chr4",111549880,111555503,"GSE48472","Spleen",0.182240859536232
"DMR_198","chr8",72752888,72758701,"GSE48472","Blood",0.23754200312987
"DMR_198","chr8",72752888,72758701,"GSE48472","Buccal",0.239396830542857
"DMR_198","chr8",72752888,72758701,"GSE48472","Hair",0.1963841882
"DMR_198","chr8",72752888,72758701,"GSE48472","Liver",0.197018728921429
"DMR_198","chr8",72752888,72758701,"GSE48472","Muscle",0.220995673696429
"DMR_198","chr8",72752888,72758701,"GSE48472","Omentum",0.272427273077381
"DMR_198","chr8",72752888,72758701,"GSE48472","Pancreas",0.336667614767857
"DMR_198","chr8",72752888,72758701,"GSE48472","Saliva",0.240674619492857
"DMR_198","chr8",72752888,72758701,"GSE48472","SC_Fat",0.282470091041667
"DMR_198","chr8",72752888,72758701,"GSE48472","Spleen",0.278260306666667
"DMR_199","chr7",155241490,155244727,"GSE48472","Blood",0.132060277371212
"DMR_199","chr7",155241490,155244727,"GSE48472","Buccal",0.1463768106
"DMR_199","chr7",155241490,155244727,"GSE48472","Hair",0.15572433835
"DMR_199","chr7",155241490,155244727,"GSE48472","Liver",0.142824696283333
"DMR_199","chr7",155241490,155244727,"GSE48472","Muscle",0.148979342708333
"DMR_199","chr7",155241490,155244727,"GSE48472","Omentum",0.127610448888889
"DMR_199","chr7",155241490,155244727,"GSE48472","Pancreas",0.152821536854167
"DMR_199","chr7",155241490,155244727,"GSE48472","Saliva",0.136073917166667
"DMR_199","chr7",155241490,155244727,"GSE48472","SC_Fat",0.123823439375
"DMR_199","chr7",155241490,155244727,"GSE48472","Spleen",0.137537132777778
"DMR_200","chr12",106978920,106981513,"GSE48472","Blood",0.13553370941958
"DMR_200","chr12",106978920,106981513,"GSE48472","Buccal",0.132245762984615
"DMR_200","chr12",106978920,106981513,"GSE48472","Hair",0.149491628707692
"DMR_200","chr12",106978920,106981513,"GSE48472","Liver",0.138852966907692
"DMR_200","chr12",106978920,106981513,"GSE48472","Muscle",0.361475938679487
"DMR_200","chr12",106978920,106981513,"GSE48472","Omentum",0.12836993951282
"DMR_200","chr12",106978920,106981513,"GSE48472","Pancreas",0.250010265557692
"DMR_200","chr12",106978920,106981513,"GSE48472","Saliva",0.129692855184615
"DMR_200","chr12",106978920,106981513,"GSE48472","SC_Fat",0.117193342884615
"DMR_200","chr12",106978920,106981513,"GSE48472","Spleen",0.13994529625641
"DMR_201","chr4",107955762,107958805,"GSE48472","Blood",0.122609024552448
"DMR_201","chr4",107955762,107958805,"GSE48472","Buccal",0.146645802
"DMR_201","chr4",107955762,107958805,"GSE48472","Hair",0.167419218784615
"DMR_201","chr4",107955762,107958805,"GSE48472","Liver",0.164074857323077
"DMR_201","chr4",107955762,107958805,"GSE48472","Muscle",0.0929746500769231
"DMR_201","chr4",107955762,107958805,"GSE48472","Omentum",0.117328932025641
"DMR_201","chr4",107955762,107958805,"GSE48472","Pancreas",0.134990263653846
"DMR_201","chr4",107955762,107958805,"GSE48472","Saliva",0.121285113446154
"DMR_201","chr4",107955762,107958805,"GSE48472","SC_Fat",0.104100552564103
"DMR_201","chr4",107955762,107958805,"GSE48472","Spleen",0.118957685025641
"DMR_202","chr8",54789207,54795315,"GSE48472","Blood",0.130043067889328
"DMR_202","chr8",54789207,54795315,"GSE48472","Buccal",0.156250364713043
"DMR_202","chr8",54789207,54795315,"GSE48472","Hair",0.171038821834783
"DMR_202","chr8",54789207,54795315,"GSE48472","Liver",0.154906228617391
"DMR_202","chr8",54789207,54795315,"GSE48472","Muscle",0.118910118217391
"DMR_202","chr8",54789207,54795315,"GSE48472","Omentum",0.134814144528985
"DMR_202","chr8",54789207,54795315,"GSE48472","Pancreas",0.152220911445652
"DMR_202","chr8",54789207,54795315,"GSE48472","Saliva",0.128273567347826
"DMR_202","chr8",54789207,54795315,"GSE48472","SC_Fat",0.135265191369565
"DMR_202","chr8",54789207,54795315,"GSE48472","Spleen",0.129874594188406
"DMR_203","chr16",3233068,3234346,"GSE48472","Blood",0.145264681772727
"DMR_203","chr16",3233068,3234346,"GSE48472","Buccal",0.172729918366667
"DMR_203","chr16",3233068,3234346,"GSE48472","Hair",0.1737168217
"DMR_203","chr16",3233068,3234346,"GSE48472","Liver",0.184388535
"DMR_203","chr16",3233068,3234346,"GSE48472","Muscle",0.148001553583333
"DMR_203","chr16",3233068,3234346,"GSE48472","Omentum",0.133702427722222
"DMR_203","chr16",3233068,3234346,"GSE48472","Pancreas",0.175862062875
"DMR_203","chr16",3233068,3234346,"GSE48472","Saliva",0.148830279866667
"DMR_203","chr16",3233068,3234346,"GSE48472","SC_Fat",0.138557155694444
"DMR_203","chr16",3233068,3234346,"GSE48472","Spleen",0.127852539222222
"DMR_204","chr13",112758379,112763963,"GSE48472","Blood",0.243453202761768
"DMR_204","chr13",112758379,112763963,"GSE48472","Buccal",0.39870397706087
"DMR_204","chr13",112758379,112763963,"GSE48472","Hair",0.255235958478261
"DMR_204","chr13",112758379,112763963,"GSE48472","Liver",0.2114271922
"DMR_204","chr13",112758379,112763963,"GSE48472","Muscle",0.219677315310606
"DMR_204","chr13",112758379,112763963,"GSE48472","Omentum",0.211827154530303
"DMR_204","chr13",112758379,112763963,"GSE48472","Pancreas",0.187938256659091
"DMR_204","chr13",112758379,112763963,"GSE48472","Saliva",0.281444095852174
"DMR_204","chr13",112758379,112763963,"GSE48472","SC_Fat",0.197642991045455
"DMR_204","chr13",112758379,112763963,"GSE48472","Spleen",0.245121610075758
"DMR_205","chr1",4714008,4716554,"GSE48472","Blood",0.105787867461039
"DMR_205","chr1",4714008,4716554,"GSE48472","Buccal",0.100051881214286
"DMR_205","chr1",4714008,4716554,"GSE48472","Hair",0.0936347796
"DMR_205","chr1",4714008,4716554,"GSE48472","Liver",0.1102370779
"DMR_205","chr1",4714008,4716554,"GSE48472","Muscle",0.0767948070357143
"DMR_205","chr1",4714008,4716554,"GSE48472","Omentum",0.102770351452381
"DMR_205","chr1",4714008,4716554,"GSE48472","Pancreas",0.105734573285714
"DMR_205","chr1",4714008,4716554,"GSE48472","Saliva",0.0908481857714286
"DMR_205","chr1",4714008,4716554,"GSE48472","SC_Fat",0.0882448558214286
"DMR_205","chr1",4714008,4716554,"GSE48472","Spleen",0.113156811
"DMR_206","chr1",14923736,14926521,"GSE48472","Blood",0.206531100993506
"DMR_206","chr1",14923736,14926521,"GSE48472","Buccal",0.253184975328571
"DMR_206","chr1",14923736,14926521,"GSE48472","Hair",0.263179037028571
"DMR_206","chr1",14923736,14926521,"GSE48472","Liver",0.239262388
"DMR_206","chr1",14923736,14926521,"GSE48472","Muscle",0.254930516392857
"DMR_206","chr1",14923736,14926521,"GSE48472","Omentum",0.232689908666667
"DMR_206","chr1",14923736,14926521,"GSE48472","Pancreas",0.254997986
"DMR_206","chr1",14923736,14926521,"GSE48472","Saliva",0.214497121614286
"DMR_206","chr1",14923736,14926521,"GSE48472","SC_Fat",0.241067102678571
"DMR_206","chr1",14923736,14926521,"GSE48472","Spleen",0.230176167833333
"DMR_207","chr11",94500612,94502879,"GSE48472","Blood",0.203154075040909
"DMR_207","chr11",94500612,94502879,"GSE48472","Buccal",0.13839766108
"DMR_207","chr11",94500612,94502879,"GSE48472","Hair",0.11929206267
"DMR_207","chr11",94500612,94502879,"GSE48472","Liver",0.18516882702
"DMR_207","chr11",94500612,94502879,"GSE48472","Muscle",0.149528128266667
"DMR_207","chr11",94500612,94502879,"GSE48472","Omentum",0.179366251308333
"DMR_207","chr11",94500612,94502879,"GSE48472","Pancreas",0.13332851465
"DMR_207","chr11",94500612,94502879,"GSE48472","Saliva",0.17962262328
"DMR_207","chr11",94500612,94502879,"GSE48472","SC_Fat",0.158708528941667
"DMR_207","chr11",94500612,94502879,"GSE48472","Spleen",0.182827277216667
"DMR_208","chr3",44063315,44063832,"GSE48472","Blood",0.109743328651515
"DMR_208","chr3",44063315,44063832,"GSE48472","Buccal",0.2231800564
"DMR_208","chr3",44063315,44063832,"GSE48472","Hair",0.307555917666667
"DMR_208","chr3",44063315,44063832,"GSE48472","Liver",0.1200818497
"DMR_208","chr3",44063315,44063832,"GSE48472","Muscle",0.133962237861111
"DMR_208","chr3",44063315,44063832,"GSE48472","Omentum",0.109158849
"DMR_208","chr3",44063315,44063832,"GSE48472","Pancreas",0.140195311208333
"DMR_208","chr3",44063315,44063832,"GSE48472","Saliva",0.134977066433333
"DMR_208","chr3",44063315,44063832,"GSE48472","SC_Fat",0.104518377166667
"DMR_208","chr3",44063315,44063832,"GSE48472","Spleen",0.10690409
"DMR_209","chr10",26503187,26507383,"GSE48472","Blood",0.139492414563636
"DMR_209","chr10",26503187,26507383,"GSE48472","Buccal",0.17282970725
"DMR_209","chr10",26503187,26507383,"GSE48472","Hair",0.17341999047
"DMR_209","chr10",26503187,26507383,"GSE48472","Liver",0.1403673719
"DMR_209","chr10",26503187,26507383,"GSE48472","Muscle",0.123754947116667
"DMR_209","chr10",26503187,26507383,"GSE48472","Omentum",0.131811684
"DMR_209","chr10",26503187,26507383,"GSE48472","Pancreas",0.1635537870625
"DMR_209","chr10",26503187,26507383,"GSE48472","Saliva",0.14967534348
"DMR_209","chr10",26503187,26507383,"GSE48472","SC_Fat",0.133812579733333
"DMR_209","chr10",26503187,26507383,"GSE48472","Spleen",0.136335330383333
"DMR_210","chr20",21487412,21490665,"GSE48472","Blood",0.298112308238636
"DMR_210","chr20",21487412,21490665,"GSE48472","Buccal",0.2949353698
"DMR_210","chr20",21487412,21490665,"GSE48472","Hair",0.28206415225
"DMR_210","chr20",21487412,21490665,"GSE48472","Liver",0.252811779425
"DMR_210","chr20",21487412,21490665,"GSE48472","Muscle",0.2233997340625
"DMR_210","chr20",21487412,21490665,"GSE48472","Omentum",0.245177682375
"DMR_210","chr20",21487412,21490665,"GSE48472","Pancreas",0.3838331565625
"DMR_210","chr20",21487412,21490665,"GSE48472","Saliva",0.30976036725
"DMR_210","chr20",21487412,21490665,"GSE48472","SC_Fat",0.237292574958333
"DMR_210","chr20",21487412,21490665,"GSE48472","Spleen",0.26224514
"DMR_211","chr7",21582064,21584483,"GSE48472","Blood",0.254614019090909
"DMR_211","chr7",21582064,21584483,"GSE48472","Buccal",0.247081508583333
"DMR_211","chr7",21582064,21584483,"GSE48472","Hair",0.211569327716667
"DMR_211","chr7",21582064,21584483,"GSE48472","Liver",0.2271169542
"DMR_211","chr7",21582064,21584483,"GSE48472","Muscle",0.209040191513889
"DMR_211","chr7",21582064,21584483,"GSE48472","Omentum",0.235948151819444
"DMR_211","chr7",21582064,21584483,"GSE48472","Pancreas",0.2370089280625
"DMR_211","chr7",21582064,21584483,"GSE48472","Saliva",0.25033864975
"DMR_211","chr7",21582064,21584483,"GSE48472","SC_Fat",0.210798978541667
"DMR_211","chr7",21582064,21584483,"GSE48472","Spleen",0.243914925055556
"DMR_212","chr14",23834477,23836047,"GSE48472","Blood",0.266110803878788
"DMR_212","chr14",23834477,23836047,"GSE48472","Buccal",0.156554931366667
"DMR_212","chr14",23834477,23836047,"GSE48472","Hair",0.0935365290666667
"DMR_212","chr14",23834477,23836047,"GSE48472","Liver",0.224569811133333
"DMR_212","chr14",23834477,23836047,"GSE48472","Muscle",0.209049256666667
"DMR_212","chr14",23834477,23836047,"GSE48472","Omentum",0.203986419027778
"DMR_212","chr14",23834477,23836047,"GSE48472","Pancreas",0.351835270270833
"DMR_212","chr14",23834477,23836047,"GSE48472","Saliva",0.23514010565
"DMR_212","chr14",23834477,23836047,"GSE48472","SC_Fat",0.163546266402778
"DMR_212","chr14",23834477,23836047,"GSE48472","Spleen",0.236666769388889
"DMR_213","chr14",57282784,57284528,"GSE48472","Blood",0.145323136144481
"DMR_213","chr14",57282784,57284528,"GSE48472","Buccal",0.15368462685
"DMR_213","chr14",57282784,57284528,"GSE48472","Hair",0.1601483685
"DMR_213","chr14",57282784,57284528,"GSE48472","Liver",0.128256955457143
"DMR_213","chr14",57282784,57284528,"GSE48472","Muscle",0.120390906119048
"DMR_213","chr14",57282784,57284528,"GSE48472","Omentum",0.121704143619048
"DMR_213","chr14",57282784,57284528,"GSE48472","Pancreas",0.154297166964286
"DMR_213","chr14",57282784,57284528,"GSE48472","Saliva",0.151622622025
"DMR_213","chr14",57282784,57284528,"GSE48472","SC_Fat",0.109065683071429
"DMR_213","chr14",57282784,57284528,"GSE48472","Spleen",0.145420999952381
"DMR_214","chr1",119526060,119532925,"GSE48472","Blood",0.199663183181818
"DMR_214","chr1",119526060,119532925,"GSE48472","Buccal",0.334334998021739
"DMR_214","chr1",119526060,119532925,"GSE48472","Hair",0.364744891065217
"DMR_214","chr1",119526060,119532925,"GSE48472","Liver",0.28884226173913
"DMR_214","chr1",119526060,119532925,"GSE48472","Muscle",0.436915412253623
"DMR_214","chr1",119526060,119532925,"GSE48472","Omentum",0.278316580028986
"DMR_214","chr1",119526060,119532925,"GSE48472","Pancreas",0.320253592619565
"DMR_214","chr1",119526060,119532925,"GSE48472","Saliva",0.220597993013043
"DMR_214","chr1",119526060,119532925,"GSE48472","SC_Fat",0.264947455572464
"DMR_214","chr1",119526060,119532925,"GSE48472","Spleen",0.218868026094203
"DMR_215","chr10",106398816,106402908,"GSE48472","Blood",0.120929105727273
"DMR_215","chr10",106398816,106402908,"GSE48472","Buccal",0.101584666327273
"DMR_215","chr10",106398816,106402908,"GSE48472","Hair",0.0840297281545455
"DMR_215","chr10",106398816,106402908,"GSE48472","Liver",0.120830420827273
"DMR_215","chr10",106398816,106402908,"GSE48472","Muscle",0.0872165591212121
"DMR_215","chr10",106398816,106402908,"GSE48472","Omentum",0.11136252880303
"DMR_215","chr10",106398816,106402908,"GSE48472","Pancreas",0.101938318340909
"DMR_215","chr10",106398816,106402908,"GSE48472","Saliva",0.110009570281818
"DMR_215","chr10",106398816,106402908,"GSE48472","SC_Fat",0.102591511393939
"DMR_215","chr10",106398816,106402908,"GSE48472","Spleen",0.129320809909091
"DMR_216","chr19",56879036,56880388,"GSE48472","Blood",0.262537863097403
"DMR_216","chr19",56879036,56880388,"GSE48472","Buccal",0.233673123814286
"DMR_216","chr19",56879036,56880388,"GSE48472","Hair",0.214060585057143
"DMR_216","chr19",56879036,56880388,"GSE48472","Liver",0.223141959385714
"DMR_216","chr19",56879036,56880388,"GSE48472","Muscle",0.176702894857143
"DMR_216","chr19",56879036,56880388,"GSE48472","Omentum",0.22672788397619
"DMR_216","chr19",56879036,56880388,"GSE48472","Pancreas",0.208934083553571
"DMR_216","chr19",56879036,56880388,"GSE48472","Saliva",0.248644710457143
"DMR_216","chr19",56879036,56880388,"GSE48472","SC_Fat",0.209336674357143
"DMR_216","chr19",56879036,56880388,"GSE48472","Spleen",0.241285276857143
"DMR_217","chr13",96204265,96206104,"GSE48472","Blood",0.170577371568182
"DMR_217","chr13",96204265,96206104,"GSE48472","Buccal",0.2799796681375
"DMR_217","chr13",96204265,96206104,"GSE48472","Hair",0.2233054333375
"DMR_217","chr13",96204265,96206104,"GSE48472","Liver",0.202069932875
"DMR_217","chr13",96204265,96206104,"GSE48472","Muscle",0.269971613270833
"DMR_217","chr13",96204265,96206104,"GSE48472","Omentum",0.193677244197917
"DMR_217","chr13",96204265,96206104,"GSE48472","Pancreas",0.111334655859375
"DMR_217","chr13",96204265,96206104,"GSE48472","Saliva",0.17896520055
"DMR_217","chr13",96204265,96206104,"GSE48472","SC_Fat",0.181662473697917
"DMR_217","chr13",96204265,96206104,"GSE48472","Spleen",0.189575693875
"DMR_218","chr11",69631981,69635508,"GSE48472","Blood",0.132990300367273
"DMR_218","chr11",69631981,69635508,"GSE48472","Buccal",0.118889891024
"DMR_218","chr11",69631981,69635508,"GSE48472","Hair",0.119576888432
"DMR_218","chr11",69631981,69635508,"GSE48472","Liver",0.141121834288
"DMR_218","chr11",69631981,69635508,"GSE48472","Muscle",0.104893816993333
"DMR_218","chr11",69631981,69635508,"GSE48472","Omentum",0.12196712688
"DMR_218","chr11",69631981,69635508,"GSE48472","Pancreas",0.10900511224
"DMR_218","chr11",69631981,69635508,"GSE48472","Saliva",0.123701235464
"DMR_218","chr11",69631981,69635508,"GSE48472","SC_Fat",0.11543475072
"DMR_218","chr11",69631981,69635508,"GSE48472","Spleen",0.130732808293333
"DMR_219","chr3",154796045,154798648,"GSE48472","Blood",0.113611684363636
"DMR_219","chr3",154796045,154798648,"GSE48472","Buccal",0.117995226223529
"DMR_219","chr3",154796045,154798648,"GSE48472","Hair",0.114044149376471
"DMR_219","chr3",154796045,154798648,"GSE48472","Liver",0.158497289
"DMR_219","chr3",154796045,154798648,"GSE48472","Muscle",0.130532894254902
"DMR_219","chr3",154796045,154798648,"GSE48472","Omentum",0.104127701490196
"DMR_219","chr3",154796045,154798648,"GSE48472","Pancreas",0.129392130426471
"DMR_219","chr3",154796045,154798648,"GSE48472","Saliva",0.0975141388823529
"DMR_219","chr3",154796045,154798648,"GSE48472","SC_Fat",0.114309398519608
"DMR_219","chr3",154796045,154798648,"GSE48472","Spleen",0.111894443882353
"DMR_220","chr7",137531173,137533035,"GSE48472","Blood",0.211904123568182
"DMR_220","chr7",137531173,137533035,"GSE48472","Buccal",0.25062571375
"DMR_220","chr7",137531173,137533035,"GSE48472","Hair",0.2509366486
"DMR_220","chr7",137531173,137533035,"GSE48472","Liver",0.242940380375
"DMR_220","chr7",137531173,137533035,"GSE48472","Muscle",0.2138958051875
"DMR_220","chr7",137531173,137533035,"GSE48472","Omentum",0.216609847625
"DMR_220","chr7",137531173,137533035,"GSE48472","Pancreas",0.22389780728125
"DMR_220","chr7",137531173,137533035,"GSE48472","Saliva",0.21945890525
"DMR_220","chr7",137531173,137533035,"GSE48472","SC_Fat",0.211397712375
"DMR_220","chr7",137531173,137533035,"GSE48472","Spleen",0.216551104125
"DMR_221","chr14",48143434,48145588,"GSE48472","Blood",0.123835172954545
"DMR_221","chr14",48143434,48145588,"GSE48472","Buccal",0.107738017275
"DMR_221","chr14",48143434,48145588,"GSE48472","Hair",0.115630846975
"DMR_221","chr14",48143434,48145588,"GSE48472","Liver",0.1140904391
"DMR_221","chr14",48143434,48145588,"GSE48472","Muscle",0.0901793712291667
"DMR_221","chr14",48143434,48145588,"GSE48472","Omentum",0.111356314520833
"DMR_221","chr14",48143434,48145588,"GSE48472","Pancreas",0.11165693846875
"DMR_221","chr14",48143434,48145588,"GSE48472","Saliva",0.099595800675
"DMR_221","chr14",48143434,48145588,"GSE48472","SC_Fat",0.102633481354167
"DMR_221","chr14",48143434,48145588,"GSE48472","Spleen",0.132602537916667
"DMR_222","chr14",57263369,57266029,"GSE48472","Blood",0.224160132769231
"DMR_222","chr14",57263369,57266029,"GSE48472","Buccal",0.248642879707692
"DMR_222","chr14",57263369,57266029,"GSE48472","Hair",0.370127559723077
"DMR_222","chr14",57263369,57266029,"GSE48472","Liver",0.247390994430769
"DMR_222","chr14",57263369,57266029,"GSE48472","Muscle",0.329504339064103
"DMR_222","chr14",57263369,57266029,"GSE48472","Omentum",0.21499786424359
"DMR_222","chr14",57263369,57266029,"GSE48472","Pancreas",0.350229091865385
"DMR_222","chr14",57263369,57266029,"GSE48472","Saliva",0.223068572984615
"DMR_222","chr14",57263369,57266029,"GSE48472","SC_Fat",0.198180047846154
"DMR_222","chr14",57263369,57266029,"GSE48472","Spleen",0.21947941774359
"DMR_223","chr10",50816058,50818911,"GSE48472","Blood",0.182253505721591
"DMR_223","chr10",50816058,50818911,"GSE48472","Buccal",0.1586720922375
"DMR_223","chr10",50816058,50818911,"GSE48472","Hair",0.15174883255
"DMR_223","chr10",50816058,50818911,"GSE48472","Liver",0.1698007459375
"DMR_223","chr10",50816058,50818911,"GSE48472","Muscle",0.119515820177083
"DMR_223","chr10",50816058,50818911,"GSE48472","Omentum",0.160557992354167
"DMR_223","chr10",50816058,50818911,"GSE48472","Pancreas",0.16542450996875
"DMR_223","chr10",50816058,50818911,"GSE48472","Saliva",0.1672453863625
"DMR_223","chr10",50816058,50818911,"GSE48472","SC_Fat",0.144324574427083
"DMR_223","chr10",50816058,50818911,"GSE48472","Spleen",0.179316844875
"DMR_224","chr7",19145530,19148187,"GSE48472","Blood",0.16575102937741
"DMR_224","chr7",19145530,19148187,"GSE48472","Buccal",0.229422694316667
"DMR_224","chr7",19145530,19148187,"GSE48472","Hair",0.190531506766667
"DMR_224","chr7",19145530,19148187,"GSE48472","Liver",0.166999305290909
"DMR_224","chr7",19145530,19148187,"GSE48472","Muscle",0.137799173363636
"DMR_224","chr7",19145530,19148187,"GSE48472","Omentum",0.16418123969697
"DMR_224","chr7",19145530,19148187,"GSE48472","Pancreas",0.186449106227273
"DMR_224","chr7",19145530,19148187,"GSE48472","Saliva",0.173501593083333
"DMR_224","chr7",19145530,19148187,"GSE48472","SC_Fat",0.142058233106061
"DMR_224","chr7",19145530,19148187,"GSE48472","Spleen",0.160886974909091
"DMR_225","chr12",41085286,41087584,"GSE48472","Blood",0.238264495336898
"DMR_225","chr12",41085286,41087584,"GSE48472","Buccal",0.201230769317647
"DMR_225","chr12",41085286,41087584,"GSE48472","Hair",0.167833930623529
"DMR_225","chr12",41085286,41087584,"GSE48472","Liver",0.186015254976471
"DMR_225","chr12",41085286,41087584,"GSE48472","Muscle",0.140006123245098
"DMR_225","chr12",41085286,41087584,"GSE48472","Omentum",0.189511490647059
"DMR_225","chr12",41085286,41087584,"GSE48472","Pancreas",0.181644716352941
"DMR_225","chr12",41085286,41087584,"GSE48472","Saliva",0.223888557658824
"DMR_225","chr12",41085286,41087584,"GSE48472","SC_Fat",0.16832273027451
"DMR_225","chr12",41085286,41087584,"GSE48472","Spleen",0.221749802647059
"DMR_226","chr16",10274064,10277505,"GSE48472","Blood",0.138937761685606
"DMR_226","chr16",10274064,10277505,"GSE48472","Buccal",0.165313528916667
"DMR_226","chr16",10274064,10277505,"GSE48472","Hair",0.142883831758333
"DMR_226","chr16",10274064,10277505,"GSE48472","Liver",0.1284633122
"DMR_226","chr16",10274064,10277505,"GSE48472","Muscle",0.107929323930556
"DMR_226","chr16",10274064,10277505,"GSE48472","Omentum",0.139786060840278
"DMR_226","chr16",10274064,10277505,"GSE48472","Pancreas",0.133532527572917
"DMR_226","chr16",10274064,10277505,"GSE48472","Saliva",0.138255779875
"DMR_226","chr16",10274064,10277505,"GSE48472","SC_Fat",0.125175813909722
"DMR_226","chr16",10274064,10277505,"GSE48472","Spleen",0.135263705888889
"DMR_227","chr7",19812327,19813525,"GSE48472","Blood",0.203320266511364
"DMR_227","chr7",19812327,19813525,"GSE48472","Buccal",0.2064018350125
"DMR_227","chr7",19812327,19813525,"GSE48472","Hair",0.20299202485
"DMR_227","chr7",19812327,19813525,"GSE48472","Liver",0.1761919095375
"DMR_227","chr7",19812327,19813525,"GSE48472","Muscle",0.16894502821875
"DMR_227","chr7",19812327,19813525,"GSE48472","Omentum",0.200668309260417
"DMR_227","chr7",19812327,19813525,"GSE48472","Pancreas",0.202022980390625
"DMR_227","chr7",19812327,19813525,"GSE48472","Saliva",0.196560439975
"DMR_227","chr7",19812327,19813525,"GSE48472","SC_Fat",0.1832295068125
"DMR_227","chr7",19812327,19813525,"GSE48472","Spleen",0.194561279645833
"DMR_228","chr5",1878499,1888218,"GSE48472","Blood",0.181236055700246
"DMR_228","chr5",1878499,1888218,"GSE48472","Buccal",0.319408317859459
"DMR_228","chr5",1878499,1888218,"GSE48472","Hair",0.297031669367568
"DMR_228","chr5",1878499,1888218,"GSE48472","Liver",0.164637574518919
"DMR_228","chr5",1878499,1888218,"GSE48472","Muscle",0.30239452259009
"DMR_228","chr5",1878499,1888218,"GSE48472","Omentum",0.166735998617117
"DMR_228","chr5",1878499,1888218,"GSE48472","Pancreas",0.151557031797297
"DMR_228","chr5",1878499,1888218,"GSE48472","Saliva",0.215265881491892
"DMR_228","chr5",1878499,1888218,"GSE48472","SC_Fat",0.165930545842342
"DMR_228","chr5",1878499,1888218,"GSE48472","Spleen",0.182129331315315
"DMR_229","chr3",179754239,179755696,"GSE48472","Blood",0.0843529779166667
"DMR_229","chr3",179754239,179755696,"GSE48472","Buccal",0.0946695831166667
"DMR_229","chr3",179754239,179755696,"GSE48472","Hair",0.08508581025
"DMR_229","chr3",179754239,179755696,"GSE48472","Liver",0.128238980983333
"DMR_229","chr3",179754239,179755696,"GSE48472","Muscle",0.0769960880694444
"DMR_229","chr3",179754239,179755696,"GSE48472","Omentum",0.0860582818611111
"DMR_229","chr3",179754239,179755696,"GSE48472","Pancreas",0.0951905440625
"DMR_229","chr3",179754239,179755696,"GSE48472","Saliva",0.0824283661333333
"DMR_229","chr3",179754239,179755696,"GSE48472","SC_Fat",0.088149200375
"DMR_229","chr3",179754239,179755696,"GSE48472","Spleen",0.0973481428611111
"DMR_230","chr20",37351841,37358077,"GSE48472","Blood",0.142302311338933
"DMR_230","chr20",37351841,37358077,"GSE48472","Buccal",0.146404361175
"DMR_230","chr20",37351841,37358077,"GSE48472","Hair",0.152163268833333
"DMR_230","chr20",37351841,37358077,"GSE48472","Liver",0.148578007669565
"DMR_230","chr20",37351841,37358077,"GSE48472","Muscle",0.122059555594203
"DMR_230","chr20",37351841,37358077,"GSE48472","Omentum",0.131595166434783
"DMR_230","chr20",37351841,37358077,"GSE48472","Pancreas",0.148306801021739
"DMR_230","chr20",37351841,37358077,"GSE48472","Saliva",0.13351930615
"DMR_230","chr20",37351841,37358077,"GSE48472","SC_Fat",0.13442372134058
"DMR_230","chr20",37351841,37358077,"GSE48472","Spleen",0.13929227426087
"DMR_231","chr21",27010160,27012878,"GSE48472","Blood",0.196004265363636
"DMR_231","chr21",27010160,27012878,"GSE48472","Buccal",0.196799544466667
"DMR_231","chr21",27010160,27012878,"GSE48472","Hair",0.187935482413333
"DMR_231","chr21",27010160,27012878,"GSE48472","Liver",0.192726102986667
"DMR_231","chr21",27010160,27012878,"GSE48472","Muscle",0.170638861244444
"DMR_231","chr21",27010160,27012878,"GSE48472","Omentum",0.174790451455556
"DMR_231","chr21",27010160,27012878,"GSE48472","Pancreas",0.19433787865
"DMR_231","chr21",27010160,27012878,"GSE48472","Saliva",0.183438613866667
"DMR_231","chr21",27010160,27012878,"GSE48472","SC_Fat",0.192371866366667
"DMR_231","chr21",27010160,27012878,"GSE48472","Spleen",0.168850787955556
"DMR_232","chr20",2780114,2782348,"GSE48472","Blood",0.122102006857143
"DMR_232","chr20",2780114,2782348,"GSE48472","Buccal",0.171593107
"DMR_232","chr20",2780114,2782348,"GSE48472","Hair",0.208795023971429
"DMR_232","chr20",2780114,2782348,"GSE48472","Liver",0.167222736728571
"DMR_232","chr20",2780114,2782348,"GSE48472","Muscle",0.129413194416667
"DMR_232","chr20",2780114,2782348,"GSE48472","Omentum",0.140780217345238
"DMR_232","chr20",2780114,2782348,"GSE48472","Pancreas",0.172229704410714
"DMR_232","chr20",2780114,2782348,"GSE48472","Saliva",0.129521050771429
"DMR_232","chr20",2780114,2782348,"GSE48472","SC_Fat",0.1485715885
"DMR_232","chr20",2780114,2782348,"GSE48472","Spleen",0.12641835802381
"DMR_233","chr11",15135329,15136688,"GSE48472","Blood",0.297448052033058
"DMR_233","chr11",15135329,15136688,"GSE48472","Buccal",0.280950752581818
"DMR_233","chr11",15135329,15136688,"GSE48472","Hair",0.266407561854545
"DMR_233","chr11",15135329,15136688,"GSE48472","Liver",0.347300185436364
"DMR_233","chr11",15135329,15136688,"GSE48472","Muscle",0.248144934015152
"DMR_233","chr11",15135329,15136688,"GSE48472","Omentum",0.274589045878788
"DMR_233","chr11",15135329,15136688,"GSE48472","Pancreas",0.366339399522727
"DMR_233","chr11",15135329,15136688,"GSE48472","Saliva",0.274019011781818
"DMR_233","chr11",15135329,15136688,"GSE48472","SC_Fat",0.257745050454545
"DMR_233","chr11",15135329,15136688,"GSE48472","Spleen",0.278979062515152
"DMR_234","chr16",3354260,3356149,"GSE48472","Blood",0.171013003818182
"DMR_234","chr16",3354260,3356149,"GSE48472","Buccal",0.183900406625
"DMR_234","chr16",3354260,3356149,"GSE48472","Hair",0.167460713725
"DMR_234","chr16",3354260,3356149,"GSE48472","Liver",0.166580254025
"DMR_234","chr16",3354260,3356149,"GSE48472","Muscle",0.129663989375
"DMR_234","chr16",3354260,3356149,"GSE48472","Omentum",0.158816337
"DMR_234","chr16",3354260,3356149,"GSE48472","Pancreas",0.1741756953125
"DMR_234","chr16",3354260,3356149,"GSE48472","Saliva",0.169483411975
"DMR_234","chr16",3354260,3356149,"GSE48472","SC_Fat",0.170583711270833
"DMR_234","chr16",3354260,3356149,"GSE48472","Spleen",0.156982027125
