Sample,Group,DMR_1,DMR_10,DMR_102,DMR_103,DMR_104,DMR_108,DMR_11,DMR_110,DMR_112,DMR_116,DMR_118,DMR_119,DMR_12,DMR_120,DMR_122,DMR_123,DMR_125,DMR_129,DMR_132,DMR_133,DMR_14,DMR_142,DMR_145,DMR_149,DMR_15,DMR_152,DMR_153,DMR_154,DMR_158,DMR_159,DMR_16,DMR_160,DMR_162,DMR_163,DMR_164,DMR_165,DMR_166,DMR_167,DMR_168,DMR_169,DMR_171,DMR_175,DMR_176,DMR_178,DMR_18,DMR_180,DMR_183,DMR_186,DMR_187,DMR_192,DMR_193,DMR_195,DMR_196,DMR_199,DMR_201,DMR_202,DMR_205,DMR_209,DMR_213,DMR_215,DMR_218,DMR_219,DMR_22,DMR_221,DMR_223,DMR_226,DMR_229,DMR_23,DMR_230,DMR_231,DMR_25,DMR_26,DMR_27,DMR_29,DMR_31,DMR_32,DMR_35,DMR_36,DMR_37,DMR_38,DMR_4,DMR_41,DMR_44,DMR_45,DMR_48,DMR_49,DMR_50,DMR_53,DMR_57,DMR_61,DMR_62,DMR_64,DMR_65,DMR_68,DMR_69,DMR_7,DMR_70,DMR_74,DMR_78,DMR_79,DMR_80,DMR_81,DMR_83,DMR_85,DMR_9,DMR_93,DMR_94,DMR_95,DMR_96,DMR_98
GSM2714567,Normal,0.0445751524874217,0.166418178119654,0.0930893882692503,0.201462148580491,0.16392136763449,0.149652530282043,0.17386019382385,0.0892486149986835,0.178375931483445,0.280921913035633,0.151950468748617,0.228702073247129,0.136414924507806,0.264707678369882,0.208763256270582,0.1898439025289,0.189203929426313,0.245388572574772,0.201776207691599,0.168914444625729,0.126973350058904,0.305429636363685,0.450380419637208,0.280363536476029,0.12313450024742,0.172965212793226,0.0908294734963014,0.119567501103906,0.0919080001337385,0.0738614215766743,0.128845437117322,0.0930326085382625,0.131423343806303,0.119235362698522,0.13026535766639,0.142879790214589,0.183978844507309,0.128256092099594,0.124781852074334,0.147386769900355,0.116409780727478,0.145240397008253,0.116846872050749,0.132640325282657,0.0872151298959116,0.0898543918421795,0.0820564714029861,0.303451716170877,0.139457005644237,0.138333810524701,0.0743653823680832,0.12813737920027,0.295928490690021,0.171525423088242,0.197426815078079,0.148948610849887,0.278480887546526,0.250625752986889,0.167294817938366,0.295615946116108,0.207166314345552,0.0988815487659743,0.102124948609087,0.319355784823447,0.258775047269576,0.224950480926582,0.334177618794606,0.209986866695719,0.273214727836221,0.166928039008269,0.0929309537582321,0.0946059802483284,0.184759077923844,0.185516349239701,0.103229021325229,0.0977628880160894,0.221568061409735,0.106007356626303,0.196312662707894,0.104133948087556,0.139941934153386,0.139983725747018,0.158517013613221,0.0914786733712882,0.123871328480598,0.197470333463834,0.152157577186101,0.154280823970886,0.15893607921302,0.106307389399295,0.17808859027265,0.109242965774557,0.167268059405735,0.123507850766362,0.185697882087057,0.153861885829622,0.163831440249299,0.219645588687061,0.205933692247762,0.160069457399381,0.138291117839632,0.140694045093378,0.139119747113522,0.242288934268741,0.167288785103429,0.253026106795365,0.228202614733608,0.0581557023687253,0.205253984792954,0.281970819132126
GSM2714568,Normal,0.0566777442442062,0.141560164042413,0.086283804040977,0.202006459062707,0.142864095649615,0.103681695544975,0.197821596455137,0.112428502606793,0.185364313849607,0.231730038821794,0.187978627613497,0.268803157610212,0.109703856665828,0.23744820588081,0.219268883184377,0.185868970571853,0.15373167912407,0.207222171695321,0.189251715809622,0.176900774577991,0.132662723453975,0.273725835057441,0.322304009147936,0.198507648513846,0.118498867676059,0.17124443864438,0.0976285697666524,0.150577239145678,0.101970001070699,0.0871694849956177,0.15512053695101,0.0868338049723512,0.139044781077789,0.113250611839315,0.125673306905698,0.191102511351754,0.176208350162631,0.143871701467805,0.123933333267146,0.122162817691403,0.12008125309192,0.128313526603013,0.125213525437803,0.164826905100542,0.0946519227892025,0.0883521517630794,0.0983407626759558,0.242237711746147,0.141795070663792,0.149884508568202,0.0927780672948602,0.134087802234494,0.26527510517664,0.166592235107426,0.194256328559331,0.152790517552941,0.217687306727311,0.227329809820554,0.174282357338092,0.235601670661791,0.191842560081083,0.105279738765315,0.113011190045166,0.229305719733771,0.23017582092361,0.177590668945488,0.241534239647524,0.179402622571744,0.237263338508981,0.176165211972672,0.127802135269903,0.0761364359259216,0.218315127072127,0.119539041119031,0.0819157573647974,0.114730840607124,0.166546241138267,0.108575642774612,0.206460144882415,0.136592782856327,0.131332415662729,0.137924098135899,0.159732452755096,0.104275307131749,0.149333948492477,0.136743933363648,0.157497868019791,0.143671616973936,0.16149811264906,0.135862576474942,0.149826219778626,0.104422509666655,0.1528511664988,0.134103752584999,0.149610393125977,0.105661324517175,0.166575551405098,0.213831370010669,0.136821064620275,0.157047068157818,0.13614554311842,0.140318526757983,0.140090795088945,0.229231862111359,0.163597523655394,0.193474826971003,0.17137923968898,0.0777448887118171,0.162104604517824,0.244198299689864
GSM2714571,Normal,0.0660727496967684,0.136667518638355,0.098551353931653,0.203929141024552,0.153830100879603,0.153759614618502,0.23516218345019,0.122089901136966,0.176614833849574,0.226383645097783,0.185547793314979,0.256429416854804,0.125844960714963,0.225564773428213,0.269490439943107,0.192196545086298,0.196484127835392,0.213849834278588,0.185651868128793,0.179141213214249,0.1416216334577,0.262114032273556,0.336496402103033,0.202315214516082,0.111965662587646,0.171726026349802,0.102499121829954,0.14681173967883,0.11316336101977,0.0993860490611085,0.149169483759064,0.104286051009824,0.165588922406205,0.135831951655196,0.13312131516824,0.209316308998003,0.181641361063439,0.132096211309678,0.161714171142987,0.117448450407406,0.137171709754783,0.128518223602037,0.139332489779044,0.164729612551434,0.111235944049564,0.130616762054451,0.10734859918151,0.25311037337322,0.216387988684468,0.155896973104726,0.0960693352963086,0.147152885847731,0.223017524080279,0.183485063963997,0.178801922912827,0.155399169798826,0.221168972077435,0.203745988850161,0.189754929095484,0.221549532682154,0.182621815512414,0.118884465000264,0.128596327507201,0.245702755438583,0.23163686319987,0.184954514731083,0.234696778610025,0.172469642101016,0.243458391976315,0.175199503920671,0.12076767998127,0.0985890394505524,0.185997010840437,0.164027985931059,0.104383812649817,0.117623742460227,0.112727999375517,0.115401770642163,0.245331864798109,0.137156608203058,0.144110170681242,0.163709080709322,0.227980934571655,0.111207517939725,0.109235151082024,0.117820103458197,0.16319000907819,0.159262565131515,0.156947348747786,0.133871444686275,0.161937650711124,0.136819773919499,0.156996996566926,0.135816660257234,0.15380078824562,0.103908510009215,0.175408492136762,0.225377731478645,0.106678553426827,0.1685823559715,0.145764169053148,0.152530716677594,0.160792597346359,0.232535745300762,0.170230629981821,0.193351860941677,0.185098615472495,0.1079036975348,0.171282408051678,0.231511576727808
GSM2714572,Normal,0.0653938391142911,0.14251231673949,0.0903584555751969,0.198520859240782,0.177980190576221,0.171867149730807,0.236708618758499,0.110942441684403,0.183052744144563,0.264351091073636,0.168799418516613,0.246498319435017,0.134432039236406,0.250782159082918,0.21080314220274,0.197240264346578,0.249591799607592,0.251141110344522,0.221190357187623,0.18337876602109,0.130572615289149,0.292718528570491,0.362659963109235,0.175257086326908,0.150005641979498,0.173099862789218,0.112804230131727,0.154102861709833,0.119933494095689,0.0962526605609025,0.155337037503732,0.116832284042829,0.16296623680641,0.142058466322364,0.139010912273536,0.140038292188774,0.201307436497434,0.158049327292393,0.15388467850006,0.215730184443292,0.124533231101633,0.119481212644791,0.168715066248355,0.169030097239617,0.110955684655081,0.130499884481426,0.100175565033354,0.301422196987541,0.181249285694025,0.167782075213649,0.0879489824025356,0.169048676742457,0.253848253259139,0.186116099992512,0.200473022026779,0.180722970371406,0.233006213670921,0.239258026761582,0.196455844854033,0.274983804833499,0.202889627533229,0.136964975525446,0.157415435278472,0.302745780764833,0.26204611369026,0.21001563578644,0.297703749709829,0.177177828438788,0.287221798417668,0.189326276038916,0.118256415805389,0.108911476217572,0.213585287828205,0.153203508408067,0.11096422984582,0.100499752407118,0.207149733568448,0.100212187689386,0.265934241076007,0.124523587460471,0.155556311723499,0.161974091087998,0.1824770158707,0.119381228444933,0.141383920428934,0.146553813947429,0.164156712048304,0.152941432541613,0.158578343060359,0.139819204591628,0.15733182130112,0.111812813819321,0.164062002053283,0.14785011650077,0.192980022546197,0.199038377977491,0.179450387444498,0.25108489425523,0.20366447317654,0.177726834060438,0.13217461769258,0.16279665024301,0.155319898851995,0.246079555738872,0.172028146332376,0.237235649409253,0.202725084101281,0.104951170621159,0.187765225023467,0.270771624476921
GSM2714575,Normal,0.0735090847312307,0.254888040616993,0.139342011735029,0.250296174229587,0.200108379589256,0.198283060308891,0.294562797296091,0.15316010049366,0.224559965206933,0.311028606217365,0.242252723537122,0.2991141384761,0.216469166088723,0.304566060515354,0.308027262326023,0.241936287446754,0.261719048630162,0.240299430272854,0.247166767777285,0.239052037109236,0.204489424247749,0.334795068203257,0.387743054523262,0.271574444511305,0.130137311295325,0.242075432542012,0.132862996068752,0.212410201764017,0.127397294818707,0.110138253506157,0.20684622208738,0.113679283322761,0.230055017022643,0.20883804239073,0.181072711271622,0.209015611548565,0.253512239078053,0.192593452261762,0.172175445108164,0.198262689519855,0.165107788468535,0.174344987884657,0.208049970792375,0.193570482385457,0.150377988988048,0.160197552377269,0.153950161680286,0.323751580305174,0.221554172172626,0.205208565058026,0.166031096380673,0.18337346976817,0.338576646998805,0.249525353211822,0.23130491780346,0.186621793032376,0.305506556867894,0.261533371393776,0.246967954872299,0.313827434218531,0.251726490945874,0.14244107722913,0.174725759679384,0.319698126109042,0.30507300536536,0.23924336980626,0.326275688007674,0.270379998348954,0.325952030463328,0.21961034705126,0.190769516913724,0.127526689360165,0.248036298952397,0.217788200495384,0.130927777712334,0.159667844519191,0.126095106824656,0.163847142392984,0.332116165253996,0.212935211113669,0.152901722988577,0.192113555029551,0.218349581791408,0.150428621233984,0.148482437957073,0.18365305627515,0.228121569687205,0.224123103308904,0.234481195426107,0.186847533477149,0.222501939092908,0.155292467587661,0.215011538415725,0.165554157760363,0.215532362003784,0.174245072147577,0.231068387780776,0.296683894011054,0.193825574438984,0.238000121734551,0.17900408917559,0.242451286980459,0.210414072870043,0.297914641807118,0.20720304928632,0.268686437893411,0.234505762616339,0.157564654491108,0.251424729279069,0.308297508003901
GSM2714576,Normal,0.11682690534173,0.217579530568514,0.112426565896912,0.292980815836991,0.235103360533173,0.234149108243747,0.232415873998952,0.167704889279393,0.246245505557047,0.300020655818257,0.2293125343874,0.327111935084419,0.188904471812593,0.309777154519371,0.304548581895125,0.264218844931266,0.191630065104635,0.251554486297918,0.237588493905659,0.252427690837432,0.181922548300878,0.354035454419237,0.382960883695951,0.268572175131704,0.18770067113466,0.224327274737985,0.118242254871652,0.201340773534531,0.120614795547865,0.118080353263938,0.202825363328565,0.124732323245167,0.207791268903389,0.185819466129627,0.180523477984851,0.199532916360256,0.256123108066228,0.19092891195103,0.182431200872444,0.267124737175863,0.163010016711795,0.17268349510609,0.21510976212253,0.216228654120363,0.113181340593988,0.132833966849465,0.136287276013316,0.365824951095207,0.218572765220757,0.186928263795315,0.116028228119057,0.173738032562491,0.3201084102782,0.247231436721702,0.247124636317982,0.188780946618242,0.304592543933302,0.300072268174948,0.241600777771771,0.321874314488274,0.237557267027759,0.136064420858438,0.205169982138044,0.363114964407568,0.31283853268017,0.248250737811,0.359760078534966,0.272791590575922,0.333317031303081,0.19443762342011,0.180428075471654,0.123190518338321,0.279309359667359,0.199368316836625,0.118143694017795,0.176279564311418,0.297292822985082,0.171976860813638,0.292132836750907,0.178290283966475,0.158112256173381,0.194728672962275,0.22206186674277,0.134472851589388,0.222800614276117,0.201163998262116,0.218309691665849,0.202169186452184,0.229954908589324,0.230672211818891,0.230983080175763,0.161462226267757,0.229820411953295,0.205465399864556,0.211253957927533,0.12479028018475,0.18187646143637,0.289264167497742,0.289193325973262,0.20171666606958,0.192239521401165,0.21715598294487,0.198463373945442,0.292762178863171,0.196436618468737,0.270582952296493,0.24611543917502,0.13394462882544,0.266523816445914,0.312852064493331
GSM2714578,Normal,0.0407424269381428,0.0928925340546443,0.0668512279973911,0.128481583048063,0.109192945216426,0.071095967891264,0.153109096396978,0.0788282040279067,0.142731877124592,0.129893806781377,0.140035622209657,0.139390090578633,0.0967930673377302,0.121219123076051,0.142389366221899,0.116838296381495,0.0971435734802566,0.12111967358212,0.0946184970534283,0.130124027096067,0.0851191629912095,0.155307875380607,0.173050707209412,0.123216114542479,0.0745403516240184,0.117828166998432,0.0739381683059988,0.130349281393043,0.0953662512856164,0.0654518665446122,0.127459211810807,0.064860005412292,0.109783334532697,0.0786457945492512,0.0942249220554119,0.0986880087773739,0.12199348541916,0.0895318625052484,0.0927128320628483,0.0991934251678542,0.0804046099662253,0.11377744367169,0.0759774374893739,0.0984094944631484,0.0804658770851976,0.0874018120945472,0.0790222708033095,0.13030967321435,0.123437888801646,0.102459103019821,0.077886587683098,0.0860664372153023,0.135797922520408,0.112147375518289,0.0910860837798697,0.0935888387887008,0.135724186522878,0.126850789506198,0.107576140214669,0.111879958775924,0.131114516154865,0.0840887416637394,0.0737276183847337,0.117866811045223,0.144458573162385,0.111328741594897,0.113884027794313,0.114804464749582,0.133726764436251,0.149756108698445,0.0876910125709638,0.0555528424679109,0.143604036910366,0.104096373540009,0.0636396397537231,0.0713563584504244,0.0567871222486507,0.0753107282941009,0.142943088468058,0.0927375033341484,0.0998112103194715,0.122769331665532,0.11655063368808,0.0938885464280964,0.0643148006033498,0.0883088397384507,0.100301244884092,0.11403644150196,0.09747880796773,0.106111391870297,0.0867267701094605,0.0677576436441341,0.0961801794514003,0.0945227918697438,0.0780008683031427,0.0760644297932465,0.140442147984832,0.149552612359155,0.0807507534008167,0.124438856318347,0.091756959590179,0.118100615311787,0.112055657056254,0.157786873039481,0.132637274523473,0.112407969864027,0.111144502053266,0.0532377675876912,0.0922303156907042,0.130340802036556
GSM2714581,Normal,0.0356430157590794,0.0718762809863767,0.0571421801972473,0.103559734622132,0.107460494637801,0.09864267137012,0.183510310468402,0.0670731080748015,0.141233810662298,0.119546887457191,0.12055704739741,0.129656427290482,0.102596424184978,0.112340274160666,0.124435142573016,0.116671211687667,0.0884103433925494,0.107159560837979,0.105811792438814,0.128647010495004,0.090332717988221,0.150285756283066,0.129051895999335,0.113325248257233,0.0823022495111617,0.103186112063973,0.0740905468669325,0.136379246723509,0.0841140091461018,0.0594670194838533,0.118838609167105,0.074928338932898,0.11859207259899,0.0673849868315516,0.0998921729623701,0.0737835949074484,0.108300519161799,0.0851025296006948,0.0986393418683086,0.0811753069269129,0.0640637930510595,0.126192724107666,0.0773071236919435,0.0837210992584553,0.0771754622029038,0.0768400072036723,0.0979837143221248,0.137530758195611,0.144099265502684,0.111318625686584,0.0660994497464148,0.0883195082723816,0.138946806560294,0.0855908862041814,0.0802027325017958,0.0867985458148526,0.108649905413686,0.1325703119635,0.104454985511226,0.104506086062251,0.115944434106873,0.0882679138232884,0.0712431642171207,0.126352974217233,0.116938252518969,0.102758570135663,0.104984213030745,0.10301976068801,0.119207026390781,0.137592232440708,0.0791761183037916,0.0560319077817664,0.125188467567785,0.124277694432394,0.0705554715462793,0.0611845544174294,0.0552009277503562,0.0623711511458811,0.148926446242173,0.0888957261734248,0.0738404595530453,0.149739016301172,0.112338787130279,0.0840995660440451,0.0783194207642192,0.10265143020174,0.08244568046632,0.124476265423393,0.0802982017980137,0.0776952234272037,0.0851261850835882,0.0623726694194629,0.0954936054657899,0.0908004763957449,0.07755527398383,0.0770645328508869,0.138995257448389,0.130600840578521,0.0672551754944429,0.127168407676286,0.0804945811859648,0.13315420899747,0.106175970363527,0.134313743885142,0.137144094641621,0.0833878859428897,0.107427635824618,0.0525604589725617,0.0849004268856747,0.116524291880641
GSM2714582,Normal,0.0493489871167356,0.116909734214885,0.0726712903501945,0.159498991237436,0.141616300565838,0.134004756692753,0.165896923522684,0.0808829644243024,0.154791825789008,0.193538491921155,0.145415439803929,0.173833062617965,0.117411853236855,0.197172436521817,0.174335770482121,0.194412726509583,0.168486039743032,0.173855342426739,0.167771540136177,0.149860738658291,0.101239690055789,0.234975760426496,0.242017872542362,0.172049802627468,0.0952072897185659,0.151684943579484,0.0807631669376683,0.118988171618794,0.0948839176358971,0.0726386364402238,0.117180411253126,0.0882650424951437,0.126512230921908,0.0935852270232656,0.124389919619459,0.115906020492795,0.15815506911301,0.0999505809747182,0.116365739346558,0.135834966288342,0.0901135519821068,0.135505261535022,0.0973134280193563,0.104755047761509,0.0851081315615901,0.107927395207787,0.0864702300413464,0.230746850732812,0.182903013919187,0.139990799950764,0.0893065341542287,0.101218574891358,0.232373115770324,0.131793591370457,0.141568603002575,0.112981879318183,0.205523292044385,0.174180888336457,0.131100152083768,0.201370140476093,0.173564026986281,0.0909925569336197,0.100535707523606,0.221439763397505,0.193989636782484,0.155674505822949,0.22341259959386,0.162198431110552,0.20394726450132,0.160071109065579,0.0957710506951403,0.0931444779778892,0.155262762813299,0.164897802103181,0.0843107813808408,0.077559439448106,0.11360917419138,0.0838147910428834,0.156566949537103,0.104410116203347,0.112565200470266,0.141867570946847,0.14266732853318,0.1029370706473,0.124418646762131,0.13380262940187,0.116339838580141,0.14366797219133,0.11781962852755,0.0946683473846398,0.127234240493826,0.0686258271887256,0.122878279563816,0.108240416458482,0.130199929601153,0.0741502112453109,0.165292388441927,0.174240252759605,0.130328330637812,0.138902613303727,0.117629064206809,0.150220013969986,0.1180485747185,0.173946377749961,0.14815298653084,0.162664957234498,0.162031753477112,0.0529113794251808,0.134481592770538,0.186474479687881
GSM2714585,Normal,0.050761439674874,0.117734248381362,0.0755729068788519,0.154956107430899,0.133330482204116,0.0891393320323692,0.164388830323208,0.0954994715125386,0.156209456778526,0.171336413743886,0.152655678581007,0.175828309702848,0.109055557221768,0.165643341127005,0.172372685228663,0.13850742162844,0.137562865626844,0.173384688083689,0.127056634675258,0.13807625221644,0.109789337871163,0.199334448512962,0.209284417939618,0.150461540264898,0.0975414627438851,0.119134711010706,0.0860874805187262,0.12796100166822,0.107673863305862,0.0787791811852998,0.131714330788182,0.0787295202346191,0.120954715780725,0.0976336069535345,0.112276793591347,0.122492160412059,0.152240257103652,0.106196112158254,0.115390957124071,0.139267823121827,0.111696885291623,0.107181432698803,0.102444295690224,0.137406918395489,0.0987488804979474,0.103636805719563,0.0849595496694731,0.173370696957717,0.164439735170753,0.138644934508299,0.084696372999688,0.140685217235139,0.178360318822052,0.140230310784152,0.13256726357958,0.125232676829441,0.175300337943478,0.167105233110037,0.124763536352276,0.160331557338882,0.164081768350662,0.111770566282621,0.0933186160975884,0.160780028062956,0.19343845713073,0.145858425159755,0.149838061005771,0.131117557759793,0.183993967415747,0.168907469848853,0.104120921000369,0.0624387808989045,0.167955933788303,0.116831227262095,0.0681029700413613,0.0943168710364324,0.0851309971596559,0.0862918812777484,0.163414034729059,0.115875312868164,0.11703518274518,0.134407568426341,0.1370458333813,0.105779160713458,0.0924124663660537,0.0991162855711659,0.124134763594964,0.144338756994404,0.12058402921098,0.122785714639769,0.116061505549869,0.0857859255998333,0.119979342816575,0.113466252427112,0.113409702335942,0.0836865581926713,0.141877484846897,0.198397023451912,0.123672160791428,0.142866339489177,0.105068864607694,0.131640444248897,0.127313378566557,0.187939026678105,0.140300750617715,0.154484653777373,0.148769131656473,0.0667313160443711,0.12320056022204,0.183616905069984
GSM2714587,Normal,0.0488263722546364,0.126028884895258,0.0920354178293755,0.189194757786838,0.153803356322018,0.12067252342412,0.214041727500045,0.10461515381733,0.159258089393802,0.192522974918296,0.172104782710741,0.195806380725248,0.125751149835216,0.204562251282921,0.220206369821515,0.160283247997946,0.155327550520565,0.193073399544598,0.177064028173353,0.174261120745183,0.124330909157462,0.253028511075816,0.242918648791566,0.202045801914621,0.09598080315151,0.159495462814284,0.0953308821254607,0.134146272128021,0.120420446631079,0.081425869718207,0.138970047509987,0.083228953166922,0.145311948741827,0.123611861105228,0.118493879149819,0.140605889000037,0.172131632383083,0.122645672966705,0.131897724437792,0.14064333407017,0.118628753828592,0.122223763449207,0.124875058316409,0.155530783993506,0.0916042548494638,0.114364470427241,0.0947229204233327,0.227353049931333,0.17140098096247,0.154897886311051,0.0958108003636862,0.11905998476374,0.241611345011395,0.166832338553976,0.160616319904854,0.136814965861226,0.208569886505085,0.193932804072161,0.159780556730014,0.212806300909764,0.181822859387409,0.107351982649311,0.104811745260085,0.225898446476112,0.207485690755492,0.169066797941704,0.235640838246194,0.172754208341616,0.228829503824269,0.176203403000499,0.121579001741351,0.0782214532718866,0.181323346471743,0.134940481761844,0.0730977483935501,0.108001540631303,0.0965532940064632,0.0910877519681973,0.202476386332341,0.112313206442921,0.129664251686578,0.136363505930642,0.184079392681991,0.107039723730703,0.0890943498117382,0.120406787041119,0.147569902233709,0.152656272215458,0.150736920366534,0.125294482741434,0.142081462064026,0.10795440067177,0.133744029710367,0.128353508392722,0.134109280445791,0.12419261574219,0.165088894776923,0.222089108576777,0.134709604742697,0.153309712878463,0.126139395240939,0.150016934430709,0.135613315797128,0.211907845248434,0.159232588962685,0.201452801791427,0.17243899800899,0.0804186545024414,0.146569535060403,0.217925227284229
GSM2714588,Normal,0.0536571697052036,0.166004599083664,0.105297701921144,0.215849721627177,0.183635927761189,0.151052033268051,0.178623944363477,0.125733029247871,0.190147258302378,0.253355520992443,0.186135743714257,0.235338620338096,0.170757093413187,0.254386100528006,0.217633549823105,0.199464982810184,0.167577710120406,0.234851015180822,0.209120452620399,0.191050411660601,0.155892094736034,0.278076461796384,0.341202968079,0.236085374083803,0.106389314008871,0.170672158733791,0.105739675632336,0.162331936639467,0.103316462761086,0.0984655230263587,0.143995510472859,0.1057369595931,0.161549796418802,0.133074599672451,0.141466922940492,0.195500326531695,0.211630089746579,0.158504180362062,0.13074434878063,0.123731557213981,0.104422782666547,0.168931229408872,0.153238869998004,0.188441417204281,0.108938647979873,0.123378685340336,0.112281912873917,0.2825940497887,0.233518591611223,0.148597195844837,0.107519835736649,0.163139441211162,0.259937505663001,0.188236944559147,0.200437818813777,0.152539567956691,0.256218481466168,0.23039631460272,0.178249243781989,0.240960423164031,0.212083058734912,0.110279018092342,0.139062845270131,0.271500171476025,0.252741772665018,0.198088067103508,0.246480991254422,0.187209589474144,0.256720143460256,0.185774539046111,0.140881981120644,0.0891120914174792,0.219912627490515,0.181968975038648,0.111460271502402,0.130789608598372,0.0875789817937795,0.143548166681856,0.213022416465771,0.150209220990866,0.133810305101892,0.174823916872854,0.175290675719557,0.122392672542675,0.172067394901172,0.145774842272874,0.16978642506118,0.183140757499609,0.170633915230691,0.137389198042313,0.181839345261718,0.114973417703047,0.183116922133056,0.159655700207468,0.161961691891871,0.120244848382817,0.158871099931018,0.227074165251251,0.150834513846287,0.206400328629704,0.140468037216607,0.173402082430769,0.158379120744292,0.254809977028158,0.166148566156546,0.192535319810493,0.208627506063438,0.0996304233711685,0.184454834103221,0.251954095093334
GSM2714589,Normal,0.052996003276659,0.0939466116775997,0.0567701607391438,0.142775486069725,0.108135047749639,0.0781580058732957,0.166928450213516,0.0902151463255101,0.150125545101496,0.170663173125277,0.142163186186463,0.192320583947823,0.1099060583607,0.176582267789563,0.15407450101238,0.121652163717832,0.129007576716945,0.16280913432305,0.111383198222245,0.155999271477469,0.0974785913638634,0.202491680557474,0.23159774502367,0.137561391173073,0.102089439603618,0.136539923082403,0.0931924172475259,0.14825183499156,0.084574840200691,0.0718622541855431,0.12791757361877,0.0758120171425323,0.130495105717445,0.082808550175933,0.109045992389947,0.095645203013688,0.144876981463627,0.112532280091291,0.100065051767932,0.136744380158002,0.0886858070976772,0.113928776266982,0.100203960472335,0.122675929885027,0.0754007489751098,0.0853252519705441,0.105531343598835,0.161417026219771,0.147324673011474,0.125131369698576,0.0705830585291395,0.157500046684126,0.158235313639324,0.131886989545254,0.122816012506185,0.119667899106432,0.167986001556456,0.181575127177172,0.130979124923756,0.160935868379246,0.128731992544926,0.0909981445919692,0.0851740935612982,0.139704543181826,0.171017166597122,0.132589868791561,0.174405609172614,0.119203492928432,0.181039223896005,0.146140356227144,0.0845313536597089,0.0664378463483165,0.152933132685936,0.11164934572843,0.0763644366864018,0.095613715250801,0.149143622033355,0.0893260548965972,0.158542442165208,0.11618415319505,0.102206032891771,0.143130427348433,0.114551934657092,0.0951436807531665,0.103027988218263,0.0943903452273165,0.112992653365253,0.123815541679794,0.114181476283283,0.0952056644035285,0.108661781594534,0.0796761780702702,0.126577607153772,0.10115210169639,0.105884211074007,0.0691725099886178,0.14393531801349,0.148948225075443,0.137035070403128,0.159086882114882,0.0980310831971996,0.129200877730677,0.118538015940333,0.175380978012375,0.147616018197036,0.13123183931341,0.148391923305266,0.0609902014771345,0.0914966772161092,0.176585259587158
GSM2714592,Normal,0.0561676477012964,0.193176416817403,0.0989619504607968,0.209447650435407,0.193846829009769,0.2076009850937,0.210301334114461,0.109082217094009,0.194720895813441,0.326589248812267,0.190115009097368,0.350044320509436,0.165044066109999,0.307639836903039,0.236045287305129,0.212011956529985,0.212048070588248,0.278491522191868,0.298210805650065,0.20322738129991,0.161703985681402,0.341326892677608,0.417265971447692,0.231093260664331,0.128885485874627,0.208828252640806,0.0949787128393426,0.142933318844339,0.102128593100392,0.0895169399574339,0.154194109396403,0.120943080252565,0.156280181153643,0.159082311481949,0.172067281737591,0.162347072924482,0.214955307582671,0.166523231260232,0.143933712215583,0.177057064457632,0.139803882991018,0.171298404129058,0.191696811441806,0.148148505510617,0.0975740285806892,0.143273231520237,0.108881089858513,0.343752749852239,0.230846425087827,0.193365514143554,0.100769392991736,0.134655982792979,0.383963468488604,0.189264471596291,0.272335766845891,0.176467962982219,0.311917073794247,0.313314247136323,0.194260505531562,0.328754534493942,0.230359818765528,0.111834909593386,0.202550401243249,0.33512925194084,0.30517129615513,0.263671503892673,0.371539331430434,0.256432031812029,0.307069209259718,0.179557825489752,0.122618813511246,0.15381028329728,0.186143333968334,0.217468912010642,0.128803764158516,0.120010038474885,0.223070632002187,0.153249927706157,0.212490419435334,0.12795105397282,0.123980128130793,0.190933878280578,0.195781270568997,0.105355170230931,0.225222485071406,0.207863737168521,0.178193071554915,0.185264296685378,0.199406863262067,0.139564296077743,0.205001893310903,0.148323092793117,0.192574842439308,0.142820894783927,0.218057256188903,0.0803400390053202,0.190027451747189,0.249772030714524,0.24115242679639,0.19290287614633,0.172558737651559,0.204922492603445,0.161788135497965,0.291210616892622,0.185750714327842,0.279359585101294,0.24447258732139,0.0795003624285679,0.238035898426354,0.311540555364742
GSM2714593,Normal,0.0417550904174411,0.0553183027291054,0.0513329147050346,0.0857246685119616,0.0914917520825472,0.0851660492086827,0.169141431570583,0.0710300631897014,0.131837913332024,0.0986506301797571,0.122137151291961,0.112577314604481,0.0934958207880063,0.0896504617789566,0.096938715451429,0.0986727669929264,0.0737779594899641,0.0738316972826266,0.08247955381719,0.127887948746382,0.0756784703308418,0.1062001956197,0.0870834651690134,0.0867688199099421,0.0852226527701371,0.0914130613083811,0.0837204027965312,0.131981924518026,0.0826591202537546,0.0666722463007489,0.113885248177526,0.0758472174721981,0.111855041994224,0.0627895022297224,0.0979937844724154,0.0682942798945667,0.0970787392374642,0.0814106402482402,0.0983174724809388,0.0777597957021582,0.0730748395065032,0.118893681950062,0.057199584952137,0.0757818182668796,0.0743574002768584,0.0896820662330197,0.0924071365833947,0.0950676968067614,0.142043902537282,0.10073180301166,0.0783603310330828,0.0905136008362244,0.0906301113367386,0.0825470612926037,0.0656840121737843,0.0836497973127737,0.0679987462000675,0.111958357801641,0.113239939200684,0.0847559330567701,0.0922581025923865,0.0863181938154754,0.0798505930712912,0.0717673331880693,0.103403586175549,0.0895682021948748,0.072289190553005,0.0762784493980303,0.087711251322237,0.145471300055509,0.0735231004129902,0.0654288192029587,0.105262341715681,0.10530513846739,0.0682168938876828,0.0588430674202548,0.0636875033458273,0.0571244399199172,0.144010634833999,0.0823697735702279,0.0761971614181693,0.147400645546976,0.108026836416694,0.0862252441133071,0.0422828938361611,0.088618875425678,0.0827058739699318,0.096902460462884,0.0699429805191154,0.0789968234697945,0.0651299189966899,0.0633163406350315,0.0970288612785363,0.0795180626604136,0.0599612112784495,0.0721614948467622,0.13964303831071,0.117222233724142,0.0628996604833621,0.11951746287172,0.0771706328143396,0.123251578838818,0.108241978265075,0.120089295269718,0.141582616566605,0.0626646703555026,0.0979032595563508,0.0537302565921954,0.0677481276053599,0.0984693931906794
GSM2714597,Normal,0.0571890728331744,0.178534298774066,0.107657913292397,0.191456086741215,0.187246122019714,0.218477319270236,0.27354015253729,0.108115599699278,0.2353938286134,0.320812012069551,0.18318342416857,0.285876485402096,0.162526011186849,0.322721684913504,0.273611152064017,0.275334650271518,0.246508183127171,0.265075196652819,0.28726575248236,0.204029760540424,0.201775148092801,0.363024758766322,0.269490907600375,0.272159935278991,0.106107931828827,0.224084253420817,0.111277941376041,0.142572055172702,0.103712194453663,0.0909420930418753,0.141650933163786,0.13188245160644,0.194089003561798,0.148891601948278,0.159701991589721,0.17343360516806,0.220376970686392,0.155165631855029,0.156197003399088,0.16075997396381,0.144624152126637,0.244928614346334,0.153942265466069,0.124579267116593,0.0915706185185513,0.140421255552225,0.106309512294879,0.354174763820842,0.264915124123091,0.195111116350883,0.100066323909131,0.134649808738103,0.321370224707317,0.211832596785889,0.212850982704149,0.169705866809276,0.299436482664641,0.30087434996339,0.189834654866335,0.314545090509857,0.238716545645524,0.115298667264819,0.15322739495733,0.32323776338469,0.281900517132456,0.24158145233282,0.33222257561154,0.253244241357279,0.297824477606569,0.190320458591379,0.129019370125961,0.151080834035513,0.172031787336554,0.261970960207457,0.155251198396208,0.110176818419591,0.12119508606434,0.0958974429080477,0.300996072531619,0.132024438476673,0.119738592502389,0.240797282407583,0.212416216972711,0.115669275422052,0.203126741172933,0.205156356835718,0.173970833235916,0.186004634191941,0.208160505638074,0.115667934579581,0.234422744857391,0.127508380047617,0.18788527892652,0.115852036114004,0.216317879897557,0.20232157475648,0.21050091814731,0.254344377575086,0.174687015642843,0.196098224829459,0.161171807047844,0.208407324792098,0.149144203699414,0.278827732851347,0.192409854366597,0.251468659481617,0.261399311835344,0.133525377097793,0.211942951224905,0.289836261915827
GSM2714600,Normal,0.0571408740564494,0.101433417219521,0.0659921646907026,0.146463435936474,0.131937966536687,0.0901089785289726,0.1695799861926,0.0971290416359522,0.159423975527206,0.18285735981187,0.163824435483617,0.171831779192781,0.113799347042062,0.17258882558594,0.181616115344967,0.14028030559548,0.131382487881376,0.154667825704243,0.11734234364525,0.14643512255163,0.103420474803228,0.17627491102736,0.233543930975165,0.156828058939917,0.105348366449966,0.160953186528976,0.104874988448394,0.131686106303629,0.0963713417641124,0.0811252916952229,0.133863763192868,0.084515939187427,0.132783108646735,0.0931862431416077,0.113752020912482,0.123138766117691,0.154330095965016,0.128680567190543,0.119329389315587,0.127329078194908,0.0954273172561163,0.135269881003485,0.101493011315654,0.151422490446088,0.0992667833813428,0.0913564818814283,0.0933849593370641,0.154535853248643,0.167463344965719,0.133128035249762,0.0813847876204093,0.140005008505966,0.149442355970221,0.138032420810341,0.140030284223128,0.126155826338501,0.157439750588171,0.163554453717147,0.141113255693211,0.166925628325321,0.146727423898113,0.106739485333229,0.124690150879184,0.135728410528463,0.185104353473909,0.146388375222714,0.159161053261571,0.12766540763325,0.179486935715093,0.164908493216195,0.0925693626486265,0.0745432896615107,0.17128156585165,0.115702860123874,0.0754449727971746,0.102191013633895,0.125327812952003,0.0915869193670035,0.163670899594663,0.202860493319198,0.115322420928549,0.144411585314867,0.128051113548302,0.0979756552351368,0.108447987274959,0.0882805318798488,0.128796008999501,0.119452937737373,0.124101488471884,0.142564422484292,0.110754290470937,0.0899100189210795,0.114858754330327,0.109781879956679,0.105260445640302,0.0815660546586759,0.163016240358797,0.166482552706775,0.115271682510794,0.15357951470887,0.12122918888946,0.127472332402615,0.120250666041029,0.185526265633238,0.136498977124977,0.125720855392262,0.145236336447992,0.0718159988118537,0.110118077603832,0.17542856991269
GSM2714601,Normal,0.0492055974321719,0.0695445441420818,0.0543726457605014,0.10228557139814,0.10234813611586,0.0873751074422857,0.177337485398657,0.0765100847718294,0.154532465619055,0.115806996286559,0.125118017458584,0.131874722641162,0.0932820846870567,0.0930161823884183,0.110736415068648,0.102417664640249,0.0844199068735998,0.0813225531606387,0.099937811600464,0.133598429784601,0.0838818792359771,0.110419892925849,0.115041036060861,0.102222151359874,0.0862125296565907,0.116941120110785,0.086091932961654,0.136803639087588,0.0997832295254938,0.0717673910538826,0.124325260755304,0.0785004398676206,0.121522794679158,0.0672606234732425,0.100447027148592,0.0818340659822909,0.105483735272473,0.0799559702429598,0.0975344758522732,0.0910464280812952,0.0751023160384265,0.118917812279057,0.0740200708154067,0.085126232066042,0.0894069140428454,0.0953512871677646,0.104324958127155,0.116071481207127,0.14907267027465,0.116120594783453,0.0721939034199831,0.110962457753885,0.0992622095080216,0.106890432247103,0.0714916964401126,0.0886388558092608,0.0862010455336773,0.1225786577622,0.115428158483577,0.0963966154219623,0.109719803939035,0.0958692046907092,0.0882439262572876,0.0931387751791123,0.118512398396942,0.104946032120943,0.0737828000284537,0.0833911261855189,0.109501619217594,0.150237868360029,0.0753410228295684,0.065256944688902,0.125916668576983,0.110646390032438,0.0733546695335788,0.0729891098659131,0.0705223132537224,0.0645558427057786,0.157293538837115,0.0987821006951787,0.090412972467671,0.148187877087855,0.113985588579168,0.0849227318004046,0.0540369434064835,0.0788278782439999,0.086498774103849,0.124041316790918,0.0867977179703168,0.095686176574588,0.0868482560361718,0.0681804929059242,0.103654973456584,0.0922712821180334,0.0677649717200708,0.0654274401885819,0.148380648121291,0.127754782027974,0.075716335709772,0.12826039299654,0.0927286461477172,0.135803508013473,0.118952113585813,0.128109687491929,0.137646684612374,0.076433920336206,0.107883332783755,0.0561579870191866,0.0779460636288022,0.10442837322962
GSM2714604,Normal,0.0654123823546372,0.221010330326299,0.107879987624163,0.240671192518995,0.17989012998231,0.238771304931304,0.312530261679492,0.121961152859541,0.218415685640047,0.292870005062725,0.188367622777182,0.344131008391774,0.163241034271122,0.314066751758304,0.33121061645505,0.25116813543753,0.287179498777976,0.281160300995887,0.27105403794727,0.210281363583169,0.185665449926666,0.365978560928132,0.367101799346497,0.29604556416839,0.162446540971058,0.234534051907972,0.104026677221785,0.153385330213596,0.17060904972768,0.0866700656334664,0.155490449942364,0.122092932140535,0.204837304662639,0.175696870413789,0.164253414455596,0.220293085586471,0.24094499451136,0.164534065931582,0.165421610751726,0.184432752896008,0.154193384765962,0.201258978905155,0.165372215973548,0.159428783510003,0.113467086857856,0.182305245818661,0.09197029834822,0.356215265121491,0.273132677485617,0.223827491974192,0.10739685436325,0.161400077624017,0.357141308655123,0.229883224962495,0.221106956102302,0.191676765823587,0.324229319829854,0.320272498293053,0.211335737952991,0.318285074357428,0.255427056141625,0.116184683581238,0.162260675883978,0.353081756288427,0.304707661631854,0.231937843568656,0.393608827460163,0.268114792059811,0.330550030073338,0.214069392254097,0.184715140835386,0.146672512844288,0.228627431799318,0.234303717569936,0.128793723069946,0.12603362565101,0.136587385173765,0.116253674737133,0.340882367718207,0.163410093348144,0.136027365680429,0.193590201690489,0.271338913286838,0.114016741197529,0.141162678027403,0.215489734681034,0.212428468550051,0.200282876326789,0.225951286262996,0.168803190814616,0.203389394690641,0.159231242118367,0.192995215382087,0.166090915351725,0.211779843173295,0.322049937336673,0.19463846651758,0.284886712681912,0.207583037206495,0.183548316764621,0.164167574729782,0.205753077198309,0.14989118705027,0.295580003978494,0.187122656653756,0.296059303653241,0.244722517012215,0.153703488090657,0.258196776879611,0.284478475694068
GSM2714605,Normal,0.0606967830355141,0.10907925685569,0.0711958321949103,0.143434928304021,0.130673278371273,0.0843099094756995,0.163488606441851,0.109785445711503,0.155834496106064,0.130035594263407,0.158865127575507,0.15988193377055,0.122588697802207,0.131004913407326,0.190248879895016,0.148203818569655,0.120038787025416,0.10616206562942,0.112322551126831,0.142658633064382,0.108464000810335,0.171970367906081,0.141884241867085,0.119604447514533,0.101728971416665,0.141591504839442,0.0858916546631688,0.134592686941503,0.1011270324395,0.0914068705675438,0.140940239437524,0.0789895547428999,0.138995120124545,0.0888354361358605,0.106839634063258,0.13627533531239,0.143704616342677,0.104835143385431,0.109032912223913,0.114059374172935,0.0776774292200658,0.121601492458815,0.0982194012524232,0.15047237492763,0.0900320615127253,0.106182253472046,0.0944077284464491,0.170730861680611,0.15891938948422,0.120522654442884,0.0834652767008217,0.0902083125593019,0.14664739626385,0.123722639078669,0.120404982906062,0.109683350338089,0.137678534385056,0.14134246238398,0.126471055372306,0.127749641624961,0.132842258590743,0.0881349640692794,0.0929316051976537,0.142552954078639,0.149520160514441,0.115759672169013,0.101049130949825,0.130489008977334,0.151751941830024,0.152907788337687,0.108475003795542,0.067661626270543,0.16311533602921,0.107258498176045,0.0622032362599296,0.1020371539955,0.0854672841136686,0.106100361314107,0.176959163260259,0.121429584541088,0.0890853870170606,0.146901630568562,0.135015326661508,0.0985299158184235,0.0826117152013711,0.0793558399260269,0.116893948968433,0.118279272873043,0.119453873833012,0.104817843732873,0.107629847443125,0.0884070715350458,0.112035129335711,0.0986354702547163,0.0808117967555562,0.0910846417617923,0.149540049659709,0.157863020082858,0.0882738758722401,0.137137931308177,0.117579295172897,0.137446306058063,0.122726436746654,0.181380469722909,0.142724713513263,0.100687708576688,0.115148704340827,0.0762815304290517,0.115112079968428,0.132313038117291
GSM2714608,Normal,0.0637390357750646,0.208904678932731,0.113206185456443,0.202596488387385,0.186876496613125,0.184347674762986,0.31360292914961,0.121282958508332,0.179377144485497,0.287483459564559,0.18723533556534,0.271774709993894,0.187300737913584,0.283013212654768,0.330713629371103,0.200094695364842,0.298271355425187,0.275395524924625,0.262644304313625,0.197021794382346,0.164153656605915,0.349773215989402,0.291331411989578,0.27338200964434,0.153224792252206,0.232580155916407,0.121924759847466,0.152210857005568,0.124676552300445,0.0903618276238218,0.148303442427496,0.12497127358202,0.204592530467538,0.177021419038525,0.155615498718489,0.202649565345506,0.235222786632869,0.164307551535201,0.161965922674615,0.151772922192987,0.161423209722502,0.253916522430049,0.179659929661088,0.172920811876875,0.133132184292353,0.201101873607191,0.102332270119883,0.336690681997631,0.229135353027524,0.205124437751808,0.12393537754204,0.161095278242223,0.327783950261305,0.2055928765968,0.193134784801234,0.193524509035957,0.306554939874359,0.267374463628588,0.207350589074411,0.308496979932686,0.247363804912838,0.132223377164774,0.229810475826392,0.32616912803254,0.286270158524816,0.234386599314218,0.348026082857984,0.239554622336997,0.326639454727317,0.216996752105349,0.163270983607657,0.143472060352889,0.197392989171432,0.218284652518435,0.135294783710236,0.133968463306654,0.156772679398656,0.11049685057322,0.320435496693634,0.169460100871859,0.143819301078945,0.158954786255227,0.317492643774553,0.164674871870218,0.110752803027843,0.225616445994711,0.194812094943773,0.204784500016845,0.215613962097475,0.166915529675216,0.209718931904303,0.141637751928972,0.197744843162764,0.147302837820183,0.214068212640443,0.228204037825938,0.208150969803659,0.289978646411363,0.17537237271837,0.1852449291093,0.167898066342583,0.20210590566471,0.184301280387516,0.275575691709108,0.21630277894575,0.300830977373803,0.265306479446327,0.125172313436861,0.236076805484233,0.284541160253907
GSM2714609,Normal,0.0571385600801939,0.201078031702575,0.100283901295297,0.199914693863097,0.187900143284641,0.226868883256078,0.285111184651451,0.103088307027245,0.205058365288816,0.271189033609763,0.17274204249848,0.295412787534674,0.163610260154555,0.320789826532718,0.251615766244369,0.241579177871196,0.256676895578283,0.271639347310259,0.24154563790421,0.189462338899567,0.148521144178426,0.368669731849162,0.311260947197844,0.24101142877938,0.130668752438019,0.214950774453529,0.102246984508565,0.121606274481868,0.108910451887675,0.0862909020677815,0.135091479828126,0.119085479150117,0.164976523087884,0.154261795267856,0.158334949594804,0.147007481866492,0.219679942167349,0.151157625587169,0.150141665999938,0.14523576764132,0.137513439264629,0.126315144608796,0.158492900454488,0.132425823204086,0.100183669434573,0.150721060199882,0.090165348342811,0.356181904626903,0.248700158932833,0.185973533330341,0.0999104608778371,0.135819581859504,0.323457063376443,0.202359904616022,0.210681255435282,0.182479680516057,0.295772503489726,0.280612137510568,0.179428084706951,0.318239212302326,0.233148266178445,0.116234545898657,0.153130027748732,0.33451950106084,0.284414696164572,0.236079734253958,0.322681533509118,0.256831683282486,0.304171953128493,0.187907660819104,0.12221801336278,0.153971816318068,0.155529508533269,0.192838593892581,0.134667437197474,0.109971532349671,0.174218228733619,0.0898766341445735,0.233298960610912,0.114977748314943,0.130103639847456,0.153591516838111,0.236487704176733,0.106223989817142,0.179593084772814,0.221356292625973,0.172315345406762,0.168474724342533,0.175463685569586,0.122421571853613,0.180879225824089,0.115833659651071,0.178358591825452,0.144496970041368,0.217844488532656,0.191916190351184,0.189675330504554,0.239814021337164,0.270192188623075,0.174827428978509,0.175046936029633,0.220100895152405,0.158186208183395,0.262478733348065,0.188456587937906,0.260868511471059,0.241209595483185,0.104537181674958,0.227841469844703,0.287661671359436
GSM2714612,Normal,0.0606043253060467,0.190761944034841,0.122721535310323,0.218188552227464,0.16841710416318,0.208157680739893,0.304958691220529,0.125766398790615,0.206169529446513,0.273381317077908,0.183356469424948,0.273557826052016,0.147596788744966,0.295432373872987,0.324287017799672,0.219863000946929,0.259064600375513,0.276239164755573,0.256472127379786,0.212406889681904,0.171479187573537,0.332322599913313,0.30094416892446,0.25019550328678,0.143720977417158,0.233701435938393,0.113761674588488,0.142345546241177,0.120960706887593,0.103297027775796,0.170163217280899,0.108706996431768,0.196987568610519,0.168686677287098,0.148915812725478,0.195920821394686,0.232922359965501,0.161543049207402,0.162407688576558,0.180674662068324,0.157341729106385,0.140453635888603,0.145291704541887,0.150991576002982,0.112582842849352,0.168797962375496,0.103192696042767,0.322702913433351,0.209945551897541,0.198747513244131,0.104101862394986,0.12836819246765,0.318307115078297,0.219783609844375,0.203328611837451,0.193185452839091,0.301548896471458,0.257821530217088,0.195229263192398,0.297786670260709,0.233293782706227,0.120135729800505,0.221522126274017,0.32727396093875,0.286394909150476,0.230775768549077,0.309824957167615,0.245685235307799,0.31492837747997,0.183054088870083,0.13600531347484,0.13774827228452,0.206696106489986,0.221941961913564,0.106158627138711,0.123113121070338,0.105496303777934,0.113892730740511,0.333494325572214,0.152933905512383,0.148248609553358,0.17031420890121,0.266590129454775,0.13156630606359,0.144890039417338,0.20190612837978,0.175960476590109,0.184193720451043,0.199301389416009,0.175141853995377,0.193228022862415,0.120033759191281,0.183406249029159,0.143317112732442,0.214003758722814,0.265327259316325,0.175165700027731,0.26860768984602,0.154917630742812,0.176844796663731,0.17545508679071,0.209418611135315,0.16024942289479,0.271935153350376,0.200268558325954,0.309201024458528,0.250029197586405,0.104445681238886,0.237448870766342,0.300415046262101
GSM2714613,Normal,0.0684455563318867,0.115480578771938,0.0953698294091826,0.15133704674353,0.142184032729546,0.0853149691165079,0.191049524391127,0.0990901048488042,0.16293331836675,0.155240771336285,0.158428694314118,0.186368000162478,0.12030818129559,0.164679891658251,0.186512828488774,0.138902050332887,0.14196538143899,0.155466923509109,0.134381720251155,0.138028784196095,0.110325081730477,0.194123301205436,0.219922328456404,0.151952845452397,0.110532848343658,0.15418509511184,0.0999711043982039,0.136200500379975,0.114846233939401,0.0881784414713642,0.12758464425446,0.0815907778693324,0.134529858532435,0.11201695811372,0.115496093656981,0.124514499317487,0.160220283752852,0.111474074470814,0.117829061477345,0.112726317806483,0.124577563704883,0.11818561708466,0.119594813787603,0.139521108090621,0.0993975532634359,0.113383063594779,0.0942253328862533,0.180010898148494,0.169939507306316,0.127150212994449,0.0939131455612566,0.158911670642551,0.154134913115752,0.150910162981361,0.140720830492583,0.12590393742868,0.171223265066047,0.163913427115239,0.13278168812549,0.171290786920168,0.167881138603973,0.114596233451532,0.108777879872733,0.158199787079127,0.186591515211846,0.142365061507178,0.155045995055511,0.136222808277832,0.18456108662643,0.185230990120485,0.113715877246195,0.0853565640478216,0.180095697612577,0.132059790521292,0.0784479966545882,0.10967187210503,0.0943401161096833,0.104858370525339,0.196787601441825,0.159814038556057,0.134017020523674,0.13940755681547,0.148912268930072,0.10116478876287,0.0873790526376094,0.0989932385368027,0.149074356830408,0.141861187551599,0.123781740058046,0.119214979664598,0.130915778482297,0.0947312829407233,0.129625517234691,0.101386301786749,0.110613535803327,0.0760190105287827,0.156025790926674,0.189626750029064,0.12215838824133,0.15042786184178,0.122114070004683,0.13115575969219,0.140470203414672,0.190231177014371,0.149846802922532,0.151913609996237,0.145023061205325,0.0779874888287504,0.120967924499476,0.167747611235083
GSM2714616,Normal,0.0669763033141901,0.2345841618417,0.1550280364624,0.239577259352354,0.180235664138877,0.224005744831047,0.330371095934828,0.13551434356441,0.255707932128977,0.330032772510699,0.199183133993355,0.292477528632364,0.175727183690431,0.34618774983969,0.403625759731725,0.247670412241775,0.279730914908027,0.304818971903857,0.284118041028068,0.228053078671343,0.212021985623588,0.407737307749016,0.457631120029804,0.289150354015091,0.143505355895631,0.259038766342144,0.108451393314138,0.165426045163262,0.107594534793408,0.0957209915988694,0.169405288579041,0.118186018938823,0.20135474484831,0.17979090337293,0.163407866420128,0.197377389699649,0.253505534640992,0.173056538407781,0.167996506849305,0.217783150461362,0.207536738289693,0.129404080806545,0.17134945610128,0.184396365736926,0.101734368159755,0.194487548334101,0.101855599091099,0.383715176331181,0.260319152608269,0.218777578270928,0.120234444387309,0.146930196320797,0.343696875600326,0.246766199454908,0.207267863382286,0.204169349836854,0.332083004574067,0.340636169839506,0.245036748195594,0.355557555880047,0.271284976081079,0.117495839903028,0.178895096379921,0.371092850358501,0.333041191179178,0.232818921344877,0.350259926727825,0.293524492954856,0.332531275472126,0.177462322207982,0.166506469230819,0.150224856139507,0.21570352265142,0.235348932469726,0.116304731677887,0.134181758200749,0.247907877199714,0.127434492868289,0.376032933501351,0.149283771768103,0.130350213742032,0.149442610010955,0.29469845518321,0.122769437721192,0.186008440846618,0.234685847473684,0.218478404067492,0.21841325234749,0.261422302570012,0.176418635195443,0.26196385159061,0.150818091246789,0.216494482664788,0.16528215812854,0.231368199814268,0.24406960565024,0.187555381566701,0.348419672492768,0.216532824091894,0.178876692496537,0.159233687484645,0.221874859170764,0.167692644485233,0.317901470348411,0.213638270494259,0.352974426878154,0.271292454918134,0.171199627746331,0.306823944718082,0.315639432948303
GSM2714617,Normal,0.0500617116409643,0.233798279378326,0.0871863949355313,0.223061766044722,0.222749316835011,0.27753206924782,0.213077539249264,0.116614471541289,0.236342152902621,0.357908099351376,0.214577412222144,0.320944394589962,0.259408931101856,0.34243659873205,0.249954138346267,0.27025556399028,0.238886534013572,0.335299056504671,0.313607642710719,0.226249607292103,0.245071627357663,0.385752663982645,0.338155610372583,0.354860402022448,0.12071699046596,0.239876267768084,0.11917056307612,0.141943102972829,0.104791120349422,0.0927421387126001,0.143760427739364,0.153531193526796,0.184321662461236,0.194611022017838,0.195507510098308,0.171003825485519,0.270709310116228,0.219256352226097,0.125687875031098,0.149581563971197,0.162347173927653,0.166950234550826,0.224979212463298,0.148974172558999,0.104779568823096,0.149837426852844,0.0851947701004342,0.377390047701941,0.30679667673215,0.201462020947792,0.110126208578568,0.170400537951556,0.425926312073721,0.236816832349448,0.306128701348683,0.195878268678485,0.349959062449339,0.346842777832736,0.197287112055775,0.356266456209775,0.251113783563876,0.116621104301483,0.179707842678036,0.354029817046626,0.345852196594758,0.278928832533024,0.375621786154689,0.294069849825222,0.342450668628393,0.202920272565944,0.144367676365207,0.156173809051657,0.239769536255684,0.269783348620645,0.153827855338945,0.131909360355653,0.104636943226751,0.235129686099132,0.248799089800047,0.15717395350844,0.147589961437827,0.250779031659571,0.2517709538589,0.112160746862555,0.260851036289824,0.280187009153797,0.175622933218677,0.209535342844874,0.209862413295493,0.142848225616324,0.295923230208012,0.18059499051502,0.251431320734078,0.15756727992056,0.239914951788177,0.121003557755067,0.190729034607586,0.270977997749488,0.222886847148695,0.328896354861253,0.191413934975845,0.247185740470957,0.161794632178913,0.327937671697545,0.202632898850795,0.300896762027016,0.293968153039895,0.0846553507102472,0.252313993788944,0.335703265866048
GSM2714620,Normal,0.0788698534172776,0.148035307491835,0.091031983765273,0.165912183145507,0.166905141664834,0.139447136334853,0.220273306467889,0.110828817565377,0.175117870193119,0.215507439937802,0.172446543529646,0.227553906315809,0.140980090188482,0.246878847057443,0.223075225164191,0.158243655949067,0.178914714028682,0.203826428013514,0.203866844897608,0.188202077626282,0.126214047372974,0.26699194604889,0.274408881955574,0.188454577290422,0.111018652179707,0.188246307929835,0.107159370219869,0.158582022322877,0.120098089815928,0.0856071017477857,0.174349270163588,0.104497303784337,0.170851044939022,0.153221844293231,0.132088269048864,0.18837499630413,0.187135485402904,0.155057583262748,0.138883828129197,0.170518726277815,0.108578400090984,0.157512952466877,0.135270777351173,0.151670766527636,0.113455108663763,0.138634807885422,0.120320985569446,0.258878884122805,0.196030999031897,0.153664298775429,0.111411412003122,0.141224055111849,0.231653898561785,0.17379239644423,0.17288368454063,0.154093107379992,0.21447357070779,0.196036483588047,0.171581142721753,0.219335630064037,0.204637157165576,0.127463480327248,0.160823671706689,0.242048677584928,0.232634670758678,0.18589661557413,0.239399786253878,0.187914307691929,0.241102875105928,0.17747739191318,0.124416907915909,0.0990809455719106,0.205002745361189,0.169140939933122,0.097513724351539,0.120747313974906,0.103877438700459,0.12066199126265,0.211093775575309,0.157168120372645,0.147515503819434,0.151351747593063,0.170006342769569,0.118160228605958,0.121233032214651,0.15243151486178,0.162033627205259,0.163390827473023,0.165422714048776,0.151619812226786,0.150404364549131,0.108478749401298,0.162756558665687,0.139539614020245,0.149563240504152,0.137081090547022,0.176444085948771,0.228401770227214,0.153045657261008,0.165100971221585,0.145720181788271,0.158196645053255,0.13243713098351,0.234039533649884,0.184985385798078,0.192789824739487,0.179523710622272,0.083331092743238,0.166841456495811,0.233818084002634
GSM2714621,Normal,0.0539328546585758,0.13640518429726,0.0970070231504377,0.171160807149026,0.154178332299823,0.132701753381088,0.218621155184789,0.0998922614902924,0.174760120093333,0.184829862073997,0.176599809763351,0.234984091858161,0.135908166513694,0.214587763097021,0.223306583490306,0.161723004948723,0.129902908202961,0.174211237230528,0.167306802002946,0.174053270264347,0.130719102361239,0.24647866556768,0.290676939572418,0.17710663675152,0.113789119586482,0.151363084061055,0.101237349088824,0.143682024500677,0.121571607139712,0.0857010454400981,0.137718887808167,0.0861521159836904,0.148347270742178,0.129546508973772,0.127991837732215,0.125626584800264,0.171722744867083,0.124178012635563,0.126998732202268,0.139642482395113,0.119446677308814,0.124270172503197,0.137493580957021,0.133059607835494,0.10234897988281,0.116313561733399,0.102932959330447,0.227832678644219,0.199228359780773,0.148133594148568,0.0962879856042679,0.129685836178053,0.216832833504989,0.152713156750702,0.180274222402463,0.137621307762892,0.204082168267826,0.212366420881886,0.162048391140143,0.199490203795192,0.183802869470693,0.11246733160707,0.143382601072103,0.213314376311991,0.198731409745696,0.164574603826411,0.198067671353798,0.17292046835455,0.206916405977789,0.179709124111161,0.118979976945957,0.0918212172597637,0.19557048124864,0.14008076183767,0.0886493371009533,0.119501089392448,0.116170642982938,0.110419274577086,0.220064941464019,0.128998529151189,0.13916339866467,0.154154533840848,0.155293021166606,0.111868012829855,0.122699159756268,0.136835388053641,0.144244792629164,0.150606341328026,0.143392389614724,0.142018978030113,0.151019795361601,0.108360639393188,0.14452050422668,0.125610523354662,0.125345430369506,0.110309936534856,0.173670108380859,0.198471949953815,0.130724770531174,0.162197757673875,0.115694880518807,0.156406628073506,0.137261147682378,0.207809517859137,0.149663545890035,0.176860889337471,0.155879583041953,0.0790660954385081,0.171448178463719,0.185132224274654
GSM2714624,Normal,0.0690557084935951,0.16208391557854,0.0993520660522594,0.177304394768976,0.158722801427665,0.191490869140385,0.26750790259204,0.104091250313568,0.176393409588194,0.25190969190588,0.162921399323565,0.271922637423698,0.115822858071757,0.265232624155532,0.257286504632564,0.202595978981347,0.209992691723171,0.247005303431766,0.222290403292044,0.180430595095463,0.164055221329585,0.316966110335114,0.287041754914863,0.233697193018135,0.109458723279596,0.178612790905669,0.114904752522437,0.126204942758223,0.116038607962043,0.0843290866505665,0.138062623664173,0.102534710911383,0.167157852271142,0.138219035590143,0.136729366255041,0.140257620768915,0.184766054393608,0.153195910891337,0.144329502807943,0.183517478279193,0.118579636358253,0.182192007358176,0.132387113835348,0.133208842241659,0.102740793780174,0.153490892484611,0.101386319164713,0.303487295397227,0.189240796774899,0.174705365571577,0.102362809585843,0.128353236682293,0.291648700154748,0.179546812681574,0.187341763213477,0.169669834663889,0.248477318667752,0.268190280038654,0.174878811121445,0.26090216329908,0.2134912515235,0.114011041451386,0.185448137882257,0.283526988828826,0.245328743892129,0.210696787520328,0.272624692981602,0.214910446157591,0.269331147806063,0.199465646987311,0.138441576887576,0.116818489197944,0.210789574371264,0.189797296702391,0.130017699860243,0.106407711996488,0.146022235919811,0.0971695419474026,0.277943981399057,0.13935176450215,0.146507503367308,0.157864168250685,0.217360684133548,0.104040074291676,0.167619677070986,0.16650758422609,0.162655470378138,0.175844030604227,0.162414295229529,0.139751556370999,0.184742719794233,0.138797876399631,0.160414189609441,0.130260402125224,0.173984526704439,0.189224572443456,0.203399501507367,0.24139635823286,0.159886634726246,0.156751202086772,0.128016331100312,0.167112589378317,0.146315655161964,0.251546872692995,0.162961676104947,0.238043479693396,0.212786890497933,0.112003018465064,0.194569797778584,0.245849542059137
GSM2714625,Normal,0.0568584624615832,0.136969686815211,0.0965280144066406,0.173143179970183,0.169822555122399,0.188072688975563,0.189497763318926,0.0935293405235545,0.174647936131605,0.271583169825678,0.158057095908566,0.23970203506283,0.12137061808792,0.292148808154602,0.219849438257324,0.185991058782604,0.201480354762203,0.269513052217763,0.24057157913597,0.171636337559515,0.151867735960862,0.286868175475874,0.351959760191495,0.25981291548262,0.13221084921626,0.197515196228155,0.0991522340798815,0.118910891693302,0.0968307690749109,0.0842590986325445,0.129711704881991,0.0968115832077928,0.125507999428469,0.138217195886176,0.136939640860544,0.118398284126573,0.187567755517099,0.158383645351583,0.11267859037408,0.146121153354224,0.159933154758574,0.111094774073342,0.153532299104739,0.120509494681679,0.0985358950193163,0.0963214777215824,0.0821176927358875,0.28177199248928,0.229995890353862,0.149100416250116,0.0826021558844599,0.174852076837366,0.2944735795752,0.181399186732943,0.247474213041911,0.158206996731592,0.260500128482913,0.293187231096513,0.169992793576635,0.273050368184694,0.178230890271246,0.0902389187844248,0.138343010975631,0.262725011083894,0.27089357966319,0.21078128510726,0.314520155873089,0.190293814102118,0.298929978478533,0.168125715211905,0.109544507699621,0.0849303804607859,0.171565520945437,0.15337792814733,0.117612509433151,0.0961791299491105,0.126122366424013,0.149955098806914,0.175885708078785,0.126071011305135,0.138008008308781,0.180110348297023,0.203945874238653,0.087158744582746,0.184645165822571,0.159098960013846,0.153346888102327,0.140989709022695,0.155540533750191,0.120166393399744,0.198390685852328,0.125730225021465,0.175825076298737,0.127345685274743,0.174440614121779,0.0898550633572501,0.134744617605417,0.208746693136571,0.188801630484404,0.23529849499092,0.131976776346285,0.14130267322408,0.121858139143222,0.235060518403294,0.13681434874432,0.218005177415546,0.206923149675208,0.0724071530608405,0.183841646869179,0.2885963590973
GSM2714627,Normal,0.0475630933561889,0.228133428568116,0.108896649111971,0.231674259804147,0.18398984400789,0.271405298158005,0.384742422175314,0.142568005206976,0.24354300568239,0.32923988078314,0.180368414136907,0.321239430308157,0.199859147570757,0.342886883479351,0.408398335899531,0.265273235236567,0.265560197585382,0.31773593117332,0.307422607682186,0.231855725224291,0.238583716176431,0.397382114819422,0.365165808007469,0.260903477117445,0.157158521521858,0.248086957711936,0.102443055091463,0.136853065828771,0.106477204106608,0.0799130714763818,0.148503712850293,0.136795591356859,0.206360104218098,0.1732137543289,0.158102677132054,0.197512900496919,0.247173828106076,0.180020897295248,0.176673066059582,0.151587107618067,0.18096581588534,0.165555665507625,0.16117365381467,0.145629513226527,0.0986428612353714,0.1787778171777,0.090811169965832,0.392208518608651,0.329725737221321,0.234920049868373,0.151557563463481,0.143040998435326,0.363116328155844,0.257822816388706,0.199410332437761,0.198543428240651,0.338960884881308,0.316086600349433,0.236193301682165,0.357586237415304,0.274472212112291,0.117471005499275,0.168770532033775,0.385363636141805,0.314099363744604,0.256968117476913,0.379676822684616,0.288481677588511,0.335989627445492,0.215137806445217,0.262274998957755,0.160708407115172,0.182673643673278,0.269417810550568,0.144962832065272,0.141259009774639,0.0978991800620011,0.10257502763758,0.370379059179641,0.142785701006921,0.124123414211518,0.20953854051269,0.299267905113708,0.127103156250789,0.135279759778142,0.260334435121959,0.219612686556352,0.222795456003708,0.254292892296639,0.13631282307718,0.28124179987836,0.182122745794283,0.210195333434297,0.189437416810851,0.242359711846711,0.412287751787553,0.2077120700492,0.312223943949111,0.170816655081336,0.190622420669012,0.167786739170559,0.243543036944313,0.191553987642443,0.314028401525297,0.222167044807761,0.336219707868947,0.277757814757817,0.165428471851214,0.308647967646084,0.320761324904224
GSM2714628,Normal,0.080876804657673,0.167373479366264,0.103987180870027,0.206210403951653,0.17590831833975,0.105940869422042,0.169151343047656,0.129907706166889,0.193341260402553,0.258070953777985,0.205951239755796,0.208782516497473,0.187423148837091,0.246813516598591,0.208922933997663,0.178070189948155,0.156256373433661,0.209666062808429,0.150876664546682,0.20058560994263,0.152400090223638,0.234477916605618,0.276777584551553,0.196196431898844,0.124730918639934,0.188344942289214,0.106570538205035,0.184289526198554,0.102914316045065,0.0977913043307796,0.186144612196028,0.0997330418636653,0.169826706740354,0.124378021503469,0.144720611708174,0.153234801763339,0.206437674655541,0.166208152700046,0.144424261566484,0.192159345001129,0.129870474672533,0.158673766192605,0.178851584492223,0.170934647449811,0.10296262906372,0.11802011669808,0.127412195178445,0.248408135755604,0.178526643698339,0.139352750525682,0.109235919245374,0.223605104203057,0.224137436803741,0.18424040006563,0.207013930967601,0.162761506023412,0.231482631360086,0.221355145938376,0.167157909323057,0.22411148803798,0.194449848564472,0.109441512960234,0.175217476277293,0.192451394339867,0.243542170206973,0.171992916051392,0.214425985535423,0.191271409552384,0.252209936597852,0.161594853149804,0.159363894380899,0.0811288576311287,0.217702099337721,0.147785543006582,0.0775126386581172,0.146071537497295,0.0940941212112457,0.142304772915255,0.209783958596102,0.156827750268988,0.14455139177858,0.145737929426789,0.187283266730741,0.128104852255657,0.130238302196384,0.144334690067062,0.18536348228656,0.17088059480436,0.169681237069276,0.176579006709779,0.15437407801081,0.120309959445483,0.177927634945915,0.162974456868557,0.130214485715388,0.114328868254402,0.173963176429399,0.229828999337182,0.240814629127754,0.217790596584486,0.151037236593149,0.181815377247985,0.154545300268107,0.244477326489107,0.165663662281931,0.195578151582296,0.183982683667682,0.104005933296758,0.152722502866797,0.247905017135626
GSM2714632,Normal,0.0690774325480643,0.166082219379638,0.100233141171616,0.207387212916373,0.158679747007327,0.139554381130197,0.215496496969176,0.140044185070225,0.188542268869722,0.217046435024403,0.187710188322937,0.239341132655311,0.139060041605828,0.225280117895933,0.228197239232861,0.189844237269782,0.187340385035403,0.224882229197147,0.212804160578349,0.206272284357355,0.137707514423197,0.28821317219934,0.299713340929391,0.199570616469743,0.130103436538096,0.190677292472941,0.119438023634118,0.164863829929378,0.127906605698484,0.0973698644043986,0.161382280125479,0.103057010636504,0.184409974338525,0.13343971717907,0.138868065161923,0.1522508963038,0.192051916630248,0.143437341710864,0.14729543120714,0.210868156493118,0.114597447091452,0.12222918199791,0.149621056688058,0.161559493144585,0.10241213634094,0.163231757177512,0.121857350468193,0.290404227163168,0.222276515231528,0.170761666276426,0.139002369654994,0.142914718179364,0.252392855344747,0.186481000929165,0.180484145531565,0.17177244649984,0.236049076739807,0.237058074232074,0.173082139128984,0.230417372578017,0.186645493571421,0.121836954342198,0.158053821420167,0.252910833896359,0.257963171483978,0.178545891321752,0.257620412014972,0.197320508886089,0.259252275183957,0.175819144501951,0.1335666620928,0.101583342775228,0.205951048938544,0.170199580668831,0.102790950965191,0.137599323035718,0.152291526154888,0.126974789462211,0.230909189759065,0.151518133264944,0.130285333083103,0.16472431435799,0.187533225885716,0.128042739728659,0.105526699259481,0.136503954510408,0.193654746111327,0.173904234984315,0.175507310945153,0.174052132008139,0.16145374217702,0.119900471232559,0.173036630974948,0.133605862485861,0.152704561591954,0.117385156335921,0.16285361654295,0.233845859484522,0.207160444615536,0.176046527333622,0.143748249101446,0.165632601902852,0.169863912794547,0.251754693216203,0.170148344382308,0.221664221312589,0.204446883167402,0.103709696633706,0.17152688659289,0.24229524605742
GSM2714633,Normal,0.05587681815382,0.124892931433569,0.0835144979501684,0.150278220895382,0.143084623361383,0.130149531058405,0.224435502052198,0.0877131269512049,0.161270207303811,0.218257205257734,0.1976279319251,0.197623488360022,0.157390590473607,0.210524507795631,0.193193763324127,0.15547281706779,0.147704446294493,0.196032117531663,0.173783582924543,0.158965474819008,0.137174065345915,0.212314614936466,0.294348609175096,0.191331680019979,0.12260403358531,0.151828027136081,0.104283822221904,0.141632829198684,0.106491834073428,0.0842278699623966,0.14131452447915,0.0928537794597885,0.152699809770611,0.135858782253638,0.139048763206249,0.122310726822771,0.164930681697925,0.132542549167288,0.141453284528337,0.153394873289471,0.108345635122395,0.13339341745127,0.13512121042403,0.118434962908041,0.108089130104194,0.107223997764231,0.10632994137394,0.228412788391257,0.206843173681652,0.149941595171473,0.0978720412947631,0.122284096931269,0.181465972915877,0.140284252714174,0.19092588816097,0.140831521906429,0.184732003461947,0.19089784270002,0.135894170687551,0.199517715819423,0.156422297155782,0.119621631782796,0.153461287393533,0.201463457337618,0.206162738965784,0.173104796581208,0.171635515171993,0.163845792280832,0.218603859156962,0.182794376279186,0.12127505393343,0.101565592662237,0.188278202176923,0.179173142630868,0.121355805627775,0.0977350359946495,0.110756224404617,0.0967981069758971,0.18812857654755,0.161695234186032,0.124732436964509,0.17108096130946,0.148910501377784,0.103590608636124,0.131014123576237,0.131802204636002,0.141011857524394,0.144134564304847,0.121406428372601,0.12049755410774,0.1304988758115,0.0822872476817419,0.152213867212892,0.112859445980188,0.133288928615834,0.116895773660641,0.170875242261907,0.205746439368151,0.133628406726445,0.163014257906387,0.117179503323863,0.173306231367219,0.143217768572497,0.211727563130428,0.159739958118919,0.167331833284879,0.170351266385946,0.0984411601861566,0.147981751333355,0.200725895286629
GSM2714636,Normal,0.0606883495112942,0.131858312919146,0.0850533205646934,0.159043532995481,0.159628279413766,0.156587996505587,0.211199467044439,0.0956975719025505,0.17633801780762,0.193517351681275,0.147317387039365,0.265191241249767,0.155274120649493,0.235152750535589,0.207635168726638,0.192149316557982,0.185111971214421,0.206372378729483,0.177037609241627,0.167212845502249,0.13361196257715,0.250996496121101,0.299805682139193,0.183623786923823,0.106511728214822,0.172917258948687,0.0960055781851807,0.127082158387122,0.107327531298555,0.082715931988137,0.135033565481613,0.0950252825346061,0.135555057712743,0.115631878724016,0.131287359823286,0.14416582717351,0.178279646119007,0.126560858177594,0.12770481481434,0.139030051765962,0.0900464270791414,0.132223281103386,0.135771548673138,0.129270207318519,0.0955710412363113,0.119165999504258,0.0964508379220234,0.271956460663853,0.226480406412985,0.150292009359039,0.0866020176393985,0.100519309658766,0.238480201385028,0.159750785512351,0.169658551024307,0.147318936852865,0.211359984137566,0.218892669370684,0.137971649013176,0.218540316019706,0.171266710332745,0.107562289133313,0.12455493000944,0.247961249471279,0.226311335794975,0.171991812462271,0.204139714047083,0.163912842661399,0.234016503892803,0.167799110502292,0.110690871435122,0.096485642637885,0.191404084058943,0.139372021921575,0.0790691973973474,0.110876529447772,0.112617595592204,0.103469778013246,0.239963465727236,0.12580020135106,0.109023902131244,0.135154609645601,0.17876716212022,0.0966729134399801,0.129906846627227,0.141265411262434,0.13611890564866,0.129611658009209,0.146746690317891,0.134216195272199,0.141523845668651,0.104253693899238,0.147033152009779,0.124508392363251,0.147191763788183,0.10911749842389,0.166423258930435,0.209192596405573,0.162499216351296,0.16214923401472,0.13023679334734,0.16079993708841,0.119097508423249,0.222693945746565,0.14687084390124,0.182796521892577,0.166020398148297,0.0819465211664078,0.170099425218989,0.211293176919064
GSM2714637,Normal,0.062807678573966,0.138440055086811,0.109812753777205,0.190181318514019,0.1717360103793,0.127714165670129,0.231871776954117,0.117170357923074,0.210209172470359,0.223308629872692,0.166306767627521,0.242272577650336,0.171889403027375,0.258738719944904,0.21291275469001,0.172852467471413,0.159884502264117,0.220352688579551,0.205408066153512,0.192674590872998,0.142768913679463,0.263187852167318,0.245195074154092,0.19002523489694,0.149520350905267,0.191100662353601,0.120933636456861,0.150968395398098,0.11565936968976,0.105177320430831,0.162560721199123,0.125335337939552,0.154177837853081,0.134849230018335,0.17089573206167,0.139922811144502,0.192612404222513,0.146969874609847,0.141271546171089,0.129958698411735,0.11098376913845,0.166693901688121,0.154438746188837,0.13854250411635,0.137250142172054,0.137366770818681,0.115269747410571,0.262808157021399,0.200091229191154,0.152949070334799,0.105102244729865,0.140910895359685,0.248095054707,0.1649846179879,0.20853180897592,0.161520676643522,0.234996502406263,0.238541499730722,0.158255587741296,0.220875154295609,0.167781959120793,0.126374600602278,0.181561548522477,0.266561893353365,0.222996309766623,0.183492559675594,0.222260365319182,0.186267170021615,0.243113609251091,0.208923534619916,0.120321907000306,0.117037324116596,0.180275394212177,0.182946389195914,0.126536211936159,0.121556379231838,0.146711313459126,0.156295956128683,0.248268641277501,0.117049442522534,0.142423983677053,0.19908059875994,0.163629393924589,0.11550921528694,0.171685654048088,0.16773786895683,0.168483346460249,0.167328671484316,0.133115931054864,0.157328645483287,0.174309809383499,0.115504642501842,0.178709029930153,0.124935995857008,0.161818005832288,0.171242830880863,0.190425175776803,0.205383117417946,0.159273260381137,0.217585199540552,0.135996572905321,0.187828369431124,0.155724403571358,0.223354756588693,0.165370627215861,0.181729878678031,0.191576526396111,0.0823846967824929,0.161237503615037,0.226344076382114
GSM2714638,Normal,0.0610800936763749,0.17292317857271,0.0994031058584538,0.21272057751171,0.172148471908078,0.118213557800652,0.177040255043081,0.120262986571332,0.18855091905752,0.257151148191839,0.198544530495277,0.202542381420163,0.17270119240044,0.260232533884646,0.215166086430804,0.188822796692731,0.182545691587621,0.237727589063685,0.150262564987417,0.194308289954109,0.144077636892705,0.252577397023874,0.347661579734489,0.215013848431079,0.120915561253323,0.186104163440799,0.116625220393778,0.179582317785795,0.111719952266772,0.103882532599439,0.157462865008499,0.106013745731594,0.162428820789833,0.136193860412364,0.146666105154239,0.185748639097175,0.209592287704065,0.146854600268284,0.145778297222476,0.179825896113975,0.1053155520821,0.157598099572027,0.153436088192704,0.189321289876213,0.11531411242578,0.122265176363879,0.116969557235833,0.240648092637791,0.198205868552537,0.146265871497749,0.117264183081611,0.173753657325206,0.229425011234698,0.174156524837233,0.202383914283265,0.160998889577212,0.254878705491921,0.221502576142017,0.172722943324043,0.231877330791774,0.204114630681943,0.113502212506914,0.133777218194273,0.266729630074067,0.248178347574646,0.193255101418691,0.242981607068551,0.189648898303547,0.251014492502227,0.174556465505045,0.142026089651857,0.0980692089450249,0.208710907104692,0.149949357150221,0.0911019678085139,0.130630248289125,0.125979777578075,0.149225697953057,0.19950374104236,0.165080226300642,0.139569760275327,0.149578895503567,0.188931934989184,0.131564277624649,0.156164701380409,0.167016541355693,0.193577936944165,0.177665994033808,0.17697537844289,0.1666204205485,0.150229991146834,0.117655798439004,0.167685657574351,0.154579238650864,0.149966726727746,0.111905232761331,0.160657623894974,0.23779449297387,0.260929911989089,0.205970640696687,0.159900995348751,0.174604590892931,0.144512279977091,0.24206079272583,0.171061229786528,0.200188669491561,0.204472565798607,0.0974421846832059,0.156806630389517,0.253856469466228
GSM2714639,Normal,0.0513537951317878,0.0672642901181183,0.0657728358555682,0.119777447140464,0.121523706308451,0.105096176756219,0.169452324001807,0.0789807318276864,0.135101317192003,0.158119695821184,0.127439645959816,0.103110553657037,0.0670046796561222,0.13958809291585,0.100728322612043,0.125008513496639,0.173343816423938,0.131204747636893,0.11764822491515,0.120175085471293,0.0950441481282044,0.144559982636921,0.151846598466023,0.141184269557361,0.100512465974064,0.13391067812649,0.101567892047171,0.0996362539776455,0.109274863301032,0.068231528981631,0.128976869351884,0.0820654129153874,0.115386601900371,0.107984855631317,0.101897655818709,0.0893620629374521,0.124294249689897,0.100162412611274,0.0984439808420906,0.0957756157641472,0.114371167301875,0.139404844257576,0.0937531689506834,0.109076818040456,0.0960340965363466,0.0754045758408228,0.0800262100326788,0.142804252547334,0.158384114963732,0.120287253214399,0.0865661090254378,0.109914504106202,0.0883258189657575,0.109583412587958,0.127479222704753,0.103024344351579,0.129586388048123,0.148779027365853,0.115432932793783,0.113819195291045,0.120662428648637,0.0805523399113254,0.113776366089954,0.127456889795061,0.14963874393452,0.126836290208085,0.119646033234513,0.0915370570237222,0.153638107415585,0.177121121841686,0.0816980782434578,0.0695381738752208,0.142979803512766,0.131804583920499,0.0720281778397477,0.0770499045791859,0.169076558409777,0.0914360138393761,0.12301118540404,0.122010459031735,0.117445528230264,0.187280244940031,0.150459142526396,0.077065648477045,0.11004629227768,0.0693476230914563,0.111516747120695,0.133403126386687,0.0790772686971997,0.100229205298038,0.0959675183552353,0.0718627319431168,0.108178414559849,0.0988711988523315,0.0935953008626151,0.0717328494686084,0.15766396366998,0.147991635056426,0.088609061356573,0.138585182055618,0.102201360241505,0.121735500473136,0.10811653590872,0.149410831130429,0.130955326279372,0.107462127684222,0.116197175299396,0.0650757278342602,0.0966408526973645,0.131008542540491
GSM2714640,Normal,0.0562806237754973,0.146991042723489,0.0882280735645849,0.17328741311341,0.140673446649874,0.144308543791592,0.21920394983049,0.0997858333371785,0.177012959330136,0.226051244080282,0.163176000799265,0.194315287651754,0.172967778925468,0.225908074436739,0.206405264218503,0.201058548460703,0.19488301333021,0.216982177380354,0.189761049371986,0.18707961329865,0.148867880607652,0.277428678751445,0.246063804346985,0.230608910455247,0.105159898622122,0.171936447716101,0.0986011079638141,0.146242286160557,0.108428481262093,0.0810497805718924,0.143805492848052,0.102865617560031,0.166454579708301,0.133301888314399,0.13493792353373,0.135448105587555,0.183109831152276,0.146795036588543,0.133668413392802,0.12726973014363,0.0951691281935279,0.160138480829832,0.142109637318519,0.129273513527024,0.0881363755227038,0.11578417902121,0.111312630570212,0.256887004460398,0.233274396340324,0.146215408608941,0.101157182671522,0.103647030013832,0.225491323363459,0.161967618032744,0.165614688267763,0.140671140480401,0.239476157972844,0.216142783828603,0.155637634951858,0.216354101562194,0.186862606166451,0.101773242974003,0.11349224624452,0.243812450081131,0.225991865713958,0.177346850816937,0.226420634250078,0.196109543681189,0.228819016904835,0.171520830610347,0.124997758611322,0.11604702454045,0.178447236890119,0.210895282852237,0.0955457326837724,0.113241403459128,0.114779987452723,0.0973024541970577,0.232512371793007,0.139128769581055,0.108802681848807,0.168873383997219,0.180757988648651,0.107556882577277,0.145741217051854,0.168119012827202,0.158809256935072,0.1506654042959,0.165000933026359,0.132631308088487,0.166129028606053,0.10271326144701,0.150677883526746,0.132501736357352,0.143657113030628,0.0989509004018939,0.161459146517288,0.2150637770566,0.121399958322924,0.169020841153441,0.121398193925144,0.18123256152283,0.141567682489681,0.225759814087684,0.156844138205598,0.191683387435703,0.186492644646579,0.103554741975683,0.172339752112491,0.223016608301458
GSM2714642,Normal,0.0692453178076156,0.248945484993623,0.155078262024572,0.248572854576982,0.218064532907211,0.236171301476031,0.406167468972902,0.140815594144035,0.218305934017892,0.324222003739104,0.211408420629894,0.33074742556108,0.204006806709213,0.348472222215982,0.386294402987424,0.247043110035405,0.237238232294583,0.315592152084913,0.291674910371176,0.253895027748405,0.224974193151069,0.392022759575196,0.425672701573315,0.339223353482744,0.139073168388612,0.254461125574466,0.113294410888056,0.164183643412245,0.128944371742173,0.0945999609091596,0.161707249943644,0.142609257470708,0.225300955279636,0.195647162150092,0.177946941897776,0.225605992521836,0.265981695984347,0.196408840529056,0.177168029931201,0.213602901632728,0.180789154895027,0.180689454059721,0.164523041950344,0.162720715348833,0.118462810285781,0.206823748160079,0.104834487925681,0.390201149947111,0.310344527381986,0.256206804732186,0.16330646843123,0.164839720837753,0.337780108777189,0.246483900929024,0.212863770276223,0.216503993504152,0.34261346639754,0.330547261916353,0.234585737005151,0.364248265320171,0.280142017625479,0.139196053432456,0.248979818620902,0.388260137365739,0.322611405614197,0.270011191825591,0.388787707416538,0.305037143534848,0.345766406270446,0.232930922365195,0.217043507747442,0.20864010601405,0.228078010594357,0.279186862890792,0.171978943803631,0.145135651665645,0.241119748427598,0.12225457906429,0.37856120390611,0.154777794510232,0.139653002869566,0.196256182256578,0.345036305627318,0.137572651888187,0.161370937854447,0.284999162995769,0.232995841126447,0.233632580293833,0.248208119550018,0.169777488968116,0.256194174676336,0.171938496541217,0.204164040063705,0.155508262012938,0.254485089703897,0.325877385125551,0.215324581983602,0.333936650858558,0.214904018202817,0.19289599185237,0.183990536035857,0.233354188455132,0.17986826151254,0.314026483710148,0.244602298440084,0.376895826783395,0.293303134842403,0.169563285256589,0.303445116543265,0.336913355545987
GSM2714643,Normal,0.0521196280354982,0.0827680506311483,0.0678637590226971,0.129836802918322,0.135400699384558,0.135410696822598,0.190637853862105,0.0910586232802049,0.163158544656518,0.167720731580376,0.14466971587691,0.179712040255004,0.107172207100805,0.210639652222748,0.178068378660641,0.197114220161851,0.149885460170636,0.178522668360988,0.164914283443967,0.179006937101709,0.11662462864344,0.231194985979076,0.162717341010182,0.149999627092033,0.0948246310948051,0.155777725797067,0.0946368760778768,0.1450165994741,0.10117739511815,0.0731609194419848,0.122496983057245,0.0944522288783876,0.158977235622769,0.0954995347932609,0.121680234003993,0.110004684677081,0.151325720652856,0.115407524515497,0.116856723121413,0.102301774840866,0.081052973390454,0.125245981469918,0.097106822456698,0.100933784622342,0.0840069566346031,0.0913605814714115,0.100225210163075,0.227418529132129,0.173206835049091,0.133505248697307,0.0864066406715653,0.124084299802341,0.218724358667209,0.138648805184723,0.143077922408743,0.126079346158712,0.190334486979649,0.215731089043553,0.152846506323244,0.186837675119974,0.14646079621409,0.105876525099559,0.0927749838086974,0.215235793609365,0.181045466979919,0.134897758479577,0.178215819746394,0.128368394681891,0.208696761745854,0.159173951920568,0.0914951710809088,0.0787174198950093,0.146120130844976,0.154342337447973,0.0782915210069692,0.0725522117583296,0.116658931570127,0.0815024048754193,0.216132159910045,0.102912787302007,0.0867446254723371,0.160238073752874,0.1651150690085,0.0900521000289956,0.119429464168115,0.133769024243459,0.121517417200637,0.150350778666997,0.125804229804431,0.0900479984106134,0.127712089332261,0.0933146516841892,0.131236697118393,0.108920863971432,0.121234805996099,0.0759544847974733,0.164477298854038,0.163689952344327,0.0849828428559652,0.153885892183309,0.121546363447562,0.143860085906118,0.119929514918781,0.196631801184168,0.152833215271294,0.156228686197962,0.146566156141059,0.071079883778646,0.128359683476882,0.174926761728704
GSM2714644,Normal,0.0504568758874297,0.142354232879434,0.0742991489456278,0.177911299271155,0.164281000304192,0.150559211743367,0.242648248758885,0.0984677794136476,0.218216847555048,0.242304717295572,0.146001481714066,0.210698356388424,0.129149351289304,0.22833764628899,0.257979190192756,0.184073970054008,0.228904734005634,0.212419272188745,0.209788893255818,0.17461099572486,0.141567705575635,0.260673089771731,0.250875174806586,0.229991966723435,0.112263494621134,0.213380356016067,0.116942951966104,0.121316848120778,0.138960135253516,0.0726411698726527,0.138873222464923,0.10765636012226,0.153542308573712,0.130212856979332,0.144380525544361,0.147511382184666,0.181996530568207,0.140456625884154,0.132911856410707,0.134772183739973,0.122218744859264,0.17206239290051,0.152403108408966,0.102594315771758,0.103394844911776,0.126979029091191,0.0954775713344951,0.315809914509467,0.23437562180991,0.174046447968378,0.0827039309784393,0.117352742430185,0.252425818266488,0.162308939659516,0.174648362137414,0.152320831452231,0.242403536342107,0.245714259443463,0.149619869807632,0.24284852631879,0.188035888848726,0.100078663783659,0.165652706713933,0.252821427015137,0.230855715981627,0.207444011107577,0.246267450300737,0.199151323620729,0.252904006616053,0.189146041964129,0.0851299687370449,0.13906654680243,0.166302902205145,0.197253097088884,0.111924745120144,0.108090989180018,0.0920246879910593,0.0813502280170818,0.226715878736036,0.114848189187545,0.117160908228021,0.173496238616579,0.21621056368209,0.0921162750180372,0.122340836662312,0.165071144607717,0.170855052194326,0.164089271162447,0.140445527690575,0.113483136408451,0.168798330557808,0.110356040909203,0.161973742752725,0.117774042248069,0.15299879583409,0.123993582829516,0.205440961411772,0.204902391332497,0.107081992200671,0.144323203246358,0.127894728995243,0.187027164807268,0.134373514494647,0.220599126620969,0.134542607718636,0.220290829233523,0.20436479463414,0.0947711218151538,0.167140895952534,0.201999000166879
GSM2714645,Normal,0.0503255395700244,0.118799199897749,0.0806960554735507,0.166287733364688,0.155441329181381,0.127290793570578,0.155301209786064,0.077903066828093,0.120266423501253,0.211547547039052,0.125231857650992,0.0980509604809594,0.106167829806525,0.192341838259173,0.109903565061533,0.219618787486868,0.229051432160734,0.177816020324652,0.105500420324534,0.122608663170097,0.120907708064564,0.227335169256236,0.208417488956822,0.228631393911004,0.0997731352156932,0.154790186431694,0.0998556981541353,0.0966443302867545,0.0863370036767194,0.0686684937334261,0.160044894512491,0.0896507707965442,0.11135811259279,0.14232146089907,0.118470533573355,0.0927650841948159,0.136373073327911,0.119861246298865,0.099881794533044,0.109994006034517,0.213515183090755,0.165348416039472,0.0945255525904756,0.103485857532399,0.0944902746928401,0.0838115801143088,0.069586535137138,0.196322945683061,0.134943928026545,0.139402957680547,0.0966398144147482,0.0744943210264223,0.176907129205396,0.119869025930308,0.123965066421215,0.118481506635665,0.194448420634884,0.211141383787676,0.108612860653053,0.156578876320951,0.145394972699077,0.0797775580656251,0.117417178499486,0.18961716469651,0.167719141341731,0.159585439111672,0.209440624985283,0.113348739947086,0.21059985814241,0.16070050811324,0.0830306391549278,0.0811664544422883,0.137558541416368,0.166208010166542,0.0668189542966353,0.0915135498511712,0.141861380482572,0.12412061297504,0.126954959911158,0.0944146965530817,0.115684202575692,0.242781299792611,0.18547501147665,0.100902290277122,0.16455717990366,0.122149897964436,0.120309673131809,0.142898158959979,0.107772520820192,0.0915516130082077,0.103582476268311,0.0682292880471673,0.143558267266384,0.126078370392138,0.128107186105601,0.0817004199550873,0.166303795214787,0.190867311376876,0.0888612878627817,0.207876544315111,0.11497389065563,0.137525341244002,0.124956504611429,0.175990066839095,0.144593925813689,0.170878992458014,0.170420951047809,0.0669626373780983,0.147761093042655,0.191865551260189
GSM2714646,Normal,0.0684294003407716,0.179150834451372,0.105254277457989,0.199591483326751,0.180255013360335,0.0896412900230224,0.15380866376229,0.104808201148578,0.195636236849488,0.280978200373934,0.193912931207247,0.226023862648444,0.180013263362559,0.295942627297117,0.217485725890225,0.161205484408066,0.178850640113203,0.247853691762614,0.156944393561479,0.18105110422045,0.1252208024447,0.299636788255827,0.355122158963923,0.24685010394053,0.144974231104399,0.205582317721529,0.102315371339737,0.147899918793095,0.095788235887874,0.0844816789065419,0.143634899325459,0.112452030996644,0.141125139473818,0.142223010712932,0.1439075346703,0.134169197119203,0.220167341986122,0.171022692803614,0.116674191458306,0.220192839420303,0.165948489881828,0.161378482398326,0.152704797006061,0.163281937059551,0.0943411995801534,0.103382286266082,0.103591724534044,0.242808933133222,0.174992028462694,0.148347212055094,0.0898438284011802,0.18512159545437,0.26084125970974,0.190779739468884,0.24992950239497,0.168546324517387,0.276191462860818,0.251865757656045,0.168941738524111,0.269598257773446,0.223639746341556,0.0973361074700289,0.190115555667399,0.249332001192616,0.273850053841776,0.218589115001517,0.280314194891656,0.207691772334284,0.275639857452778,0.163758042687569,0.127762460868817,0.136149985571053,0.193793388780378,0.204132735846052,0.102809722560951,0.116320680280116,0.269317812025327,0.165307923596292,0.225259802821249,0.179902648604788,0.134886505971956,0.144019479432839,0.197953094918486,0.10812904926151,0.147480466339269,0.201886304712631,0.159244395780786,0.178938604195754,0.180717389292314,0.157891296120414,0.197763869509389,0.117214699215981,0.169101338719263,0.141378540316699,0.166430084782157,0.111963206476777,0.171516105684772,0.234044371812196,0.2597675049194,0.22246179473552,0.151727430334099,0.1832155217091,0.140134370871622,0.262815438656718,0.159424699768836,0.233757451897919,0.227606345898118,0.0937692422970795,0.173731970815514,0.291812470253283
GSM2714647,Normal,0.0546049322965165,0.0964677090887982,0.0772814424923771,0.128648024926117,0.122745693418338,0.0753436445249472,0.164385533985166,0.0827408652111629,0.144234005063967,0.114823561399172,0.134560108268845,0.130677780572685,0.090202481497836,0.124070921490084,0.1484613657569,0.100876984340466,0.104429667389724,0.109181747863939,0.104075073254867,0.116565751752331,0.0876722340182518,0.115627765340961,0.147838268246961,0.115669308002762,0.0985282971947741,0.127510786362466,0.0847191245153227,0.100141438494559,0.0933484151802305,0.0734006188356942,0.110053148762255,0.0765004903804153,0.103707219744571,0.0845519081546608,0.0915520594630669,0.0885012183979302,0.120169965009971,0.0841096806077538,0.106248408744671,0.114541147811339,0.0768757536957478,0.0961213537000512,0.0973673667137775,0.11130206650871,0.0980211060959433,0.088623580359185,0.0754216718539157,0.144298260612467,0.157277535554784,0.104845951201802,0.0881949080569207,0.0897124592879832,0.111831026779453,0.109200323908407,0.0969021240608634,0.0945194806939962,0.109437921762387,0.137364837729368,0.0984166966225726,0.100647491089372,0.128187819353602,0.0881980293095239,0.08991707675654,0.106704700580118,0.135332187648529,0.110277981353199,0.0953061915682605,0.0974544436217925,0.132887703210295,0.152481228450596,0.0868709690076932,0.0696139455528781,0.143694689826398,0.108730752910108,0.0694384662294028,0.0849785481982218,0.0729114155939893,0.0761923815295143,0.159007215083381,0.105028672629581,0.11093918832444,0.121591537260665,0.129223060502661,0.0874071911423968,0.0714780031998493,0.0683321132569968,0.117918150280007,0.107454753278365,0.0937816189655189,0.105852376976154,0.0871545051593592,0.0761339450194559,0.09915845140551,0.0830619420370807,0.0825683121045077,0.0864725995600231,0.131223663392961,0.130301167325161,0.0832443611775778,0.121445546553489,0.102196677035819,0.112955332286123,0.115982068930765,0.141618189807961,0.118362495268693,0.093365010470903,0.104926498566394,0.0675411289577333,0.0903484771734901,0.116736303039395
GSM2714648,Normal,0.06100484930603,0.166653101905019,0.0927546423355759,0.198738168321851,0.17860131137345,0.149443364530141,0.174017507711592,0.122512356407078,0.219366994011529,0.236274354484818,0.162168169503625,0.284035685280629,0.149240190547806,0.246650194565215,0.191774845766209,0.220543683090576,0.180877327998568,0.231718140273672,0.197431693615745,0.184694162528061,0.127863608264302,0.291869182025377,0.276628009311061,0.186454683147893,0.106765019441102,0.173218155713457,0.0995341718035655,0.154926131772209,0.108396964398776,0.0870539128529392,0.141332583498385,0.102235011625173,0.145600428581572,0.0992430560227513,0.14306656553509,0.148997447346912,0.197617353388231,0.13615064275018,0.127822616283895,0.208554768528124,0.106746076818207,0.159368103335905,0.122837396973194,0.135268836914023,0.0949789354198063,0.123210854736527,0.0896599139132531,0.257196917055666,0.200843434718339,0.149975906672761,0.0858226778879828,0.136244086042891,0.2870062637308,0.171028570332052,0.201887971454512,0.158754930626693,0.254561117698827,0.2791099074422,0.158860251354694,0.251960383078758,0.191526751039247,0.107890442660857,0.206744600292112,0.2668551231041,0.232319256127503,0.189580091957942,0.245170877940062,0.213753686942798,0.245793141753413,0.174583037710343,0.138385776750595,0.0908582852131589,0.201131018344415,0.165736491617976,0.10259384851576,0.112801331709549,0.100918803826202,0.103291651702169,0.202181582407962,0.13352644452777,0.125889942223876,0.151027535284358,0.155262816318844,0.106076853342312,0.145486833921221,0.167549572674574,0.169874794552409,0.174611532608819,0.150487765016446,0.122433985281812,0.161138686782302,0.103726848464512,0.16803621265706,0.126993084953682,0.152844187463895,0.102108157742659,0.159324619789409,0.20276261351972,0.147993677242534,0.158519371318813,0.145362055900102,0.149282953816673,0.145156079498137,0.22923755698477,0.156905402601189,0.202485280353092,0.182423821334308,0.0809837598867063,0.198876829435543,0.243769692647283
GSM2714654,Normal,0.0639862449165853,0.10816982916231,0.0732017914270803,0.165671600532338,0.166259318523618,0.158334262562807,0.166596132382717,0.105016258463843,0.14908568775631,0.256850608984388,0.140791218372071,0.103574412133682,0.0826322166830714,0.200383215943168,0.12826420155187,0.190718050995267,0.232427915573542,0.195465476797813,0.139967017968849,0.140505127459318,0.145673314442969,0.218645779335922,0.32435307152171,0.203135052710778,0.107997327774798,0.171000889520159,0.112966149724797,0.115989569903747,0.11266098010437,0.0792252763144599,0.225228120089884,0.1007836862215,0.128876860292735,0.158503741393822,0.139536426127254,0.117601665812812,0.157262695371308,0.127196906931516,0.12603359335222,0.153587943358279,0.302137110327482,0.196470472733441,0.112766758715203,0.123075938373116,0.111434107912933,0.101527060149249,0.0793904924677918,0.224254965220235,0.157172708465223,0.15198995283324,0.106475815592361,0.0878446954915427,0.174420760827492,0.14749712869196,0.142059223431811,0.144843213068065,0.206458768929479,0.24519110071923,0.138092764521168,0.178957948338856,0.16506605499997,0.0993946927282756,0.119734931257525,0.20846256657268,0.208480604374638,0.177426786181712,0.230644427364488,0.116143570854447,0.203653707502074,0.178920457500873,0.101756436011743,0.106899676009273,0.151172635513745,0.199992691738642,0.0795043762826587,0.0924102862895316,0.326472641911269,0.133729720907545,0.138893911659466,0.144506782202591,0.145487789404101,0.26526099638505,0.242438101687798,0.128307366079518,0.185902194611199,0.133723948238258,0.156082437355955,0.155269133228564,0.123614867292876,0.119258368966994,0.121942766278475,0.0774328702834716,0.155116304804442,0.129471975376682,0.153046355032492,0.200890587895347,0.173631638554751,0.216142401463137,0.144085889608703,0.208516592343769,0.131028978047734,0.182427578833187,0.131987527807246,0.190394423210969,0.161550364762407,0.146178373847279,0.171469235007935,0.0763032822092419,0.148148757371314,0.205624966558686
GSM2714658,Normal,0.0579388266693078,0.106925256205554,0.0789967418402372,0.145144308305094,0.146674556604734,0.103293382381551,0.196043496750204,0.0996716959584432,0.172813352334201,0.162940002130011,0.152653679044173,0.169509524011873,0.130373665137413,0.172420978721323,0.178124708522982,0.155337788717535,0.133568871490826,0.159831255748014,0.157808375176662,0.167003925392402,0.117943138033607,0.220851054378197,0.171745547596973,0.157160554363291,0.100662706245672,0.155916721979078,0.105627939458775,0.15194672460388,0.099393841967187,0.0811629074996869,0.14032446418118,0.0895820192665787,0.144146805936799,0.102883630358431,0.122333865999562,0.121244038458968,0.151948189782331,0.111769773479681,0.123400695067006,0.12036072452072,0.0986235082773064,0.131934856997776,0.0979784633203655,0.114120067615031,0.104151412670398,0.105202219974262,0.111085151761478,0.204039241131653,0.159238096365659,0.131651168402902,0.0935182430809411,0.130252593192619,0.172245417669524,0.144460958553607,0.129370161166658,0.126942971166797,0.173616966173847,0.172488398198809,0.129809234178852,0.168050796405328,0.154507536893113,0.105082630606429,0.104325825061095,0.155053343779264,0.183774847976646,0.149017018868764,0.163356751355608,0.132930797611543,0.169409672909321,0.162938999405072,0.0998359468966562,0.0868174998747574,0.153683849286515,0.133422280378031,0.0954724207659157,0.0904615723944982,0.100004515242636,0.0915539042595829,0.186612232251098,0.106105358900683,0.110972930469249,0.163480336063074,0.162321309964727,0.10414872262205,0.0981060731307389,0.123094248066263,0.138405320593234,0.152180694253388,0.117269590456695,0.109419149020183,0.122389391026075,0.0925459943391442,0.131353794840706,0.113994603072888,0.115094195199144,0.103449254054451,0.158560555504095,0.173125241855099,0.111456472302648,0.137439250264186,0.112071297364338,0.148623687393068,0.1266743740863,0.181748374988026,0.160998574317375,0.130139871907967,0.140145744648113,0.0766485398519354,0.129771430934675,0.170431047841148
GSM2714659,Normal,0.0599921631156327,0.150335777785095,0.105417768955839,0.179753871690636,0.168856521808765,0.163193783477645,0.178328461045794,0.104449855332906,0.184344818641691,0.233883393926186,0.175871242196459,0.184869848125572,0.162999832235046,0.22999502336837,0.225773920605852,0.231425050049723,0.172099791108826,0.218361751846379,0.197051091604198,0.164850921676782,0.138800201571749,0.261891493102657,0.244740516005355,0.226541617749952,0.117432151924596,0.169314511079287,0.0991375675964112,0.148966950897632,0.110880446041347,0.0914661898786509,0.137997938959807,0.109545847556486,0.145977122722029,0.110262056228801,0.142093435339868,0.176474778457773,0.188510446485962,0.155293405967802,0.130332641498392,0.174561065140153,0.116702532736541,0.181435238626601,0.124630804624335,0.140841660428467,0.103891247673694,0.110317997018038,0.0941528328546562,0.275392205767633,0.224348720675287,0.151429817256837,0.108381944739346,0.11906736050643,0.243139289924215,0.173955697974225,0.190291241819264,0.1453889952715,0.251768979399555,0.225604521436664,0.164297904627364,0.232403783275078,0.201292699573987,0.109921806873346,0.128823406666164,0.242674892672297,0.238905119869182,0.197995491544278,0.24101356540221,0.183201144774203,0.244249098024722,0.196428923074667,0.127606243093771,0.124535384520323,0.184425110452118,0.190728448153041,0.108709411680905,0.118564351036286,0.112102104030987,0.129651489404404,0.196377850703833,0.136176424732183,0.127308167328117,0.170502138720083,0.21620056802611,0.11041562070903,0.140529615254958,0.154227234397482,0.150655688334854,0.169553945300681,0.156107309833391,0.131451292873975,0.168449039035403,0.100062297937631,0.16284781701833,0.144993019896716,0.151192706867164,0.1049080876855,0.173640414867928,0.224832951706363,0.141011052280374,0.165572131005193,0.144823026503919,0.174649606503051,0.136410628792078,0.241803765929291,0.160781466388723,0.191855389328339,0.204304544705635,0.0808489901033331,0.19688399816841,0.21672435082801
GSM2714660,Normal,0.0576410838441458,0.155008085683445,0.09949841272592,0.206830107198957,0.183743925891907,0.157442628994638,0.189655240182511,0.116087429600428,0.226173509995148,0.257363378280752,0.195081969290851,0.209262467171555,0.145990404658088,0.254442164664273,0.209531150899807,0.162770791431097,0.195941229078765,0.242347339754602,0.178780400858783,0.179103085767267,0.159988762589474,0.270159862747843,0.331193691906143,0.260053318548511,0.111217451677372,0.199895998204104,0.116720240051813,0.15728743266978,0.12104794729703,0.104311429606678,0.15731069196918,0.119107844271684,0.146275712289762,0.144800012289927,0.152176550889645,0.151397999118614,0.206535553419327,0.145917300644855,0.139344774809777,0.169216588733675,0.115665798251202,0.15245418040263,0.159981649907321,0.176173061814582,0.108625637074321,0.120397767410246,0.10086514445885,0.254706522458996,0.20376539995227,0.158099996609145,0.133525610002442,0.200653365000993,0.260195056854121,0.190865445705492,0.226613221289742,0.166601682135081,0.254744805361999,0.258969658968951,0.170185497906616,0.26713188033684,0.21187852605593,0.119481892460456,0.170461042963768,0.221290619740063,0.250893643398797,0.196435870653309,0.24738991445807,0.204710454151535,0.277398550600562,0.193345350032562,0.124089788339563,0.105135837511365,0.203927757887564,0.179453618695169,0.118025080064107,0.123368461769867,0.125425934374526,0.168680821875181,0.192185789260471,0.137380587157179,0.142237289079595,0.198478572057256,0.205867155007863,0.126528522176937,0.145301625065038,0.174758862352242,0.173132141839439,0.172286496923581,0.164314176174057,0.116263364588857,0.184638298431569,0.137967154355886,0.188833039795793,0.138249939104534,0.171257382084774,0.111372549685829,0.165407735155798,0.243974529567492,0.149665270122497,0.231547468009394,0.158832204790302,0.165272406359621,0.141868424374847,0.237189938141548,0.168982122280936,0.202620455679396,0.210249479667799,0.0890227151074698,0.166227928694405,0.270998506526002
GSM2714661,Normal,0.0650652959600084,0.234321803238483,0.118653192290141,0.241230366376537,0.222889665386028,0.2846751179999,0.334282658940719,0.128241498131881,0.25486212930349,0.340374026588256,0.213272071832826,0.306842041467199,0.225624296930404,0.339146466493285,0.358257967462083,0.31089057079511,0.30149736017827,0.310581248627268,0.307977163290895,0.220887559405774,0.262199841354444,0.396408749676076,0.379066017731851,0.332907107643929,0.178232220445278,0.258659479425788,0.134839008992226,0.136863485245059,0.127928651663419,0.105722884382794,0.15551396522849,0.163370556196569,0.209440875133021,0.196313624882651,0.199254581322449,0.21479836925817,0.25817960461268,0.22033173285392,0.180197037068938,0.174173209936541,0.148870728724069,0.242815204624664,0.222899638584905,0.147410006957699,0.172977276124386,0.182384120745403,0.107097760677852,0.403129629904319,0.350493450368948,0.236401132854601,0.120840060922439,0.144795045052482,0.389671439164374,0.232345040164079,0.260593889424988,0.204888746456217,0.34240483487709,0.331783873487849,0.221538026562851,0.36395175862274,0.277151393964164,0.129983347993832,0.213320400089117,0.378099214828115,0.322984977952073,0.291109442936684,0.371007582164947,0.283331105997265,0.324631878218703,0.229944422970155,0.210460997356273,0.220886003555502,0.201206434645188,0.322842581346596,0.191582791941604,0.137235009599014,0.131626219986235,0.125547755921052,0.343790849238187,0.29921043272093,0.152316640264443,0.254415858257426,0.271090587348065,0.13997476647974,0.254937462193058,0.235457650020054,0.20115772177977,0.243312417257115,0.226558742009403,0.180177246488389,0.262727168901661,0.150421231235578,0.240359931595992,0.17606233833134,0.254265200516435,0.279879493950505,0.22534184608434,0.304648716216237,0.204883412045494,0.202856704223559,0.210434242406144,0.260262656134046,0.198242650577904,0.303337656123597,0.230300231226171,0.29426106270261,0.298220226548874,0.191712244493305,0.27524683676149,0.341699669023565
GSM2714662,Normal,0.073985329472026,0.185410300033156,0.115039099624368,0.207388834581273,0.191309041499527,0.112648349653872,0.175031830816379,0.143633577042561,0.213754768357295,0.244619755574672,0.207640250729503,0.225965795038489,0.189009571979872,0.25308476975006,0.222180517501269,0.191155748076807,0.166319566381138,0.213781576417905,0.157844473622028,0.198463294855215,0.145785317913165,0.260240127604192,0.356070445898855,0.204080072002207,0.143192205748751,0.233070511648016,0.120071235096289,0.198771032325528,0.124368860571233,0.101512331928387,0.191144709165911,0.106945117801174,0.175862617326201,0.151786911120242,0.156726238082071,0.185380417073635,0.217768119413753,0.164959607919154,0.13940630640129,0.220841694791222,0.144179467405424,0.158958354646469,0.157026930276123,0.195013523600147,0.115852159749409,0.132233634075988,0.125528286911492,0.279768336512318,0.180337088498,0.150555727077129,0.123404065475784,0.199298151842982,0.217923853996009,0.200297161240639,0.234085016022541,0.159772572284946,0.264276909053916,0.235206395747462,0.169179973128551,0.242457227240044,0.216444859574733,0.108825215521566,0.144793064902088,0.238912530401398,0.250228654360294,0.188754787940032,0.227673232074802,0.204573531950488,0.263574939446005,0.178272767908647,0.161239387515519,0.0966122502172759,0.222093490197117,0.156448056407849,0.0960618153397357,0.160970466950284,0.121681030518429,0.158305857691329,0.233474468606299,0.217442530025947,0.145628410890184,0.15838342320737,0.173913752451671,0.11988324276241,0.169185624848009,0.148996596539487,0.204607112407873,0.180576252240822,0.181784113226822,0.181450904334416,0.165618480848158,0.128613038254817,0.198551091841787,0.172101782842015,0.14297205818493,0.127082231715254,0.166503140708155,0.23978549778482,0.221428551636116,0.208521007108979,0.180352374755113,0.17227714345232,0.150849002679645,0.255805705532766,0.147134798132644,0.171716108598483,0.202065666628119,0.10705345110051,0.165326040303077,0.263741456582667
GSM2714663,Normal,0.0538410407343909,0.125697835560634,0.0861087287455393,0.161145316650913,0.14157138797631,0.173548770739159,0.209564773429078,0.10443769402484,0.176284361724272,0.202090409587222,0.166745382031621,0.204871423759314,0.120823499458857,0.219721162762953,0.20694813332894,0.157445446681193,0.154469293048967,0.209809704679759,0.15585751391637,0.16961573943272,0.124574578972296,0.264154676334033,0.203898090759868,0.194242038308824,0.108570719644264,0.178596153409561,0.1019737487552,0.128450294443903,0.123723177225755,0.0818359290149749,0.135522868853919,0.0945875139695305,0.139797218375635,0.115800681445801,0.12108454287797,0.123641052888346,0.173524657153088,0.133752507423751,0.140486167937768,0.144592120432237,0.147314720976259,0.130234294281309,0.125758570419003,0.129982863730755,0.0963977936995872,0.119964667988312,0.0912350410940863,0.235641524553642,0.18611560116569,0.156449315368822,0.0950397672794835,0.137086244503117,0.216036036087618,0.14993843298659,0.153508035353731,0.144595819053713,0.214386147289031,0.217723136573466,0.159758295226564,0.216261964877144,0.171501065767582,0.115038249415779,0.10182324634768,0.19603560140406,0.213705849747786,0.177385943178302,0.242958620079773,0.150167854161875,0.220992040694926,0.179271686846156,0.122018913253192,0.0953384629111621,0.166061739128221,0.149585525409614,0.0864370103369758,0.0952413401218135,0.10108868587708,0.0925882007579749,0.228287238272156,0.104227260817838,0.123108084398679,0.15169571523129,0.185714605680514,0.108884627705866,0.123496406758174,0.153014633906464,0.150631571676173,0.15915543453691,0.140326877389575,0.108729931569059,0.152328116035322,0.103647188993405,0.152726923935118,0.107884000764326,0.152946168652871,0.113391076659232,0.169621745370048,0.206353008121222,0.124201030690071,0.152107680660587,0.121292886232547,0.146976136069931,0.12715737020181,0.215273169328001,0.14512787720059,0.18573252101032,0.171960102405261,0.084913080446424,0.164103869244703,0.201574551745439
GSM2714665,Normal,0.0713213011641977,0.184991091453385,0.106259309054062,0.194079270536185,0.170821177790206,0.188982598411592,0.203396186224503,0.11098899347401,0.243283436832861,0.306746005043326,0.192904165331641,0.328710849619724,0.159308033463469,0.303944609331208,0.238383324699233,0.183946335330032,0.216021795543586,0.286063934491595,0.25227123070262,0.187279791163956,0.167938542118646,0.314483357674742,0.365515574617045,0.252613191706632,0.134818917283332,0.210515495818075,0.111363925386101,0.150796742376478,0.105555043880339,0.0973313605293269,0.165017652936962,0.126399352211922,0.143559953518697,0.151877835604682,0.144710157825761,0.173139610177578,0.226364353785308,0.162969935385508,0.141288543609833,0.190750944008556,0.161654296114703,0.16207961677077,0.163150385697898,0.157020980486971,0.103357451454173,0.110075951361654,0.10492762919228,0.268118303566331,0.237902599706007,0.168000302533795,0.103231506240207,0.181996254641474,0.299332926368848,0.206449373307208,0.256300162357657,0.174756896754606,0.301768845420652,0.305432992917549,0.178115007815672,0.315501169885387,0.222259387411137,0.111660101030166,0.157971105583509,0.271132920285342,0.295974401384443,0.233647473308376,0.292788065837765,0.217663436921359,0.298548022708298,0.174966727351967,0.128444023530028,0.125642964689002,0.195378611369919,0.179058710341835,0.116866396645718,0.106706135133167,0.243039194328588,0.169681536948091,0.190198989028395,0.155948609089425,0.163789084157358,0.162921424781502,0.194166024609673,0.12367210608214,0.157118368505013,0.188511804888093,0.172861019319725,0.186789728516956,0.179443263202279,0.134058722432883,0.22125671068807,0.135483983755738,0.20326704106242,0.13793710259846,0.203411217184227,0.130999128304966,0.167842133030703,0.244405391876193,0.201392592686221,0.256557720171392,0.153339562715961,0.195170753458116,0.153354909892011,0.260321161345403,0.185450933020628,0.228812889000429,0.228572113214764,0.0849837083442016,0.196139765663987,0.31654582302365
GSM2714666,Normal,0.0499337642900111,0.109389206834717,0.0908832020707084,0.15843670836166,0.143823342941844,0.107210750363439,0.214196578077242,0.0956666365199309,0.180122675471929,0.170641458948604,0.145678631147861,0.193457614879091,0.117634765015597,0.144915428350705,0.184602887622038,0.129842136647411,0.15586643056188,0.180093009187475,0.156089664194886,0.145946194124693,0.116799195376388,0.191714415895335,0.242922695660254,0.168388856540775,0.103490045619281,0.131948188190127,0.101225772730704,0.104803859960686,0.115238620550836,0.0831716126221516,0.13201832362103,0.0945960731488504,0.132413652104971,0.132774584460415,0.122931630465938,0.124039533369648,0.165301784676666,0.109386983097946,0.135378897086148,0.12518117913638,0.0941388681235304,0.120871206952902,0.12211574550816,0.120893577323483,0.118002756715214,0.119172974748947,0.0945730480202587,0.188218183785853,0.18777060316445,0.151643325707799,0.0930969624733302,0.138819651197382,0.169434419907377,0.142246663417627,0.138038216583597,0.126115777233089,0.187193023985217,0.173830248299764,0.12539783746081,0.171842620478606,0.176257746080183,0.117571579872723,0.10230901750119,0.170215396907883,0.171380197617236,0.159553631633949,0.145767162595266,0.136086164476391,0.195218763009472,0.199575995012144,0.111009617586569,0.0870803079197114,0.157987266439633,0.167029207860731,0.102430580024602,0.0993784904049424,0.103781491833457,0.0774398776701231,0.202098452792074,0.123845596750509,0.120171530983058,0.135264451243562,0.154655416271417,0.100361459812538,0.0845402278223844,0.118914678110528,0.132100229344767,0.144299405602537,0.114063435418307,0.109550569048929,0.129764310000937,0.103027825624735,0.126423781375664,0.113145600206033,0.120108069805277,0.0934927958737946,0.153725640990743,0.172554287420245,0.109323841755369,0.144040273533266,0.123891071310769,0.138762950899645,0.133793319235719,0.171918109279589,0.152797906256162,0.158669922168532,0.156797626386253,0.108026479218087,0.143040707398512,0.15930317133875
GSM2714667,Normal,0.0684514405507159,0.122132935696341,0.0869084520119374,0.166137427329456,0.157286125737577,0.113762791248113,0.193893073306001,0.113582348393559,0.174322492115363,0.170150871228147,0.162913518016074,0.166291600665517,0.119974961885588,0.176271237936761,0.159975296469067,0.146890121720222,0.146518222029994,0.176381312360911,0.136393658423613,0.162240104618855,0.116501419840797,0.189928860180776,0.178017373365741,0.15135377250895,0.123147253981577,0.156073032978401,0.120109999189178,0.154277837842516,0.113622722557141,0.0944502920289515,0.165653477114916,0.0964760456702952,0.146744752850098,0.112660031013401,0.123807014457901,0.149173176099761,0.164648597568371,0.116228114110907,0.13590126495005,0.129956817574281,0.103438017258793,0.137231060455798,0.113220124661132,0.139234822516787,0.116595223527248,0.129108909973172,0.119090312358441,0.19085976483771,0.180410881170082,0.146314738501342,0.116355287277609,0.119254827314553,0.171123153900663,0.142058864355384,0.140666804808406,0.130436931214563,0.166078336757132,0.177456630724594,0.137784886322015,0.156578290129946,0.158757136846931,0.1170706872894,0.157010321821464,0.166007615303442,0.182590042258457,0.150114004676515,0.139356016618164,0.153058746173799,0.174509638130232,0.20060560788646,0.116816704000931,0.0963976796506424,0.192763302878628,0.145288142118455,0.087989640019084,0.11037978692085,0.11310475531935,0.10505305650263,0.189714193506465,0.136283280194331,0.13168230902665,0.158430166446376,0.148000035405882,0.112336648307395,0.103846849900427,0.11019542109182,0.144334910708776,0.1405124586995,0.132705998446678,0.138802971835686,0.126168717022392,0.0967839017516954,0.135163764573779,0.122882365375303,0.11116829278723,0.102201446077375,0.173491970046617,0.195848524556586,0.110626909742034,0.156231072633227,0.123845797904264,0.153065696211352,0.140926118201966,0.189055008325769,0.15152407073983,0.145746571584657,0.142745441348017,0.0856415546902128,0.125033152581811,0.167778120073043
GSM2714668,Normal,0.0798789288139462,0.175025653130336,0.100720717744362,0.17399586090785,0.167371544828163,0.150021856817694,0.243978661590226,0.12189725752056,0.206639738673338,0.179643950606633,0.152325263100106,0.265422701170785,0.114119102420554,0.238874081828111,0.208921110741994,0.154177563927255,0.246167883154019,0.210318582190852,0.204276940366846,0.176367944585468,0.138365570057673,0.235366110154847,0.249324161783563,0.147881233877643,0.133637613736628,0.256920331554244,0.118841020271762,0.119814974234569,0.15687099273402,0.124636904457268,0.13185223066315,0.123277892956456,0.183746269519386,0.136465654202822,0.131914129506787,0.177194991066437,0.186092952768647,0.17248058104354,0.1881058048314,0.194225536581135,0.127901082802051,0.123988862771759,0.113222680230692,0.134247622931082,0.118457874769997,0.172112896681835,0.151806478567348,0.246192669761426,0.20066144665011,0.182851703673883,0.108963694349672,0.181481929109735,0.210476948768393,0.171456148483177,0.167725783065287,0.170274163929104,0.212076680563599,0.205363242706551,0.185314724044993,0.224619608955332,0.209033467485763,0.136757398458019,0.138554875872884,0.240968083700948,0.193571509482639,0.197792668076115,0.132973405562579,0.164584323029081,0.241945115294747,0.183478338808955,0.132094041020404,0.0801176710217948,0.171163310344067,0.19389312437316,0.118714424855208,0.11932063210057,0.15470981669993,0.109859156266622,0.286111216451555,0.118946629191674,0.132539413322617,0.166109404154969,0.252992481813398,0.113444962081807,0.163859888686399,0.163771689728799,0.171169002416051,0.163471288003538,0.156796594866579,0.15053536558098,0.159916176974726,0.137115405973863,0.203541494606777,0.126789129942438,0.187720200466815,0.179490786500389,0.163600199837919,0.209387054147944,0.198121086360356,0.1467311997167,0.129289508410473,0.173472832936139,0.114873420218282,0.228102611314336,0.151182173143681,0.211067825517233,0.162284999037437,0.140111226216235,0.171111007177261,0.183595987070642
GSM2714670,Normal,0.0411662867492385,0.091873060080756,0.0722534137758551,0.134022406104658,0.123317205174319,0.106354176076685,0.185903580718542,0.0772929451909554,0.151640767988567,0.154622618001613,0.127751415976654,0.155348629517928,0.101593232240308,0.173538677407929,0.160080041944388,0.116436112263238,0.137980969179756,0.173758718025638,0.148905576738492,0.134146005662787,0.11009591591344,0.190247717501833,0.140407053118995,0.145021626939581,0.0882156002939976,0.136826456319294,0.0895384906859663,0.101750962213519,0.0982993357824931,0.0668513562160319,0.10971936234353,0.0867409423135531,0.115536154486348,0.0927273426551165,0.101471055549586,0.11693363675784,0.14943982474281,0.0924026401173073,0.114324765625928,0.104208244355299,0.0871468210861102,0.107693919191868,0.1061463848072,0.0829516938858745,0.0862287722799308,0.0988670771146505,0.0678488250606218,0.173713222560195,0.174637264949005,0.14043358912699,0.083316274502236,0.0943687474128485,0.172388338667684,0.121529444518515,0.142849704838475,0.111972824650758,0.176379429042466,0.160499268631156,0.114604299607673,0.169915683911937,0.150524219577757,0.0950738767182524,0.0802322869325422,0.171403715740465,0.179886150339287,0.135765901331934,0.157575982774928,0.127678477466029,0.177080524367076,0.16354127450744,0.0888542640183549,0.0825403704808229,0.135201869985588,0.147517581739757,0.0821435555967135,0.0653574286585934,0.068879999324611,0.0611316056124335,0.158231190556402,0.0965452889709674,0.10080089061973,0.133512350689373,0.155549020881743,0.0895854505054374,0.0617670186454792,0.125425231555429,0.119162783738293,0.134798588813167,0.119125298384228,0.0901458321879484,0.107216543795974,0.0822946146971891,0.118081919994242,0.085032206554236,0.116118426242376,0.0983090843798634,0.132980195041612,0.168439278270329,0.0916678193937912,0.117879030068474,0.100982961615098,0.130841511246951,0.117931824951773,0.159215984271238,0.144487829123522,0.148252018205187,0.145248046179998,0.0702548213220573,0.12141679643938,0.158417670234411
GSM2714673,Normal,0.0541640975459652,0.188510833310283,0.105475233640771,0.216317946263571,0.212202768943017,0.189041808033232,0.245300825186677,0.112181515867079,0.210455878237169,0.309786705750001,0.195625733877848,0.290358367945402,0.193517044227883,0.32812365202458,0.211360431048825,0.193745153886898,0.203070971121632,0.288972722731177,0.246494743285446,0.201266667986802,0.193402313463976,0.328531765229366,0.432964067355419,0.25333786977456,0.148150300043219,0.222224513316132,0.108153803108369,0.143951296715569,0.101523268574858,0.0892046252976383,0.138091160423416,0.135126514159122,0.157291800389636,0.18116888761299,0.153795362182994,0.150548798439099,0.232898099998223,0.180717966958197,0.130020372489401,0.188947776080615,0.131144159321893,0.151841079976535,0.172924484544567,0.14478755745505,0.0963705774326632,0.11889440045545,0.10195351315093,0.335558738146803,0.263928005771889,0.175900466749702,0.142815241491998,0.152850967016123,0.375495062934281,0.204760691463505,0.279574916512739,0.176589025775559,0.305972428899667,0.308225521936685,0.193178482842155,0.308526611786893,0.228613040722469,0.11344256208274,0.207155899881651,0.355025483867797,0.307316477354872,0.243285788337945,0.319156492355104,0.257631682539428,0.305027934215945,0.185044985494818,0.135772134144604,0.142300623464746,0.194214780755251,0.249406148536512,0.128628552741476,0.110052773243448,0.165783361466018,0.194480551991568,0.271081917996464,0.147761114606993,0.150873615906151,0.26713036294809,0.248711056879747,0.121261845983039,0.211919556337332,0.208202799589169,0.17433620614336,0.184731972766687,0.191580106005943,0.128832537424055,0.222162403648924,0.145571115525256,0.224195712766545,0.164457492998067,0.215162484006889,0.239479347282808,0.173448609707692,0.251698303399249,0.225519642951007,0.265686724293089,0.163946789388699,0.202621945494571,0.152985484314727,0.278218711300891,0.176786878973616,0.268550347556974,0.252796392534192,0.080245434408364,0.238713052628698,0.326609163175489
GSM2714674,Normal,0.0532546736790502,0.101713221230921,0.0770086788669858,0.151704292557909,0.135398005820257,0.10870276859982,0.191564488449763,0.0858341317804321,0.15815762450639,0.191833382942255,0.138499743913694,0.192580578421139,0.114119832130148,0.184540650170105,0.17348268474681,0.131043137612961,0.154469575460376,0.175561905705111,0.166134555516805,0.145847565239009,0.107292152890842,0.222435682907863,0.267479895869647,0.163333374943613,0.10229560950385,0.153632818450859,0.0950006824616899,0.109437847332706,0.110320235430354,0.0704434631817414,0.124913704362449,0.0858443975553442,0.12185675660344,0.11073246689767,0.112182355182561,0.12631805572433,0.152825929353691,0.127389434187491,0.122465800468244,0.129089911362062,0.101450972729299,0.101264318306383,0.131519919741825,0.11138277553263,0.0955190737317253,0.0972965482957163,0.0793968252971899,0.195391880268816,0.175396474541974,0.137960026638098,0.0866420575489722,0.109758062193966,0.202628720362765,0.141221994015871,0.152794756849109,0.123602252197087,0.187606435055352,0.181585203007961,0.129437431498819,0.188164993414874,0.155908711200469,0.107402911356877,0.0974347175561807,0.190863155225361,0.189654780677897,0.169092610358912,0.193144756081633,0.13771706860227,0.211796330111567,0.191178294115661,0.10175304135812,0.09036838680462,0.189715306333735,0.155358528897705,0.090144276849939,0.0952555561675183,0.0975016000885818,0.0753916391268342,0.168317906846183,0.1054466385932,0.125663472847527,0.153128392608132,0.164670741209394,0.0937239002047773,0.127119865539503,0.0933741477599086,0.129515105499825,0.135665388917592,0.12339828081711,0.1132177824994,0.128791227896544,0.0818634756432408,0.11983891149497,0.102571305291168,0.126731715948958,0.0807168449888764,0.166481614658859,0.172826650891892,0.118648790110141,0.134899026526036,0.115767741350132,0.145087785952998,0.138112565392371,0.185511741694203,0.1396931123369,0.157267524055629,0.16122032303274,0.0628780809183219,0.123205839823284,0.183507033139998
GSM2714679,Normal,0.0533438585639491,0.106915622000069,0.0931891020879879,0.139443649938475,0.130106854356977,0.139250957561163,0.234079937942913,0.103462883674869,0.184766777036318,0.167319091788866,0.142028756099404,0.195348155997305,0.12648735820932,0.198142092711807,0.213532631637918,0.164350148130857,0.186354782399011,0.184896259075654,0.165905309051023,0.171633709409701,0.126683028489213,0.20986821666312,0.188781597286868,0.153736881610441,0.120749597431194,0.165572600430609,0.0925997913902339,0.140708502988461,0.131408996365801,0.0844111478577206,0.132855776492179,0.101199834003265,0.161929624377563,0.097456448446771,0.129905976871465,0.136546879137696,0.165499809617711,0.120749414410387,0.140403092587587,0.110410795694727,0.0956852905510546,0.159183267370416,0.0951156167788892,0.0956717131427139,0.0904307488612337,0.128916428613858,0.128793563968447,0.214990834273001,0.173880035978286,0.150755657015923,0.110192935768525,0.121895655332553,0.157576197972692,0.140673185365505,0.119571391734661,0.1339466350869,0.187141552532203,0.188009310280114,0.133464679304706,0.178851012589991,0.162972703253804,0.112614399093817,0.12970257426018,0.186553003005926,0.178207147873582,0.145626518292844,0.146677924421522,0.157537512230232,0.199152968052614,0.181939370396977,0.128819040918509,0.121668828169335,0.143616038677863,0.172363187992012,0.122413631517145,0.0890594132573344,0.0866062601249527,0.0784488533384958,0.195437709953647,0.119360907237184,0.100616333890025,0.167907920609779,0.179924278115258,0.0940455275629162,0.103458147379078,0.152201633591368,0.135123902411435,0.158967175712205,0.118902687402428,0.106962682847137,0.125102216190942,0.0953866185760158,0.125347508179387,0.105237213908845,0.120312684896599,0.128829310225689,0.166007451744382,0.174349095829686,0.118754226020278,0.155542909139724,0.120327973070675,0.183573150169542,0.141730670820659,0.204734805988971,0.16435297539158,0.178508217475716,0.159410978221455,0.0935551389792393,0.149350013731839,0.177200294815199
GSM2714680,Normal,0.087073399054145,0.202615956295402,0.102471356502927,0.243627489313701,0.205281815877151,0.180629510463584,0.240378185034095,0.162509398307116,0.219924069432085,0.239986495258685,0.236619249439004,0.255777224483103,0.209692825764883,0.253185482159614,0.318679395421351,0.232074411240525,0.201595619247925,0.205590539001579,0.231027383010072,0.235665371457237,0.177709031401908,0.310145152586349,0.35460748262552,0.200305019851101,0.137422513219042,0.230789708670608,0.114117779205473,0.189230912216498,0.127554451313816,0.10526116907079,0.192817176383784,0.105045023840893,0.203449670976843,0.144857056920157,0.167017344688131,0.185612751059713,0.225348903689257,0.166487796819649,0.158370389800789,0.185492575161203,0.112664662657566,0.182937549135445,0.157409435305944,0.206662951659207,0.111422992093961,0.149562316484243,0.133514616533689,0.329025286004093,0.242044709745299,0.176649271343621,0.102664260225735,0.126111544603385,0.298443875290672,0.212167541387608,0.197830280025305,0.177771439147088,0.260959660828037,0.236895740046026,0.179331798668099,0.245557908131282,0.222097964638845,0.119386232296572,0.166043791051212,0.291483920549019,0.262962406245008,0.189526668782853,0.268725727064278,0.242431631215748,0.259168043593419,0.183996675949213,0.18674508185973,0.113001236531842,0.257956577374503,0.174751780666961,0.103139319589936,0.166239420919327,0.123682213753478,0.162752519081096,0.299572604469312,0.164226909956793,0.12105245170878,0.182551615995783,0.230404079974994,0.146743787154998,0.16814233048941,0.161649950321002,0.197115201159512,0.209476075124776,0.200982497192576,0.187344688382026,0.19931502843084,0.146477591993776,0.185212756242106,0.174154467401791,0.16694667002399,0.145443359946536,0.182885673574313,0.258967946873186,0.15695544154312,0.198833501318784,0.196954224589054,0.233692476228532,0.18974296959157,0.274722723714507,0.175718687086762,0.22127739556437,0.210044421799088,0.119624772049989,0.221191196604524,0.236864189062551
GSM2714682,Normal,0.0765747426854616,0.185214969226777,0.110108496456336,0.265488384924449,0.235460717521502,0.190204098032582,0.168004794150239,0.132924130851741,0.171110125800645,0.31280924884182,0.185177879895903,0.157454252408958,0.134549260463528,0.263731064229132,0.15837374255992,0.292074264344338,0.298707354759941,0.272519190474684,0.190847098011901,0.178099116530651,0.208585711053789,0.341176370510734,0.324766240238714,0.301043838805168,0.184973899688828,0.236030983587421,0.119102191823625,0.156966553243647,0.115487383126614,0.094938304707629,0.286826074202702,0.129145675904463,0.17269197001153,0.221630878490181,0.180286752998621,0.181595674011109,0.229885860138791,0.189716229776347,0.131953498239771,0.173612204129269,0.294981911547432,0.248921697708832,0.151875778937985,0.15557809193302,0.10886096130785,0.116812773510565,0.102086263272109,0.303677205276797,0.252039699713707,0.199496874040167,0.152547512694792,0.0945773204381231,0.292637543029145,0.197334605550129,0.22266579728151,0.175994480995835,0.312382166895982,0.312253256205378,0.173090333314455,0.249032542955501,0.209831547290355,0.0989654463680393,0.185214350058419,0.309150926975525,0.268829157805308,0.219198576308279,0.332663150359591,0.200205700926537,0.296699489412551,0.204293196285339,0.154708705161046,0.134415038156954,0.202886802236442,0.255319281787514,0.081961825872774,0.159996305943413,0.288972637825696,0.233008798169241,0.195916919368818,0.220400292314534,0.142184764349207,0.340695093178208,0.27239588396424,0.152846429366149,0.27733230476711,0.198953951107278,0.204730587261469,0.217182371588205,0.182313075344317,0.164616019302947,0.192538302725235,0.103588296427676,0.227538321003528,0.209033247433884,0.209159285398071,0.121569834582735,0.213520695062802,0.288778093765934,0.205196475468204,0.305842560151994,0.173510683354036,0.22324790613646,0.161025608602094,0.283145221411962,0.182146380469623,0.267822210572022,0.243453124630958,0.119316726371492,0.288799097440368,0.300100479712312
GSM2714683,Normal,0.0825278478160463,0.15472343520434,0.100090206192322,0.214414602407388,0.173345717637614,0.10558330293752,0.168371986219877,0.133821881329425,0.197021621085546,0.218883405220786,0.207113058947308,0.193612335627145,0.136599824115043,0.239337925811509,0.213674793156365,0.176782336954535,0.166627606015071,0.211900631113312,0.139008660195884,0.185842978010664,0.132243918883382,0.215874100111035,0.33296280877599,0.200372479939248,0.130160398620083,0.184265299746249,0.10993900820696,0.167434608056886,0.106277638456237,0.105678422121469,0.161377779974024,0.102661051470387,0.156204696907594,0.133571617318587,0.131474559309518,0.185963069757904,0.205169556731525,0.148531622378666,0.146700811699223,0.189962692038518,0.108142121979668,0.145475240901147,0.179124265046934,0.194303211399485,0.111464181200338,0.112570341368824,0.119969939308085,0.225245772123908,0.197939239181474,0.149517144244989,0.112130092585527,0.181504259422772,0.20884349933272,0.176957862558213,0.196902783851463,0.157689188973749,0.225292887938429,0.198072928861135,0.16674143466568,0.213862190665058,0.187575615186702,0.104325026819314,0.166605479843454,0.209099141595046,0.238370689159524,0.184228354726703,0.181413148132824,0.180751938100908,0.227486469539988,0.181002837511729,0.14193445929108,0.103352163878596,0.206887777823806,0.153341366340559,0.0853981696242475,0.119888546154816,0.167524039685665,0.153461917526744,0.214663668943714,0.171928401652201,0.143869251576051,0.153176085654039,0.20388276031277,0.118207423660688,0.126614458916747,0.149589634203821,0.168272139992871,0.168688867485327,0.161168380673255,0.137568033779807,0.158409652853156,0.129524412971131,0.160004833597183,0.148932926188343,0.135184148107901,0.106807778294357,0.164889051482559,0.232849777149927,0.212925825988018,0.204068869042264,0.15238549785393,0.161759671918644,0.147728528861759,0.243630788166577,0.163109167697802,0.167114452420258,0.180980371216308,0.0885466017569702,0.151837621638598,0.222158533963908
GSM2714684,Normal,0.0894326739641405,0.176654445227373,0.107586395393842,0.195785034076543,0.179806324905236,0.142830610829576,0.264136779537905,0.130177808771151,0.183127811677639,0.202999983385113,0.181314714213167,0.221671037134664,0.252036567756228,0.220021834347302,0.217835902830119,0.180674088949297,0.182309629699646,0.219485382864244,0.19228138827446,0.176913573587586,0.140108284901144,0.250148706501542,0.232884963264256,0.222174048616798,0.114527225213803,0.215168344930451,0.125801010921875,0.170020678424406,0.129833456101749,0.108528522396059,0.192336625509608,0.116179632978929,0.156629500926656,0.130797749511365,0.162884099758959,0.165132011341877,0.199260042197315,0.149238051094248,0.143003988860887,0.136063379624169,0.136025230693728,0.137811133060902,0.157493927936154,0.151174272065449,0.128270361462324,0.108626193424928,0.121711651547273,0.245805724053613,0.214082706780122,0.161242007898406,0.120808200994537,0.163715435539415,0.229516390317988,0.200294302656889,0.200108682582357,0.153701718862563,0.221773530348226,0.242546158655939,0.14514616752826,0.223224244379925,0.186540862034931,0.130033353704645,0.188422094885313,0.193938378182221,0.225191886635726,0.212021769774443,0.196525546625361,0.18278629652084,0.25821757728993,0.244489983573292,0.13207944083497,0.120989178281385,0.209835607518721,0.194315482818445,0.124537178075615,0.113134242604509,0.161514448878744,0.128967170397149,0.206464224602763,0.149508194933975,0.132573676425869,0.177277582405667,0.180991315076008,0.134151056636008,0.130285587967433,0.142742221341453,0.170659153743323,0.162858895468147,0.160475096070366,0.143033308517993,0.151952443791543,0.120808568611721,0.212617235179424,0.144449378381192,0.158908345817827,0.133466266391395,0.191639192977912,0.190272510299628,0.116962894115321,0.166999829490258,0.158481691749896,0.189745799991789,0.160430752966911,0.225949727927611,0.174992741219236,0.196380494076308,0.213447605419861,0.0965768820751419,0.161605182835525,0.215715725505812
GSM2714685,Normal,0.0534214137169324,0.093598074962784,0.081022330516844,0.157093513780043,0.154828615770881,0.0959145738691437,0.165528333332602,0.100727048170565,0.181784431464391,0.197859058730067,0.150804944677786,0.155983186322235,0.109557534917662,0.186725518601221,0.163920259967389,0.132152476708638,0.151274565440543,0.188414439268927,0.152346805748775,0.144319365537447,0.103307748340567,0.1971575403481,0.253199428881965,0.14955280513091,0.116889884476263,0.167020904042421,0.119107385502593,0.119633991036512,0.110189340706777,0.089525563182591,0.127276151674559,0.0938210813448835,0.124257617185804,0.112057287583699,0.118012255824125,0.142150096897938,0.165768125131861,0.122007239267336,0.113652301078759,0.132116160270887,0.0898129568853248,0.0954049162981944,0.118671138541297,0.132646159652046,0.111355687200973,0.103987619546776,0.0992231566176465,0.209059310957402,0.163439806412797,0.141715422174293,0.0897126423144379,0.196009725002001,0.13310561512131,0.151094695015072,0.153012316171313,0.13431109466984,0.198172122631826,0.193479911329855,0.13421797640743,0.174592956113998,0.153371503584887,0.0987973950118511,0.102397886443713,0.178993167224787,0.192332378007497,0.161288412487208,0.15893752758594,0.130501403130382,0.208160920038756,0.181585548184035,0.0997982464431904,0.0779521867516222,0.165827753903682,0.145334832883896,0.0889117884743923,0.0967470659298029,0.105123461942114,0.119894745793096,0.159973533305539,0.119412061516935,0.114509409479747,0.167373940261749,0.182894976363314,0.0870549765868802,0.118315280374111,0.0993444171098585,0.140383770068518,0.129069996769888,0.111746331431712,0.100523075626814,0.129105661088574,0.0993917145567432,0.136034599110959,0.1093063863637,0.127435850779764,0.0706533646190016,0.164128285936091,0.171647918130078,0.11624892722132,0.154784459016582,0.11607680066541,0.139842578956705,0.137145176989863,0.172236869978907,0.144963501421918,0.121676250883202,0.152807653004383,0.0784464465549088,0.120420860492792,0.200479412568205
GSM2714686,Normal,0.056768699487837,0.107915535977289,0.0851094346609523,0.147439758319082,0.139201388924823,0.10563925049178,0.166952178620614,0.097571743590661,0.155746001193131,0.162475032073615,0.163430443769633,0.154201398923062,0.124355332616602,0.161229421249736,0.172024474907606,0.123063729462377,0.125723760084151,0.161496069121219,0.142125594420005,0.147795961567759,0.110171468635656,0.179356439018338,0.205803818081563,0.173742677799021,0.109480726545951,0.149653961126295,0.0932255650545303,0.138745406489637,0.101387404114715,0.0870435908000225,0.13086622969668,0.0903006675783367,0.130996576883775,0.110265858130635,0.111954879152019,0.116092801226173,0.156677929943192,0.111193173031377,0.110904965133596,0.144155819912366,0.0924015291041063,0.121011724252736,0.11043757485906,0.121756933681459,0.0930756159693188,0.0977201598655517,0.0890826403353877,0.175418874609187,0.151153677959414,0.122170582144057,0.0881704992069657,0.119041966104928,0.164957911293737,0.127987121824024,0.158287594106383,0.114505840706526,0.160738298703945,0.161459118520087,0.119196841024268,0.150484946283848,0.145806716549772,0.0945945490637821,0.110508946521158,0.157255618681491,0.172970546340999,0.137885679960626,0.13552348922712,0.145157320287939,0.178144575421303,0.169341715930372,0.1071226559924,0.0830465408322344,0.161464943782225,0.130207127764596,0.0777152986898678,0.101070661604026,0.107123606009293,0.113438195588499,0.165503952424042,0.111491832210213,0.119742042134108,0.130026433686302,0.149128464981201,0.106717110255904,0.113148530616992,0.108279436936894,0.129924231706941,0.152876757683324,0.114718717922115,0.12791434528881,0.121679082849363,0.0963129761521546,0.122483215991664,0.112660110233375,0.105730840036656,0.0938815843070929,0.149109739815842,0.177691738072783,0.138428896212117,0.135865907768695,0.124749587705362,0.135288498569047,0.12801870317078,0.176618283714045,0.140618459850645,0.133320044363508,0.137278366792949,0.0735593083705817,0.119587681313606,0.148868597194593
GSM2714687,Normal,0.0642175246788627,0.116323977493023,0.086679602617119,0.167165844155703,0.149780431945953,0.112829485018733,0.180429370822445,0.107307831797485,0.163037265657293,0.160569219020141,0.172445417173504,0.178214257334726,0.130315984364982,0.165667825167315,0.188006982504338,0.137816524163507,0.128572829481475,0.164365963715374,0.134642492630556,0.15183635547153,0.113781092642927,0.180345777571712,0.185603938982648,0.154769204064971,0.106596312749211,0.157254014133211,0.100259428478775,0.137189491423581,0.119142287325268,0.0932718375170572,0.137068019750136,0.0892843815764267,0.134835664115747,0.122951257672053,0.113995371434474,0.128287758664269,0.155659737425857,0.116709264406932,0.127762375756519,0.137235720653832,0.0922998646889409,0.108053802045396,0.121119167813991,0.13387268142585,0.116420428407292,0.120850575773269,0.0977301846912633,0.171043256627908,0.152908643865169,0.146451429079417,0.105801496698839,0.14567635040723,0.152132379039153,0.146728311250294,0.150878137878776,0.125069019861802,0.161818973000409,0.171630140765445,0.134656047541542,0.159508924800947,0.152530486252548,0.112304945482213,0.131712057166473,0.137628960019724,0.187147735295906,0.146525647677313,0.130859407530853,0.141259117254619,0.172250039603164,0.198767052689703,0.112585706298452,0.0791948275019847,0.196710469280546,0.130111273877063,0.0917892288807277,0.111877561825687,0.0891069970978743,0.104730278674248,0.18679771898848,0.130341824085455,0.134970820823157,0.143649367947988,0.143669574199825,0.112280964397698,0.075241977514497,0.113040069117197,0.144970549989085,0.14890518580203,0.126131705276487,0.130679230787254,0.129907642550534,0.0996706121566922,0.133212121307119,0.118129454437401,0.105540131841401,0.102060586665002,0.163177384398273,0.174374220932192,0.114202796325278,0.148357707711829,0.128347703025409,0.133022244813115,0.142004929443651,0.179992663804403,0.147991615122582,0.127560279179007,0.143862212790913,0.0810623764080842,0.140596741734722,0.168299022074195
GSM2714688,Normal,0.0672895663940098,0.113527402430817,0.0988832455254618,0.150136012647823,0.167388816904299,0.132061296511909,0.185992125378528,0.121508595808346,0.205831959867427,0.163512704840208,0.140179754274809,0.197241177845398,0.114657427622522,0.189275977992393,0.183226420693473,0.156509023298714,0.15161601795468,0.170900693138974,0.154991491071523,0.175827277579194,0.121407568316634,0.204151718571308,0.21734202635161,0.15191950543625,0.118545572639108,0.205569031980928,0.122397205216165,0.146523179660287,0.138212779799908,0.0986653299236256,0.138955893566928,0.0966792289411628,0.153177678470999,0.108999613517796,0.13247473555077,0.160593311547171,0.171588880752672,0.141526267797374,0.131719028934799,0.150347741603398,0.114147284990179,0.141760588598821,0.116222984785977,0.127196077340339,0.100614451019006,0.139220012845771,0.119546478642705,0.195702575096116,0.19883639124117,0.147936176685593,0.111501760943451,0.115790978362575,0.156748161582978,0.151667677313733,0.141433232158532,0.132964736612061,0.158190868029067,0.174847853326566,0.15307350272031,0.176269378219894,0.159936798657177,0.112268194563993,0.106759088742361,0.156129921256505,0.171449228274621,0.143473697200985,0.12015754219432,0.125621178388088,0.191888757450307,0.178835680157306,0.114832767010647,0.116941094187016,0.17194904219509,0.155980435829521,0.0882011880038237,0.0998511574286167,0.10865748904999,0.111515613415574,0.212038389491756,0.136422692086608,0.122992183274155,0.187079823963907,0.198065147661401,0.112722100156742,0.0938527020301393,0.105779580640417,0.163868677526169,0.140233473257155,0.143706890809354,0.123507115816271,0.126015773348128,0.106410730844153,0.146394247533435,0.147979839444439,0.125564885177213,0.164542590121429,0.179757985691179,0.167237950022324,0.158918528421735,0.1408951830837,0.13275038643943,0.146378731713854,0.136432637700839,0.200359541972336,0.150715918945402,0.130132532700823,0.159861658410953,0.0839929857118142,0.142498617654643,0.16720888300854
GSM2714690,Normal,0.117130331440948,0.283749460961825,0.176554908584393,0.261809183338237,0.238767103216168,0.186905750397866,0.207198951829886,0.153645078012145,0.228683127731958,0.276437338500778,0.22882238276427,0.261698625085257,0.300799352908081,0.296194456987156,0.226879969877486,0.204896346865731,0.210957563379427,0.29672328481045,0.231471643708355,0.222883278929128,0.186093144799637,0.302792285978746,0.295509296768569,0.291915024731297,0.189618067282547,0.225638139784729,0.124579788200872,0.175243959965084,0.154441685538884,0.159191693767585,0.230048024629764,0.155125794544141,0.235149159292223,0.206444109681593,0.2019980010734,0.195760221853738,0.238977866213782,0.169222674892839,0.135746965440633,0.207845149574381,0.157581530009889,0.222438447058498,0.181384811834988,0.209890097017206,0.175758850051713,0.137006521010275,0.151781435426634,0.317127722355762,0.260195200775023,0.214203334037465,0.130931677506432,0.209721021450176,0.28598881067853,0.20006810080446,0.248527574139861,0.22085208756846,0.284139909869177,0.277903023679478,0.200127150233896,0.266259536070064,0.234804120293319,0.112572620687894,0.193421562755287,0.269652150704709,0.294279903316384,0.224266468049245,0.30775942838565,0.24003707054455,0.308856971133743,0.244909936165891,0.139909366056203,0.188312684080308,0.217043706783134,0.217124384006541,0.152137318303086,0.141040020247797,0.191598033150994,0.195145975826088,0.233542637551456,0.192231307097236,0.20386934789585,0.218330502326737,0.221688943932628,0.1669459684024,0.16350262913657,0.206780608316977,0.196903462159518,0.20137408131089,0.19012446201731,0.217247016472504,0.222583402389907,0.174714516525498,0.264255564800203,0.208876829301261,0.216420504263882,0.166197130204854,0.212168658833926,0.233915760022433,0.225538526601485,0.24869852150478,0.202465620801387,0.222516940045329,0.210171613028826,0.286632417656851,0.243891756478353,0.26936670957326,0.266791893661846,0.125646793062,0.213784601030059,0.310689681594937
GSM2714693,Normal,0.061870746037079,0.143149142028357,0.0880104323723493,0.181743595848935,0.171454892833736,0.115224656975571,0.1699812689773,0.109557735190707,0.179951782162479,0.218092876945311,0.174684069011213,0.188864276912067,0.165770537503667,0.24069309516467,0.205833485336359,0.146961162955355,0.15906048867637,0.198472479383872,0.14080433937569,0.161023051353913,0.132870155788771,0.256060349709445,0.29712518571025,0.219786642427197,0.119151974006965,0.17695090924375,0.0930301235275985,0.149962630811195,0.103804281500106,0.0933380540140224,0.141273580407266,0.0959219009710429,0.14489560214558,0.125187940317539,0.126340451556916,0.13969885478927,0.190261653647707,0.139775836772121,0.119545386385715,0.157649415590269,0.0997121478457156,0.136842308485697,0.140349087875911,0.153832888370183,0.101990364722726,0.100028865977676,0.0893330725360826,0.2637286842559,0.192345060274136,0.140327548827415,0.0861712781038974,0.159104384181073,0.224324358118875,0.157227646938364,0.184459854842017,0.141025908773521,0.213162601028094,0.220264032227896,0.157054925770211,0.219182109878223,0.175076262966938,0.0987763453181565,0.135261436117007,0.23720696130713,0.222516212941181,0.15994299039176,0.232408992601302,0.18461646583274,0.229124745679572,0.171389057337311,0.127998655766674,0.0756410578453601,0.184915229299357,0.141891685946643,0.0887643400075973,0.109857011801427,0.141853802189831,0.141857255242933,0.223463875184555,0.135238503213157,0.128291063536539,0.154320669653116,0.165689472860035,0.120281031919359,0.127087419328366,0.15125033443277,0.155636872089492,0.158823994116388,0.153410140113239,0.156885538727947,0.154537270832834,0.105241159206943,0.156756584466474,0.143940081401796,0.132446921109596,0.0934956544623376,0.160488954763687,0.214137586488031,0.185022889823457,0.169024541880987,0.132162777033477,0.150885180296866,0.138874468249847,0.231713758920811,0.152828474867174,0.190076887813764,0.167971136604669,0.0802728592354206,0.17027072247821,0.225936407483427
GSM2714697,Normal,0.049610304445625,0.103874073138105,0.0872519515015917,0.166804999126747,0.11115683755096,0.112922034227046,0.264639612312128,0.0884156375571494,0.166615302232656,0.211358651212008,0.145019032957384,0.199453235878272,0.0971768020165768,0.205695921442039,0.267752308121922,0.152352075702799,0.201291795776849,0.21664146364717,0.159427671572645,0.149128597029018,0.122815232968913,0.265916140718793,0.24102545843318,0.179159530016894,0.0918507114332723,0.19788253485478,0.0990196063123924,0.104803406190123,0.126172880505398,0.0712049368278252,0.122882773763969,0.0923732781340231,0.135732928167862,0.12627799264654,0.122879836266759,0.154809462205612,0.169247591680585,0.132829313651484,0.125313912280844,0.103483938694707,0.101192213015142,0.0849572050765516,0.0985318171790489,0.122361318826661,0.109999619027168,0.139837345897708,0.0766449832942235,0.254964427931828,0.168392235839751,0.150427258407689,0.102277155003059,0.121949793574111,0.193657994722955,0.152818344004641,0.140728236991852,0.152181119352271,0.218962264193807,0.192755367166593,0.158031265913725,0.209552746483073,0.169709608875186,0.100329302448589,0.09366374343054,0.242974840129738,0.216466016361006,0.166501997373521,0.252019233083513,0.172465992692446,0.251421492857704,0.172168609419032,0.090748672706946,0.100265587960132,0.162971474911173,0.167410007157911,0.0942289286218182,0.0857913642170698,0.0705064467879019,0.0653764339172637,0.255681893883749,0.0880216773835428,0.116375582796402,0.142154863886333,0.229703507433175,0.0984246776111514,0.108865749434235,0.146386307562323,0.152563582917737,0.149112991147774,0.140572996014955,0.0906214184270039,0.139063421678093,0.114676207810742,0.130452935307427,0.0922217947688949,0.142561539675425,0.216646059866409,0.169086535212607,0.197559952036187,0.100250295236431,0.129438359240313,0.122888811012984,0.143735892807995,0.127433302765488,0.206440901754489,0.154576306625322,0.215199629651165,0.173005941763003,0.0884337788617184,0.160843853812519,0.190612626714323
GSM2714698,Normal,0.041951464420897,0.103233152146239,0.0795715642308463,0.150357417110823,0.159884865349233,0.107778939309261,0.154637657163278,0.0850095941025677,0.166354819845429,0.210290801722112,0.152561284039607,0.208056575363414,0.139579010640678,0.21309969049657,0.173688558618357,0.146095364880252,0.145689597776858,0.228267642012354,0.160943226494536,0.143883721937489,0.119525036286022,0.233597710943875,0.246532228540148,0.204345103016009,0.120936351212616,0.157581917318619,0.0926239738128122,0.121426567358525,0.0902390258201995,0.0791973606144618,0.119654894223623,0.0922628841798322,0.12248496815398,0.0998580100635628,0.112538581252157,0.115284563226961,0.178698326695491,0.162205075921387,0.10632433580353,0.137784597882232,0.0883601765994868,0.136316995324161,0.107940557823631,0.108929467817737,0.0940235122560859,0.0947322247549166,0.0853909250201243,0.213113293528199,0.18580402216214,0.134298001401353,0.0927785136979776,0.150770819425065,0.195611395797285,0.155358743838846,0.164627002340579,0.137670948972401,0.191740752800944,0.212423763636712,0.144184848854053,0.185531011230463,0.189265088197315,0.0965105248472132,0.131580271700454,0.210312126859292,0.229971334031392,0.186439077146937,0.174752517547197,0.165255087826231,0.191303135349813,0.158098765504337,0.0891552658728504,0.0731976189834632,0.156758275147639,0.151124655579665,0.106804514025057,0.100828905801963,0.137132999845027,0.119331738156553,0.188045598826137,0.104056224164383,0.114999172672058,0.145118379337672,0.171293542287561,0.103431960452765,0.151623238140619,0.130385780847763,0.138891781952365,0.139960909267157,0.120260234716128,0.105441872876107,0.163761074615169,0.0981029092353492,0.134350107218269,0.100435184411463,0.130162179198868,0.0783175582853317,0.133244548722108,0.194199691036926,0.114961468180604,0.147079390728229,0.111243296804855,0.167470941684861,0.11650328831613,0.200250841488068,0.130126071238676,0.1518465195271,0.163532381435595,0.0748116357487272,0.156086304906902,0.201013519135345
GSM2714699,Normal,0.0545490064638065,0.152188809576068,0.104069463701261,0.188414352884359,0.167927880217791,0.161037514003866,0.316703072087135,0.108226660026309,0.166960964437592,0.250290844691133,0.181915690296177,0.221904926090438,0.135797990664444,0.252756702879309,0.280386951365893,0.207129032724365,0.217695957012108,0.257690742663153,0.188697435474173,0.179633451020947,0.143044695182415,0.341141169115512,0.377323889935104,0.232192889855217,0.0987523144112259,0.188332046662575,0.0980233849389354,0.129930743713649,0.152224478533037,0.0748826758054103,0.139925630138851,0.0943487542801591,0.173800365966498,0.128790613085443,0.133351635587218,0.182332114479092,0.194798199834536,0.155155006918346,0.14217973245771,0.148895952226193,0.182247556936768,0.119659565323312,0.131093730902775,0.141520447763337,0.0989492267246457,0.128738912829628,0.0897034293441377,0.276033078908941,0.23283424024839,0.183886395355915,0.151006553486716,0.128189604286542,0.297131976226116,0.187273206861149,0.194335084337565,0.167612719552429,0.251858282089029,0.236574495299231,0.167603210886839,0.265725812646726,0.202743230491501,0.114432188083993,0.137902464221484,0.271742430050084,0.250323187093707,0.196348320348063,0.311009671286185,0.221973679286376,0.268058572679849,0.182063775680008,0.134760665087549,0.118536408419195,0.193084167709977,0.20658711515492,0.0975379905977741,0.106391782758451,0.130137186391343,0.0861993078349197,0.280407914329021,0.133339691111115,0.10979118964483,0.142782941975001,0.261345793689014,0.115624225822026,0.146755784941808,0.171983978582632,0.159129713732517,0.166754461371496,0.193294183222505,0.13253643247936,0.172627845555148,0.123720524449103,0.152714306035643,0.117219329626728,0.175628012169342,0.206113306170486,0.178709166269316,0.257240674250824,0.159160345865694,0.168954555054226,0.125889313546414,0.170892765156466,0.128375481259613,0.248570145531918,0.194852977395391,0.289127137098604,0.208986191418106,0.117119055000075,0.193598005826479,0.249259750616513
GSM2714700,Normal,0.0566724428619484,0.124828188005546,0.0854362679107651,0.162913340451335,0.159038020544914,0.122381510326426,0.168586053588788,0.102233747971008,0.168911883297836,0.214340189474748,0.166238833819016,0.171419738732932,0.119356064816426,0.207664127045723,0.203683053647193,0.15342561875748,0.149458325723459,0.207081145118217,0.157495410126746,0.165259996474327,0.124725130436006,0.21906487973774,0.236972581630723,0.186433651415723,0.106775469868964,0.143590840354868,0.095381965528379,0.131121112058364,0.0974595424946904,0.0804194868780265,0.142517165214595,0.0995521526680914,0.137451716067318,0.118749076533637,0.120530695676055,0.144330487460228,0.17247067990207,0.130940108467137,0.125876008843,0.15220280688573,0.100217456549626,0.144537372871851,0.120381186953325,0.154503515903483,0.100933264641615,0.0894808853825787,0.0928851531659453,0.235583633708355,0.196068934506904,0.136415594769352,0.0915223083563908,0.145064370341249,0.212818756415203,0.163292733701864,0.202502867743649,0.137904153054344,0.217022479578377,0.207376450349196,0.136430697218668,0.19977624132578,0.161446544528702,0.0946127226627867,0.130995055066796,0.198927761934363,0.210598129999469,0.182597894569976,0.196749071161307,0.162670982935113,0.226549067527515,0.170294299399703,0.108837293513657,0.0955715055762791,0.1722435020011,0.156802296965585,0.0946050174729402,0.0866380197204694,0.112481933402639,0.130437369406203,0.216006427302209,0.127806641455411,0.120530893165529,0.176599593132268,0.19506690224582,0.110585926382784,0.140385384032734,0.142395364744296,0.155628852543627,0.136681815297296,0.129934019030571,0.131092526866635,0.144466544845813,0.105284515302109,0.149770714001194,0.113025670161825,0.137958921881094,0.128377884906373,0.14919547656321,0.202179249273604,0.143788566309042,0.171942420195316,0.117756015320127,0.147770074778027,0.136399885410333,0.215794027932272,0.151508053993021,0.149475181200438,0.168608216734776,0.0706391224253109,0.149361100952926,0.211024899698112
GSM2714701,Normal,0.0528516750861636,0.157312522985892,0.0945809763076461,0.172373660730957,0.153971427395347,0.19749815946664,0.272423662469985,0.0994588548564926,0.207355579131362,0.254445509220421,0.152390268420866,0.214465733744088,0.173636601276827,0.249262714999563,0.250591924820637,0.213642482168967,0.254576187069965,0.25019728329168,0.237759942085526,0.176651459562563,0.170536074823537,0.319331093689312,0.240855032097466,0.235208460047493,0.107963862035244,0.188353848159821,0.1057453527225,0.122934927572373,0.0990009636864631,0.0745860236576234,0.13675543235702,0.118807800227571,0.170306458567102,0.142120717863289,0.151707899213261,0.144929207263687,0.193329245769826,0.16423562740812,0.135332140757247,0.149287890466441,0.119941734721335,0.179859768646218,0.176910885053628,0.10147991265225,0.102839821698865,0.131338896613763,0.0968989225115529,0.310896119323565,0.238932698075935,0.18837482249789,0.114195567247718,0.105845468985378,0.268926692646467,0.180216947661658,0.191012823928273,0.161926956353802,0.274092051938412,0.256261543383913,0.157040435687943,0.265808870369219,0.203647928663317,0.101373078770356,0.146613975306297,0.296010582048917,0.247476869479874,0.203594440664391,0.264097230347222,0.21487072429673,0.254983645954461,0.192968005686752,0.118020114341204,0.134794000993701,0.200510109142562,0.23721881484613,0.11636500106332,0.0938563892863852,0.101859190996906,0.0791195859168592,0.260967521128099,0.113013365132385,0.107506154415196,0.194323739641148,0.217676680638082,0.109027995301022,0.180769626196356,0.179640896160316,0.16658442419196,0.176572764096796,0.16100957409762,0.128235767995006,0.177770501212382,0.10437055516036,0.18687111564788,0.127990333285823,0.18419325251341,0.166377582203587,0.19140747344777,0.24257045782124,0.147747592581731,0.168460323064428,0.125682890824634,0.206034108842917,0.137094461870204,0.232629523874545,0.187362925447612,0.229667486622766,0.205129000405437,0.0927607253943435,0.207291797114191,0.238106693603872
GSM2714702,Normal,0.043773020721391,0.10692735092344,0.0860143468017125,0.167651103311029,0.135727197526123,0.113054558782864,0.223686646866382,0.0888089655547538,0.157574144419525,0.194909744399407,0.146825659729846,0.173718913234188,0.108735411812743,0.192322983085365,0.179527087246644,0.160342554613424,0.15067828794951,0.213441692538487,0.176639540424144,0.149107171103668,0.123231781945841,0.22316592105728,0.230116170204485,0.17973182880772,0.101055806566681,0.149732963628649,0.0862834217919903,0.109127796725956,0.0994708404261374,0.0753525364406582,0.127699331953528,0.0828702817480529,0.130154072971066,0.114795301555227,0.114366290219353,0.128689460934213,0.171900972523502,0.121617948852539,0.125189357817376,0.167024359340968,0.150077302668499,0.0994742337638486,0.107381822896562,0.114026425864294,0.0876257953098834,0.112258035122667,0.0849724493404626,0.213496427512391,0.158125530835569,0.144481981470147,0.0903867281680456,0.127612380831706,0.226339705571381,0.145326792248888,0.145287090028193,0.132432635568061,0.213890319569783,0.193560795700213,0.138816467964869,0.223191032607009,0.173693548822971,0.099203623399758,0.102507324789999,0.202501058047391,0.203050022859741,0.165566845052893,0.206181336307788,0.160883467819938,0.215739098983702,0.176858402856956,0.109322909669267,0.0880504933183609,0.156296910733998,0.147609284542275,0.0857905893139953,0.0922163003118083,0.0869594913881763,0.083716390476065,0.207103475127983,0.111007062394618,0.117843681648393,0.137256064046547,0.191375186905411,0.100011883737029,0.0948903110869972,0.145172645573133,0.144885971817635,0.153575126510773,0.14189798542511,0.115143247316185,0.141348030406681,0.0899132386611907,0.137994273217011,0.103565170858646,0.143943297243734,0.0884246927269745,0.158285451490608,0.212803354165281,0.132707146871304,0.144562623162887,0.115663095144616,0.153050477862254,0.119987721156278,0.195401828803022,0.143505599666385,0.194726801741443,0.170329684282421,0.075211546826605,0.142717961419184,0.208636539106776
GSM2714708,Normal,0.0509370678264425,0.128331730172237,0.0845983630706559,0.154587065305061,0.151505205662233,0.130772498912975,0.236802982320213,0.0944662528488243,0.167975141630998,0.207515875486435,0.14991885770665,0.180583340962545,0.105621023684915,0.200028381650648,0.211866721403169,0.170160399522448,0.165893867557234,0.215857103662658,0.160679592621853,0.146675835609079,0.135978906629798,0.270508178399962,0.297935374126053,0.164937095362686,0.100607660004767,0.173463119825358,0.0935914590817071,0.105931035768227,0.0990652213475291,0.0731540454004196,0.11752363524158,0.0909409250211941,0.137199946143157,0.10549742306424,0.114368602948827,0.121155124832321,0.166131151375066,0.124761414350507,0.127592102092218,0.150203286570849,0.115655697578715,0.119891312031007,0.127382723046879,0.109501950829913,0.0931108754465169,0.116452696724548,0.0801014896306183,0.24719747593646,0.19057976610674,0.155420229697442,0.0842901292385647,0.0954654210965452,0.225094980881545,0.15478309037237,0.14379646359074,0.142182958142008,0.217709719870753,0.210109596649667,0.167482800099901,0.216546138690531,0.17653400173511,0.0994364244636804,0.103675171065439,0.224490624028161,0.214546905653375,0.170224076772548,0.194412734186313,0.166548478843434,0.226610454491672,0.169046646344918,0.103096330971277,0.100643220868034,0.155777433249103,0.161372899154884,0.0870464232361045,0.0823840854319847,0.145085439079542,0.074999068431225,0.246587962575721,0.116295266081042,0.115729393464536,0.143541074933961,0.195446402247245,0.098208773220397,0.0751967086416424,0.145416213746968,0.141102623066632,0.126070585781292,0.136468377631501,0.109261535676675,0.135875702591153,0.108128407969166,0.135711425713691,0.121461748033635,0.152538362241625,0.168915956699505,0.167909027040816,0.197351417107483,0.140703537920258,0.125297608406314,0.120827374291957,0.141023817305232,0.126076493627294,0.208975291334773,0.142277176837129,0.197569210344307,0.173987012906547,0.0788376862000813,0.154247599535097,0.21241636272935
GSM2714709,Normal,0.0626403613439321,0.133615151105316,0.0965310931765507,0.152967047848134,0.148225493722688,0.143665026950973,0.203714180493614,0.102374719863721,0.17584807550025,0.211776049366829,0.151675004839894,0.18178904885461,0.115579013158242,0.225153630771318,0.217721026841737,0.144299549247567,0.156365816522091,0.217808023186085,0.19302414199116,0.170584769275656,0.129887496263665,0.245582655305944,0.24142239663351,0.145719850112708,0.106556314432001,0.209374339598825,0.0929687886366392,0.137981556531115,0.112325713979266,0.0882685404783454,0.143386696716552,0.106272728774642,0.152465423473712,0.103313133273168,0.116403802087644,0.144103747442163,0.183969621938621,0.13429471881178,0.116468889964868,0.142395444027259,0.133134215221532,0.140026705090288,0.118874017996836,0.13485635771832,0.0978222521682259,0.12106283134981,0.0869252684840586,0.222020773645494,0.175197053110982,0.137625280836963,0.0842261625733352,0.117079938322706,0.20700776539793,0.167886206871132,0.159371628469015,0.145686544992233,0.218833259760698,0.205980431324639,0.172936843968894,0.221692542425847,0.210121472264966,0.0978543253650827,0.13817579716688,0.220225526356812,0.22552676207959,0.1613438014781,0.214167434011019,0.175209356300048,0.242399567685209,0.167184368515395,0.151996722072798,0.0788356543947285,0.180346165872672,0.134206049565311,0.0872682107221432,0.0987694108874627,0.0915280745269405,0.108212420840559,0.200783710089207,0.132755378180359,0.113830155635767,0.148440641082974,0.193343516405543,0.102076536182053,0.121287292703483,0.134424031272513,0.159179069999684,0.142460827143439,0.164035188845956,0.112210052999437,0.136725340395059,0.109819601893383,0.129745381767886,0.12828218587242,0.144820342082782,0.0914708437370092,0.151181679488249,0.207555192275525,0.134631645803876,0.151438374369958,0.106930920374591,0.162501368839839,0.121079140050552,0.229960790819239,0.134839962604234,0.190007286370559,0.18652157022994,0.085772184569998,0.173521541743615,0.217265203628994
GSM2714710,Normal,0.0522290540712699,0.106099045254046,0.0887628477684387,0.145622455518413,0.131048828523556,0.121133905913574,0.230565690382124,0.0852798809648749,0.143440553016095,0.19146443496396,0.144159286481735,0.176278005382564,0.102861071276375,0.195343088970999,0.184023939793444,0.140683261312028,0.149253286875553,0.21383542260119,0.135758728946495,0.143416659311284,0.115071480524431,0.228863783512476,0.228887943634379,0.177265176526185,0.0976658462110276,0.157772186435095,0.0869062710394447,0.104806722590927,0.0963629866796159,0.0710866411868207,0.1182536538309,0.0885999368206378,0.12108993172654,0.106640851806757,0.117293461186675,0.112314540234541,0.158523155837408,0.106215542896676,0.116082120052673,0.11658316454416,0.126394672620338,0.107572573880427,0.122014971274247,0.105533074632769,0.0976432793207554,0.10878530364409,0.0816875429616534,0.207445686752048,0.172321165151108,0.141094009168313,0.100683598661581,0.142417087365526,0.207689637337495,0.148774697350971,0.159653215491351,0.131526509260205,0.218107042392673,0.183141389953121,0.135537032657132,0.192003092397138,0.171535392686502,0.107505891461573,0.0987101874204619,0.193395244553858,0.199790185182273,0.164567196456857,0.216221319955446,0.146789691102106,0.217076985271976,0.169694475260796,0.0981245067501007,0.0944857407845473,0.15845822839816,0.153226494998764,0.0825926687613638,0.0789638762669979,0.0916942460479904,0.0741514981357773,0.189007436435866,0.10690843874561,0.112705396079907,0.133869792984211,0.174130643592149,0.0924070979574413,0.0817378623538873,0.125382779666802,0.136702180376179,0.152508704795264,0.129421380863728,0.101662631547153,0.135436665209995,0.0973295996112024,0.128836555225658,0.107222560665831,0.139086143455308,0.116252195496418,0.165337993795858,0.198028113125347,0.126411176098637,0.138411085357494,0.111657132065357,0.131178143555753,0.115993165243175,0.204799454571403,0.154173167727928,0.197034933229593,0.156026961226197,0.0788813587680847,0.132443417886687,0.198539928162527
GSM2714711,Normal,0.0791392587747134,0.224961192515046,0.108361395854339,0.21401895846769,0.200018105289427,0.138294601593838,0.198535398975204,0.087126878277491,0.18002167025772,0.343300041876921,0.192504033708499,0.303600562471905,0.237076539422421,0.31756583603655,0.173014870080582,0.181327775866607,0.274718830051981,0.316995923991762,0.209210453967106,0.19736911117338,0.165034191716377,0.335268136911771,0.367916611419414,0.292152277814986,0.177174907618615,0.234672269958034,0.132499558682041,0.138468126099834,0.114409483024864,0.108277114071438,0.180569197079527,0.155274002627404,0.139892068707607,0.185411317900097,0.170097223898257,0.133135020735386,0.249675270434455,0.178201783064215,0.114615753005907,0.218175909998266,0.139104711261651,0.169988742080779,0.165937916086528,0.128037379189919,0.149689426153651,0.127899256270561,0.115308842175442,0.324781157240644,0.24055607688996,0.162926527026999,0.148801410679122,0.201367952924486,0.310519905200864,0.233839774211543,0.275245667965853,0.194613011400559,0.313321880289074,0.299079509665479,0.187386591718182,0.326891234137017,0.246669167324767,0.0948934683198,0.230269904764195,0.315982304784985,0.320726599795499,0.259350681951233,0.340023086282063,0.242996617384048,0.324384024027014,0.223422966175212,0.120851878980576,0.196349593504098,0.153164394111655,0.235656126539035,0.144914502964263,0.112517855145877,0.279139998034923,0.166877355434615,0.195717702036227,0.130767316985647,0.171080817273031,0.154734310999911,0.275355329664119,0.129647075917066,0.17206998325464,0.222238702371474,0.179900576995782,0.181267189478954,0.190198579688775,0.122586809043507,0.237964893791921,0.125956901533126,0.221910436862884,0.136658962424795,0.223254143272814,0.152881314585536,0.213585584006568,0.274913249824028,0.266208521634674,0.232208071153514,0.158738139172108,0.221741665911943,0.162654061943806,0.277483127529907,0.195570845547432,0.286687636853264,0.276009585607064,0.0954529149232327,0.199352587449002,0.334048909052389
GSM2714714,Normal,0.0501482365843145,0.129646076222006,0.0927024946034167,0.175600033159727,0.148414199965743,0.116831447693837,0.206097105426094,0.110645991668758,0.164957185638629,0.169517346842306,0.168575618844443,0.177792265798894,0.118217077557021,0.17542661507654,0.20518737479238,0.164569666058358,0.153130410770605,0.142834062719241,0.150811797120488,0.15898445470949,0.12554648657272,0.214978906452351,0.196174014160602,0.168955919499354,0.0984535768841591,0.15529034767989,0.0938713203369054,0.138704252853544,0.111219512937709,0.100409679506157,0.152708471529414,0.0891858459780747,0.142808311668401,0.125466130033561,0.125694313497083,0.161950556668902,0.157972574438491,0.122228093670229,0.138554457420118,0.119728860513824,0.107099344077666,0.138241734683219,0.127560586571795,0.162333014516018,0.114032440824525,0.116511319840023,0.119594927018454,0.20412955491151,0.190805027943004,0.144777012738246,0.107048145521795,0.119168962545132,0.196710403783749,0.15046420418396,0.147208236277385,0.126297877541946,0.174711041693687,0.166440823167404,0.152833593910275,0.186665315605029,0.170198077437852,0.111452506022476,0.0986497474642536,0.186836877377917,0.191894204418707,0.161090075066579,0.175802997633495,0.164405568775381,0.192920899680447,0.191134496632632,0.128949096810968,0.0878385536136267,0.181093991268004,0.138597546454565,0.0750887443394196,0.103273112826199,0.0814406125215578,0.108405942076294,0.2072369835605,0.13473383593999,0.124756651462822,0.150872234173027,0.178802966124978,0.113167012695333,0.116356736486343,0.123253926114505,0.147478121040549,0.158532968634425,0.137021668898207,0.13254894369825,0.132928978598204,0.106624158725998,0.137761643012351,0.134074231392772,0.117286050286032,0.128144064954548,0.171924393410368,0.206469738136429,0.111236365656566,0.155611820579241,0.133377247689054,0.143289847915517,0.147952564103784,0.201706127280702,0.154952500654145,0.159100842771211,0.160982763233318,0.0915911426594468,0.153988805300389,0.197474130968279
GSM2714716,Normal,0.051192036265975,0.248726043272639,0.108227582945278,0.241684678182805,0.208678891890191,0.239890494129657,0.295687229307617,0.131610598842325,0.240243842082818,0.309102126816287,0.219521740466597,0.297327634701685,0.232811061300018,0.303929490284507,0.318477409253708,0.311125001520587,0.275586085653722,0.271468180746004,0.25888982167519,0.230091541016926,0.234174113097196,0.364554700043715,0.385761037673999,0.297789124928941,0.147975389191958,0.213288776580599,0.105045823764861,0.165743840002338,0.113954240745914,0.10400108415959,0.164332584916788,0.13151886154195,0.187614627640978,0.177477742101426,0.200602976436665,0.239482606128735,0.246115971787978,0.180043894648207,0.152835204285284,0.22471905542674,0.128873952653753,0.246927859622561,0.230318185470084,0.16909935396801,0.10680914135932,0.174104577138951,0.103447881641336,0.386640780818805,0.313508504767312,0.198257792997252,0.119248371425846,0.137790079989876,0.358510187003476,0.222759990795525,0.264619875782651,0.169922841256062,0.310681055287545,0.317723505202518,0.193694309304891,0.315088229558052,0.276268716684987,0.118577574371038,0.141271226607123,0.349396392107673,0.281950493311192,0.243539737319992,0.327621732204349,0.289993927136224,0.296990959878728,0.226555537866031,0.174208073520418,0.165244229449415,0.218944396932986,0.247160213677074,0.150881847875885,0.17022431175732,0.118702733854368,0.158010980815432,0.330625530821036,0.1589889147078,0.136462373629504,0.21049055766364,0.237354651657906,0.123769959895698,0.235750208104093,0.235868093196389,0.21047752888403,0.206168153046266,0.221761291807875,0.15651600291783,0.226216569592221,0.170918302775715,0.211831881946311,0.20770883734423,0.206784168146251,0.252748781995754,0.217854242718723,0.296579400524843,0.222475837849838,0.192413481822918,0.19043639342968,0.240221108475456,0.185872177226999,0.317665622503325,0.213411469902658,0.276820982556642,0.248234632572882,0.103854001373064,0.269105867385797,0.292198360036003
GSM2714718,Normal,0.0483034244845765,0.147151654787789,0.0915784978325856,0.172315956523251,0.151735348921608,0.11948048594646,0.242925572682966,0.0965506567614559,0.161810520317321,0.216041241909174,0.166936291901682,0.205912383803255,0.12636783411815,0.23405353186884,0.197874471758428,0.156064919518538,0.170807811429535,0.206322159551306,0.184831296382672,0.161550971394071,0.137437236699649,0.252213806062394,0.335480724946355,0.183624259977616,0.0967321073676938,0.179972061833016,0.101742078129135,0.132640803595872,0.108311828183271,0.0886283398063836,0.141236951773696,0.0928082479305496,0.136880099627121,0.128650808130476,0.132625775808005,0.144996882655122,0.184353459393122,0.129426337103388,0.129107641834007,0.0930583459120101,0.118047372444538,0.134736953899793,0.116022975261918,0.132108412894042,0.104853999536713,0.125118578654593,0.0910410937786057,0.240094756652057,0.187637939099151,0.149766634939619,0.105352435709836,0.12795690914457,0.229145583066264,0.159385529275226,0.15694142959753,0.141514629257807,0.238906496741587,0.197808996064116,0.167027435175078,0.233788246622265,0.206492038747384,0.113897411041232,0.162994081051145,0.239256656642582,0.216920847206167,0.196803855027769,0.226502420337799,0.187226034638588,0.23271380566907,0.182310615553111,0.111028790490715,0.101327057367115,0.17391323581498,0.163589429556728,0.0896843141045326,0.101881175181192,0.0805859588687233,0.0903275613490758,0.194158086998861,0.123637943199772,0.135881128324545,0.138201579107567,0.184213729836325,0.0982753828549328,0.133086973097243,0.16626781837334,0.149613444376144,0.165595679338925,0.154138440249084,0.11984540202245,0.160813185615546,0.0959094553391704,0.141079389724543,0.109732922697893,0.16059245350464,0.116277930774834,0.163170814918202,0.232920835408564,0.117341941175173,0.140646914604825,0.139411440113769,0.149154543346693,0.144720169993107,0.206985734331056,0.17254819723366,0.213992316529133,0.196390622902127,0.0851372313140763,0.152081177139916,0.222688514772068
GSM2714753,Normal,0.0474355821724558,0.0904752008951547,0.0679892347130593,0.126678102899457,0.115353505537987,0.0895188874398527,0.17121276979743,0.0862565486350359,0.152727016080356,0.135232173723864,0.144039328687501,0.145912728132641,0.114424491225911,0.147013661652503,0.139257173436031,0.131873506394253,0.094060029142049,0.129900403042661,0.114416754032737,0.14608763067444,0.094220541106565,0.159022022355433,0.135870584646387,0.121240314351727,0.0962169554066931,0.120533346736627,0.0843070328400561,0.152491069903962,0.100726128441108,0.0732561296864247,0.122595372934801,0.0816924652305898,0.133693003817543,0.0844750711639933,0.107978745070384,0.0913225184417248,0.128764549989827,0.098059478880665,0.109643231192247,0.10690609313742,0.0856016248005467,0.126082550382152,0.0978754355768641,0.108029595582212,0.0830740220107856,0.0952103602236126,0.102560248365667,0.151368650275165,0.142427240820757,0.123973669450092,0.0956101657989285,0.119971368517138,0.147882254582561,0.109978337825141,0.103062325507523,0.103251288885718,0.127746201119274,0.134476968016029,0.124946764357614,0.127631507691632,0.132798084495808,0.0921575232752045,0.0980706399397607,0.128002186104915,0.146055431986066,0.115347719425808,0.106018296285083,0.11614942800911,0.138482535211747,0.152531018406662,0.0932669050584628,0.0648315764024474,0.141734704040946,0.11990371357644,0.0811733332467917,0.0776181359232419,0.0765297258189884,0.0776792924389249,0.156474598288737,0.0906988477267786,0.0968369143127904,0.144337633286365,0.127045696068706,0.0920979399174739,0.0661389055856279,0.111041741444098,0.102993444809095,0.136246801100253,0.100024004349825,0.0935689113995385,0.0998347951711485,0.070696216697159,0.109623732602209,0.0907836982017857,0.0860552878556786,0.0810714165732059,0.14674152492628,0.145088843212893,0.0801214521550527,0.127765398384838,0.0946183511953964,0.129317480843927,0.119913418374826,0.163425568521284,0.14846525953937,0.103101156701629,0.119510986669708,0.0646183278597616,0.0949396821699731,0.149262914763019
GSM2714755,Normal,0.0498642382813861,0.128442357452167,0.0996545847438074,0.192920482106301,0.167391004169832,0.132088977031146,0.182754350654631,0.103195194651518,0.188796150856866,0.211284091863286,0.177001978129107,0.218153061460294,0.137123456230762,0.216109726515018,0.241570905788083,0.180272344201761,0.126892949315262,0.187512097607812,0.15752042544093,0.165045074603339,0.133105914512061,0.260669477180621,0.287941819086154,0.21050126948006,0.0984324865487896,0.166673735294142,0.0937081037175346,0.13355196226867,0.110439405339143,0.0934372986737778,0.144082017203453,0.0931410256703858,0.142719516660578,0.107326876358905,0.121676837052901,0.156512813065565,0.176931150990182,0.126266257745963,0.123391517535649,0.151104813688704,0.121414480571739,0.156436278729641,0.129375086270831,0.158147069111793,0.0973628942105761,0.104067340166985,0.102437739584214,0.243145134639485,0.205465885218885,0.142302209171067,0.0939205072633276,0.112018041596218,0.23842389297142,0.161028568245462,0.203950717455271,0.13109556446464,0.227329887590684,0.210038679500612,0.150794783350871,0.225130165044714,0.191535446208304,0.103314156166628,0.131299568270592,0.243778699077116,0.206892298655204,0.176319913998374,0.246181030215012,0.187197651522102,0.216199872785455,0.17226306775507,0.132242401840365,0.0962996968689052,0.252722059104972,0.139587086289643,0.0807556092615983,0.114468288144543,0.132068436978734,0.126591672505698,0.225991668155261,0.140358256743336,0.129700341121412,0.14921855890218,0.155470681532165,0.11312839222748,0.104363109714356,0.135111838318133,0.138694521185646,0.153263156021027,0.15221761215774,0.147925313020975,0.153723179723261,0.109233661742287,0.134602149639561,0.132361486992429,0.139424158517501,0.209221975988449,0.17265641302823,0.226857589391892,0.121482695022495,0.163068083001671,0.132365968480328,0.147003142393527,0.12606010652515,0.214820464305312,0.144729034471661,0.174925015811768,0.170375278934773,0.0744015691237314,0.186168782608747,0.223741275231855
GSM2714757,Normal,0.0647910723963876,0.252270946710911,0.111779547584563,0.260367518910893,0.232001736491064,0.271167866290739,0.286642358758103,0.122249320132334,0.241898231262474,0.352820399116722,0.22415266334212,0.318534698587477,0.221665998079132,0.364514534207616,0.360997181469312,0.277421109965635,0.281948172445447,0.310398787041174,0.295759262267757,0.215579279566008,0.22885451720205,0.397122638056277,0.385851578712855,0.333702885488074,0.160283935344601,0.260266442230562,0.115529405195858,0.146275178173328,0.105531610031742,0.0946680600860567,0.14729908805645,0.153300207714708,0.207958249599927,0.214918735566686,0.190950537551042,0.181646994039732,0.264976620463017,0.213231395884803,0.15867476259062,0.262132457272771,0.195540439100623,0.262999901739871,0.264837334577832,0.136868421744246,0.11008247964801,0.155741093869395,0.0872486444448205,0.415822415868375,0.342904988610592,0.218661391940876,0.138347151293644,0.137062956864334,0.413389117965997,0.230916408187729,0.290612208569861,0.196974553887779,0.358790084040152,0.381485040425393,0.229542679525482,0.362529005631224,0.286708796279611,0.108844390247324,0.194280002644775,0.41508950739012,0.312790051472603,0.283627529119569,0.385549469444576,0.308624866655633,0.339511510712058,0.227844768889642,0.170458352642457,0.191900148435457,0.207218554107043,0.285358991638453,0.180873267131426,0.14758585429843,0.165046332131681,0.189021436513923,0.330564928035468,0.247407955648227,0.12613824871603,0.280269718282487,0.251430583975518,0.126534493084112,0.271237787870184,0.250067870327172,0.207336216571975,0.230302116413384,0.236834755080495,0.157261352711811,0.264163054619328,0.159718275365893,0.23291063567703,0.176324391394684,0.251403092089654,0.230566573145808,0.242697491407868,0.310813567024844,0.245948797412,0.219149934723298,0.189449927421283,0.253150716051578,0.183523159669763,0.324887739272879,0.205638581838604,0.311698037714866,0.283086833224565,0.0976993519227362,0.28280842215691,0.343576803605419
GSM2714759,Normal,0.0651799726968018,0.114777241251174,0.0821271814945169,0.1495744854181,0.146781456710926,0.102124989584212,0.163667401326717,0.102317530665364,0.170284286514056,0.158262868121655,0.166985864950864,0.163393212717467,0.1326041547074,0.179061075187202,0.197448870780506,0.142382586889194,0.137371031882779,0.133947126776012,0.132544280055262,0.164695294981132,0.119498708658266,0.196924039848589,0.224807046986019,0.145855914090078,0.106447343556818,0.152377252375295,0.08916552539935,0.139971695094606,0.108577923873774,0.0889341526390642,0.143203831062174,0.0813665418194498,0.153879988171347,0.106605925334577,0.130431631624238,0.133813446019181,0.156738345837626,0.11223542910871,0.119438041043666,0.108273308328174,0.116168698006223,0.134499427187771,0.109453671440339,0.152705056212927,0.0905071740521964,0.108167935692045,0.1027326794819,0.19190677210225,0.159856652609068,0.125475304940884,0.0986593671447459,0.113909849015193,0.170023792183351,0.135866011579419,0.129675404796094,0.116264069816996,0.148365221282205,0.162095062698454,0.129320337664745,0.154175272067561,0.153571360474149,0.10423593115121,0.125980584092896,0.173254025056781,0.169713377503791,0.13271991820081,0.145721362597905,0.144521375468513,0.173042459854541,0.164222809904997,0.10913863703293,0.0771080355391243,0.18109165164991,0.13033399190081,0.0745511056174866,0.101000447629401,0.105965779634241,0.102486298787596,0.197225415989947,0.124400870369629,0.100731492154009,0.152703748284296,0.161318953403587,0.121003622133298,0.085904656485416,0.10636681949027,0.134624959057636,0.131527097016882,0.131814352173807,0.129466296341402,0.118711452338862,0.0918783930210735,0.132629280721354,0.113608462756505,0.096560240067057,0.0985041938291837,0.157522597079088,0.173412350528871,0.107064472942456,0.146897646422441,0.125501650934138,0.145292756239992,0.12692486100531,0.191263026740189,0.155847458278195,0.142899054207757,0.12980606192381,0.0743374927828482,0.127427612368637,0.17120414285992
GSM2714761,Normal,0.315235782723541,0.4084054165504,0.208596825274675,0.352259645199043,0.282656135438719,0.328125121183238,0.470951627672844,0.239849691017641,0.302460172309889,0.377771051596809,0.357606644039043,0.429134536704963,0.392729163792373,0.370335938782805,0.446949630179701,0.373270937311403,0.360549366507298,0.356605342998645,0.347211031029613,0.383213725415936,0.31992765063309,0.432069193887049,0.473584378368483,0.385835238955493,0.251559491521848,0.375134755975193,0.201004696509329,0.268523636585024,0.257039668671451,0.153316768566457,0.299499874907222,0.210670778434276,0.278894932244858,0.363566042666618,0.319806874367237,0.254528268562353,0.350230514078858,0.306848060476869,0.332880995504095,0.125071982104772,0.242713173555226,0.275341355300079,0.311527620077715,0.372272010879263,0.108600155852845,0.272484668198258,0.273530819964443,0.441936798982888,0.409179620341689,0.271910977393724,0.283880366588333,0.098699604885473,0.420440165002966,0.278169395203962,0.311999680579467,0.236549774126943,0.4199219803841,0.405292536896876,0.300718087757738,0.421744676898843,0.380834324030995,0.239762809789439,0.400381565499319,0.432142289521717,0.378137072706404,0.308811295348005,0.411043432173634,0.383610662759414,0.36249921065542,0.356133660577668,0.281561047423798,0.289740349247399,0.404683740385934,0.369500963838441,0.195817893832487,0.308162874991124,0.345775509369768,0.315797847107686,0.458266590428422,0.303271507573031,0.275441480505887,0.375701528564651,0.320976476937834,0.292096644742214,0.334223062819892,0.349849915532422,0.24402881482061,0.322922770426211,0.343920436778802,0.404065508553338,0.356508634155711,0.208858486088352,0.355064817021831,0.300755594304877,0.359187719081611,0.391994536652205,0.395161241963853,0.358760804569326,0.163272258790583,0.256383917946905,0.301927415897533,0.390839783195228,0.274826291972634,0.373695119861313,0.377106118166214,0.428306027802787,0.370306617834262,0.262065994485152,0.38857615342031,0.370296548584093
GSM2714763,Normal,0.0525493152585491,0.118862987407638,0.0860964364343518,0.15591442626039,0.144828771235641,0.110766958719145,0.182022838734635,0.0942368242188936,0.169263414498191,0.182131072543488,0.15764207084212,0.159643282040064,0.110670751352184,0.190455726128301,0.187516003482129,0.16331919862722,0.149583849399487,0.149222241490137,0.1540180263562,0.147846028443386,0.116619357764016,0.213165034017992,0.24071094671682,0.151002273730019,0.104324297765781,0.148561932893842,0.0972897469349535,0.12096418111436,0.104447013793391,0.084564825189099,0.128999819383054,0.0793234123926662,0.128291475916746,0.117035539543035,0.117643587606975,0.130815258413164,0.155521758722604,0.106616052803608,0.115133470568188,0.111812147151715,0.115303515811852,0.113453431342188,0.109466300965822,0.139459824762016,0.101949030359575,0.103086237479593,0.0913987602815416,0.204736882282287,0.191185279881487,0.122240111571377,0.0830126768655628,0.127122919523673,0.178150529965457,0.137947414835897,0.144782962287497,0.121686271681208,0.172289522887885,0.164063386910761,0.138724508611856,0.182538781089531,0.164655509969757,0.106264104192403,0.107484119767957,0.197804243142093,0.191395569492446,0.156235595585845,0.189413775778766,0.154964901519328,0.185868825449696,0.179033221912087,0.114606659076824,0.06919906733796,0.179960557555286,0.127017179531765,0.081755778629531,0.0956140010182746,0.0973817797844679,0.0983492595354497,0.189055598192965,0.121665755239933,0.126424022191831,0.142721025016568,0.14297078879504,0.0951223466481602,0.103324006371991,0.117889877437229,0.134246173782465,0.14910014420132,0.117392680746527,0.124009129576872,0.125579388882209,0.0894611415770953,0.126437642707068,0.107591250428379,0.111958898745523,0.123051840770376,0.177612090623829,0.191361454210895,0.101506934967222,0.130595719348295,0.128515739971882,0.140385664065313,0.140088583187164,0.196614525404952,0.140637502557591,0.144759382307905,0.144096821833712,0.0826073755365383,0.136581745776025,0.186125304516999
GSM2714765,Normal,0.0574991085619916,0.166595265500591,0.110479641420645,0.209305541448499,0.190917506921454,0.217941977587999,0.164337522445749,0.115949868206177,0.241135410094814,0.268420871150672,0.191585119058249,0.240394277228709,0.172871092000561,0.288284722417567,0.241825845050768,0.246644543478245,0.192434521306941,0.275924658462108,0.227661787128189,0.200197116471492,0.177245602540816,0.334575378377178,0.346992061205746,0.265720454506773,0.102804546747607,0.17885378316782,0.109217935701531,0.152206067775025,0.10023632076963,0.0928207858681824,0.168208949362016,0.10959113223913,0.153633904033744,0.137124192102912,0.14184443050249,0.153648287993467,0.228326390079109,0.16695199390531,0.12354802550405,0.139926891537466,0.137670911533286,0.171486187667259,0.13983610435259,0.152316425175336,0.0988966155566422,0.120457346040971,0.0984545836914164,0.308260911383461,0.23421524624337,0.162821948553279,0.0870877743322221,0.154817793417323,0.347242291481201,0.222991558905758,0.252486204314158,0.179615600505544,0.293887622231481,0.300753922890795,0.181519945611412,0.283296685973797,0.215209843852851,0.10116961706444,0.160853306403475,0.281765532580895,0.279001581464724,0.214564557989716,0.331648147552848,0.244264469982964,0.296902550362935,0.171229838462138,0.158360851233721,0.0979779354940234,0.191132266274935,0.21328988674267,0.124747070311977,0.14216799136869,0.103860668112671,0.190424728754609,0.217614633560137,0.188239381702061,0.126397650957879,0.156177152460823,0.204625497876832,0.119887922548783,0.176926005562215,0.182848227040145,0.172761547937965,0.186138238570749,0.190514709123859,0.154443566689816,0.22793538124551,0.140074824314812,0.181401561402538,0.156487160386954,0.180605682014967,0.198403827135043,0.16226075377833,0.25991476630242,0.164841281063159,0.253862209105667,0.151620807220199,0.166456725750536,0.146193146695336,0.292448406708389,0.170337824846757,0.242182192196052,0.247961556729934,0.0805443680688177,0.226377751053555,0.295963604076088
GSM2714766,Normal,0.0506233871333697,0.182673909907012,0.105835821831028,0.198940359434039,0.156613631774138,0.156604420699982,0.261010150763975,0.105201625221148,0.173330465925729,0.226562188695648,0.177640974322367,0.187126041226621,0.186006354664437,0.240967394897238,0.265278326769631,0.204189829040939,0.217601644581007,0.219288011253346,0.182779638086991,0.18856533072692,0.137303655954606,0.301002979158301,0.24122304616416,0.238408891441324,0.0967848467757414,0.202581491475706,0.0955764604808521,0.142281978494658,0.0981036308648133,0.0808138117841207,0.140039582894812,0.0977998497278058,0.159372447640518,0.13101635990569,0.129825896317811,0.188046554336063,0.192287393600543,0.142883992388043,0.131931326353223,0.128485967074243,0.127363651679694,0.131039084597266,0.125636413285159,0.153800800636138,0.0996433060075953,0.15649433448531,0.0935990164945567,0.260382503488477,0.254542135999174,0.167047122944789,0.117079944241919,0.0977202993619879,0.2468579230133,0.190698730470158,0.129313096716392,0.145572373157073,0.258789583317931,0.217927900980506,0.165421383700554,0.243694022447964,0.207120116800002,0.106550129654751,0.134787952981227,0.270122996490454,0.235047596889207,0.183521185680557,0.26785239408385,0.217114527660023,0.252868938179907,0.177991912493801,0.154678109994025,0.104204949099146,0.210300614443113,0.176854382485094,0.0802393288640315,0.123794131543016,0.0750595507401636,0.102474611226558,0.27510852099894,0.138556169996036,0.12380389334367,0.140219574058115,0.190920601527426,0.132642726255368,0.101845418327779,0.180286450540893,0.173892917578735,0.159346791906383,0.192206520874103,0.138468664150498,0.176388899174763,0.0984379600776085,0.153559144661252,0.127254100091497,0.169441256626665,0.22578297025468,0.171344126538408,0.233645411814797,0.10759807080662,0.155597959129553,0.166209012318055,0.175669637955392,0.159084776593066,0.229916919625753,0.166129948027047,0.246704989890555,0.206495623182407,0.107108188882789,0.207500272138952,0.222307835288289
GSM2714767,Normal,0.0477052463197439,0.192063462114269,0.0919289473139899,0.190544541779265,0.172951865156032,0.158236228143022,0.254688684653812,0.0915533594560363,0.174320474699296,0.279716496833716,0.165800791752322,0.26530919554043,0.14092534417559,0.296200833606517,0.239202945688577,0.235880441096043,0.21957720984554,0.252462487269235,0.226714236152034,0.180954640717942,0.148912585314328,0.340004302055619,0.335412173097497,0.254606016265991,0.0995431412546478,0.202651024007263,0.102287035308109,0.119421634311296,0.111924262677003,0.0816767140241515,0.133810981939858,0.116917834839338,0.144463198805131,0.126188836713822,0.135476828514207,0.140283100590925,0.208029775539893,0.151876901737309,0.141161120297977,0.1744733441716,0.104684967010433,0.139199255868881,0.144295038706389,0.116306270795314,0.0787863875311899,0.136515988446821,0.0892068933740377,0.296721488041949,0.233292726480169,0.18253296267261,0.100576958713984,0.126207245547824,0.339366356621506,0.202752908987754,0.19851256059313,0.165938819173781,0.294241519531868,0.28291905110471,0.176375312747131,0.320122240941631,0.235351951589242,0.113776691132709,0.163045741645717,0.332529079683172,0.274159670320163,0.225755997978557,0.320897371769902,0.253917733469335,0.287906209546463,0.179641676029366,0.141131298587839,0.120912006421665,0.170918031538088,0.189915273374716,0.128409433419389,0.104835225135217,0.144193261648581,0.0941015102129908,0.293985953695338,0.131442032401483,0.129877705115638,0.128153528325104,0.20018563431978,0.0959819836206543,0.18244549299489,0.212746691490447,0.159901262095222,0.173126615789571,0.179778833099841,0.126267149895903,0.208623533609271,0.116387381187614,0.174747967477899,0.130411689272397,0.204005122027969,0.128683272474859,0.189146996178308,0.250163678980003,0.170574692959784,0.151798879953885,0.159238610086257,0.183074597083457,0.135004557262402,0.243659739650094,0.185131750498086,0.257235692964106,0.230689071766419,0.0744399714920744,0.233500661487262,0.286088537701759
GSM2714768,Normal,0.0494520182151787,0.124853072381082,0.106386399465147,0.186046218172787,0.141418335532403,0.111786839593971,0.192225172996591,0.100613532485467,0.165926211962814,0.202104985820088,0.161993904327867,0.205214222913995,0.110564959975333,0.210859847919672,0.193291519533812,0.167968218392068,0.165321951100526,0.215046145021267,0.195225002150934,0.171414135068497,0.117392589995695,0.254305800953365,0.342809437249338,0.179679107954228,0.140085747457053,0.157580308691248,0.0928694181647171,0.141956191900599,0.0969079603061806,0.0723747089441696,0.132584201206441,0.0867659488898003,0.134401566851707,0.113810438625538,0.119398223183721,0.126897421137533,0.170718977210038,0.130093414690879,0.106626174534162,0.149125773639869,0.101487368970079,0.124847226464339,0.11410288587479,0.13319061776192,0.099930008699552,0.108060028006745,0.0898386475008769,0.22933949361931,0.195517211636993,0.136200670899547,0.0835588981036653,0.141100742408239,0.230065955667977,0.161714186656624,0.180341153922797,0.138870450690509,0.209748299751685,0.208235285595497,0.149290490305495,0.226419846037569,0.177324134325772,0.103714501998964,0.141344044359447,0.214213883952484,0.205606335187726,0.174517807443653,0.225969977341449,0.164131661293307,0.225160307061413,0.161392777629885,0.112521421549701,0.0759541482152864,0.176263141697741,0.117564275529579,0.0767528251498587,0.0965315193944503,0.116851143733296,0.0948171251457191,0.157917946297773,0.118363932544861,0.122638180817607,0.129527311351495,0.145820148909762,0.09975472775889,0.147164989942039,0.142002666301496,0.134448979965968,0.134749312952584,0.139060130569599,0.111085076391861,0.142085548836144,0.0846285321345708,0.148926887413632,0.113822942280641,0.137898891874618,0.0887996581203196,0.146701049614761,0.200153390432882,0.141860613467083,0.150993688631876,0.122279558590365,0.14461463707809,0.134467178801702,0.215311681482992,0.146010046281701,0.185073140204778,0.175655202931827,0.0670973244744697,0.14858309415563,0.217652591419826
GSM2714769,Normal,0.0516766768923186,0.152425295640375,0.0918962491060612,0.18539563766305,0.150584584058071,0.158347433620194,0.216491800255453,0.0864877608797509,0.184267956006416,0.244439284117959,0.154336171864601,0.197101873692479,0.139774053353933,0.248256096916976,0.247410639259866,0.195047655320436,0.242176689909212,0.21078876937855,0.184337476716524,0.161584037889255,0.138244157759108,0.258154572170937,0.347932692935566,0.219129377431023,0.0919687582807832,0.165351543639459,0.0945162394541735,0.117461596905306,0.0963053986962999,0.0767702511059664,0.132368564036768,0.0998099643298326,0.149719217647939,0.14345181286473,0.139527564709525,0.142582618134767,0.190331352594254,0.124681936398192,0.120749972285695,0.117793307797859,0.104088012762733,0.161243832540507,0.135805949135966,0.116883478629468,0.0982516031480318,0.118518696988574,0.0806426653618334,0.277885676156666,0.23717793884977,0.165662298034494,0.0938528188575611,0.122146864712808,0.280589950068246,0.167706155829641,0.190958305998863,0.135157241667694,0.265894513958877,0.179263389954986,0.162602215671294,0.255180655441854,0.21914454493566,0.0999668134327592,0.114584379858796,0.288423764033474,0.245410767197318,0.210903257339505,0.278983431442047,0.207119943088956,0.266732813240136,0.183680434890961,0.11855615103084,0.113489147092145,0.17656912408887,0.185661358391943,0.100736017298665,0.0898094122309141,0.072647214851515,0.0824658097640473,0.244009746341154,0.145211990128154,0.127413203801449,0.147916313157069,0.197429575391634,0.110325045262241,0.179698487097536,0.19639076313292,0.151044619304112,0.17572881563784,0.159182592722573,0.117751516675327,0.174813020914113,0.0781578566590866,0.153218385081617,0.127384980926552,0.173604988865016,0.0862797348724903,0.17220805242603,0.247070265695889,0.121974681569339,0.151325577930608,0.125746428353234,0.165360596808831,0.16722726598958,0.220149192484155,0.177014067618495,0.215983055493077,0.206818948955834,0.0746126251933368,0.161832193869531,0.239428148505332
GSM2714770,Normal,0.0486316385925104,0.11009435616229,0.0868716168051316,0.154763877447548,0.124713726840649,0.102399187344464,0.207207876523767,0.0875770574056943,0.164504957309206,0.171742421529882,0.151102735430043,0.154714673303539,0.115408581302595,0.162632614048133,0.205057007230681,0.128507033344358,0.150297837637178,0.165065105903658,0.122807539604068,0.142953623542006,0.109104830470617,0.213896367639465,0.25072842095166,0.158096006832081,0.091820213048587,0.154161789577223,0.0770102342932161,0.116237160444982,0.088173708720412,0.0724564557792868,0.12072848435502,0.0707815395608745,0.119367264060747,0.104251007185336,0.106631905447419,0.131062758537726,0.145284179221906,0.093696879404465,0.115984870455563,0.130662445889359,0.119838128034993,0.102832610032805,0.112349812511624,0.12875142222472,0.0879279241684106,0.106455776412609,0.073140264070522,0.193575705233557,0.158829449326035,0.123381852860783,0.0851638006756841,0.094403027317817,0.192161885328851,0.128047114861063,0.115890690409314,0.120348086458349,0.180828838874955,0.172216733402348,0.128599637920655,0.177227526428149,0.156026088128034,0.0942595020975109,0.0964542093698524,0.197835981086311,0.169562428103436,0.144326954721711,0.209592038802688,0.148627087109922,0.189270567729255,0.156544627219044,0.108172572281982,0.0652963018673284,0.156435693511422,0.115229170122835,0.0684287200035194,0.0928961605225926,0.0686230888001121,0.0916758515553829,0.211367618750469,0.167593766525137,0.108500052729375,0.112389587812185,0.154668545643551,0.0990831837111034,0.0973751961965009,0.0974498299580346,0.120559098180758,0.126170770823196,0.132619130255595,0.145040473997284,0.119387190782999,0.086398398648696,0.106731470170291,0.109234818012737,0.103008508791537,0.13585944179343,0.143171663971645,0.189147371253135,0.116515568486919,0.121660225433046,0.109057465975901,0.132736511888054,0.11031401467728,0.1902340167359,0.147394135953854,0.178726433226917,0.143683641513283,0.0819334204379782,0.137502161209129,0.180011086835715
GSM2714771,Normal,0.0635002621961443,0.219658871280324,0.126021455985812,0.195839055513214,0.175152187358187,0.228388642379855,0.338250552563249,0.125142906945618,0.191249143311082,0.276130931486768,0.18859791409126,0.236535417347648,0.171031193109211,0.303732130313689,0.334298104374149,0.236917050815816,0.265136340083392,0.281748384729931,0.234136094663787,0.223868060551236,0.174464717472018,0.360127896798768,0.39765059279564,0.251320877926049,0.146818886466853,0.227580552370056,0.102951977150443,0.143336645671441,0.111697899815867,0.0810129479325104,0.175145710258689,0.10596702287821,0.172660916619263,0.159883854221359,0.1613758775258,0.182404181296327,0.222050640876276,0.141836849674359,0.155765175260391,0.171870324248492,0.154171391201779,0.173779330332728,0.146978282756664,0.161014134577194,0.0886004181387607,0.185965127712487,0.102965526309261,0.325446645000034,0.241103304659367,0.20346792264237,0.128653595102545,0.126451833998034,0.312278089698081,0.224257431363278,0.182623672166381,0.173240751854385,0.306277255135156,0.272992725666833,0.20919036793266,0.314193707945949,0.245347390339532,0.114348647034393,0.154766865815653,0.338398158713342,0.27287462513373,0.210457256210045,0.330343260563506,0.268384883175642,0.29801576190786,0.193342559599277,0.178559944138064,0.132881515949626,0.245576011877565,0.212918968785204,0.123553917643256,0.129686962261,0.143549234390016,0.112791433098046,0.330902412113218,0.17452407205701,0.124032085701418,0.154515720633438,0.259134904731218,0.139944326991662,0.14070490734761,0.218881335620774,0.195460559145148,0.169030238970574,0.221684485210228,0.152092299620092,0.232106803676581,0.145167404171007,0.175918789308414,0.152552044016959,0.201581645028774,0.3094820593467,0.193175323077991,0.279250710702759,0.188237277653851,0.168934186491349,0.169556717349336,0.204141178367626,0.156226228371488,0.264421947132167,0.19669118156019,0.312386467908168,0.239714304130367,0.134132717566986,0.276878883495515,0.288177424553435
GSM2714772,Normal,0.0428634044997538,0.123029607915756,0.0851275176321371,0.163391705920083,0.125729564644295,0.0903214750770636,0.213031079160501,0.0900047785886667,0.144763004120737,0.168942464667728,0.157361383571484,0.16144866059617,0.115271518264648,0.167255404434753,0.171890044256568,0.118557710894814,0.117915799355578,0.146609803928968,0.132560530999687,0.142251041874798,0.106108267121973,0.188543235795056,0.199497963019091,0.159340030975005,0.0841240635751491,0.158496394584,0.0873510845412855,0.130475325366066,0.102249887228659,0.0744583845851762,0.13261143959149,0.073626422661949,0.116616035289027,0.112819801680956,0.112244209514071,0.124156108548752,0.160006474009377,0.105280558065011,0.105755016964772,0.110480406100147,0.0992731455311685,0.106446294131303,0.104426861916248,0.127413884375668,0.0934704377476029,0.105272202785149,0.0873980342887682,0.18573205873868,0.164906419457363,0.123070725772831,0.0939254349219468,0.107881404946855,0.171753085871324,0.134430231744284,0.1371157493853,0.113480027171168,0.174899681868674,0.1603502306219,0.132424710992071,0.154119549317251,0.170493526470593,0.0965566838758865,0.0972881646170657,0.171266844940277,0.189137830720986,0.142831903149986,0.157904983690839,0.140136406899595,0.178953976600884,0.162487979444928,0.10374316298315,0.0641190630022484,0.176135848091619,0.11616273072842,0.0667292151878583,0.0980413936401267,0.0790211209992246,0.0922463711700438,0.181056756824012,0.182906404871874,0.112436370433247,0.119365956796358,0.15183752992869,0.100641514051411,0.0954926371777731,0.120347086395576,0.134820449199427,0.128749820836719,0.115643692971221,0.117805085157974,0.120656312477943,0.081319932694919,0.120885915574707,0.104809281552276,0.108319124646265,0.083930716064906,0.144210930714897,0.187391533772639,0.0899275939031347,0.134351510521311,0.100127691341881,0.131115467061291,0.12617058985849,0.187302408887029,0.139773366588559,0.151511440381153,0.144888271455827,0.0762569130025885,0.127090886882533,0.183906196053794
GSM2714773,Normal,0.054458584561977,0.122299712766771,0.0861140726529927,0.163009722946921,0.143038457820916,0.13868317291807,0.175237658152509,0.0996042382781762,0.155549661077671,0.184691781420882,0.152657369263684,0.166509615984932,0.129167685403205,0.188981534864248,0.180089619792226,0.197071027880676,0.198915520011944,0.16925982834565,0.159357179405668,0.169680953200185,0.116295085351089,0.253016526109935,0.301417366735725,0.176269517822301,0.105981272167219,0.143619526556566,0.0912518370850437,0.138627634839445,0.0966318430585882,0.0851499797687534,0.133591587646675,0.0793771297082202,0.13601637148068,0.11080927323993,0.117599968417725,0.124207995506989,0.159967582205218,0.114087406990146,0.110051935276715,0.101305672921504,0.116853397879153,0.142583990136723,0.100770573100886,0.13496553495891,0.0845432619380212,0.114652254037556,0.0995851777061175,0.240727108087315,0.156312389256889,0.129841734765174,0.0891992133976349,0.106483696471597,0.230747063362341,0.144700003462715,0.139071167087289,0.123457138761517,0.199941775160828,0.193067769691953,0.147263882166066,0.209031595110764,0.16847362837077,0.0919094100118371,0.121178592953623,0.227307602429161,0.192465850227719,0.143042000793299,0.233814709338494,0.167186895292839,0.215890006371959,0.148030752888697,0.120879056556598,0.0784313658581122,0.181454675175392,0.137026536349299,0.0745994192488601,0.0969829233499171,0.16417966274342,0.101824211755484,0.198349845810421,0.118462763996009,0.0979924525675295,0.142864171972607,0.161300915194622,0.103270372832655,0.119026992800078,0.142479085727781,0.130944813036184,0.137516305573329,0.147826066097878,0.129260149341426,0.123483156353607,0.0878661814395372,0.133198456474012,0.127078839596494,0.126370419150426,0.0911896247982238,0.145982817938436,0.182184386411193,0.10958911253904,0.149427659644955,0.119593506457488,0.140183123522744,0.127942391100155,0.193441681358177,0.140768263923014,0.159467786213881,0.162321869571642,0.0747228922823743,0.160618687375095,0.187703982923552
GSM2714774,Normal,0.0645165770214038,0.213545016407087,0.127381075285371,0.1920174688904,0.1849055629064,0.252194973742834,0.249689220830915,0.111273559923134,0.209081730589075,0.281773277931623,0.174622607640637,0.245285831730899,0.223464842525521,0.288961117626194,0.223437942679716,0.240685240789797,0.250502498056544,0.27496869189605,0.232154603090102,0.204763023397322,0.18016462857701,0.335594686277312,0.309274412818943,0.242653998096334,0.149248088006861,0.203024803934924,0.122726434890815,0.147178184159572,0.1324258969925,0.0908601266006751,0.159955926025545,0.125057622456537,0.181630129022453,0.159651400789476,0.172521466807716,0.186842587627123,0.226331514482387,0.176584602760269,0.137715307663952,0.171891854221439,0.134842169642392,0.15723539710643,0.147915417916346,0.130519387564034,0.0901061901363946,0.14123207352464,0.108273165558689,0.333894241979614,0.256374620692127,0.187644345957201,0.112457933045535,0.125074131163134,0.325607332980641,0.195394772094103,0.20819174118709,0.17942516057966,0.284600323439675,0.300454647515035,0.184404039125772,0.289078257720261,0.244136064728037,0.127524581310923,0.200019422410958,0.309529176721345,0.249580278928386,0.241250056520957,0.3191446365716,0.245638849975448,0.276206549154256,0.209333558239411,0.149021517032981,0.16462121636295,0.193702730378967,0.247115906849986,0.132257258031848,0.105792753551466,0.193894441168893,0.107767346607997,0.249108667818907,0.146700490396202,0.120373332449486,0.185535303242045,0.210689910475296,0.124958980903209,0.159790227904763,0.229056556073791,0.166738797244376,0.185548114485306,0.179113417590159,0.143291394507075,0.183248256226719,0.102918864799036,0.192770188256749,0.157525815840812,0.218225188704874,0.122998775006631,0.20714413761315,0.262164113536336,0.201206009159567,0.187452973465028,0.149873421102747,0.21268202927137,0.16003033356123,0.260696241993475,0.193313340886161,0.269273291903252,0.229990879869736,0.0874620018079226,0.234458961351765,0.26386486713044
GSM2714775,Normal,0.0498920109610383,0.132863701002097,0.0930919342294819,0.14935608853167,0.125575197104178,0.0837654422606715,0.231939446266893,0.101064587545556,0.170767614481746,0.178015697275181,0.147662730931561,0.181921801380518,0.118733569757789,0.195103182647694,0.216568618843514,0.135364851741834,0.132132496123682,0.199405029021364,0.151191023148042,0.149707740676319,0.124858860322427,0.238558002855864,0.281226686244522,0.161871512269162,0.112724071684737,0.156230145492678,0.0821104953182425,0.122152884583473,0.101828601422655,0.0718697917729964,0.134961649181202,0.0793936539528693,0.134922593806472,0.110147813800145,0.112856999341972,0.132431058787937,0.1728333626037,0.121251600319415,0.123242755494566,0.136674167630387,0.0970436058621971,0.108398243038422,0.108245177443253,0.121146458710939,0.0865504479105011,0.127999409894986,0.0900739068075097,0.206472295332542,0.185513739525241,0.135291486749386,0.0985457848369826,0.117567937649512,0.167303556726342,0.153953306882475,0.128304296801263,0.130359631639067,0.194138113229043,0.169881351663993,0.150178886713176,0.187135011245313,0.184152130576849,0.0904467064261428,0.117530514547109,0.208708580696922,0.209343420197594,0.163122478634039,0.196702472358137,0.152658519311751,0.221586249780253,0.163423233748003,0.100271231769168,0.0802821356705725,0.176178669974128,0.14553556978842,0.0700779695361918,0.0915196812954245,0.111284926151361,0.0964681289952622,0.205639999990061,0.115164572941054,0.113540963827194,0.115760312688692,0.189665369190698,0.0948383440081524,0.094638546795827,0.147662084834538,0.133297075107812,0.131898393015764,0.13335626134802,0.150113398469678,0.145264329930235,0.090933600891989,0.124350355669123,0.106948205543592,0.134080242684709,0.118589287058131,0.154725674757595,0.209695791626449,0.116360936354752,0.136543217493154,0.117167402722934,0.13663267597295,0.131694778002709,0.201841925891722,0.143160827275526,0.21470569550195,0.160156169598296,0.0726570819778551,0.134606779196872,0.184383939303471
GSM2714776,Normal,0.0454862016459967,0.100787054576191,0.0769544686223074,0.147883250573679,0.140323915639837,0.120633869242671,0.196667391067929,0.08309512738331,0.147378735597934,0.196182076183665,0.138746516194279,0.179498608165681,0.10889105273598,0.20313663477328,0.186989644412209,0.16625847703846,0.150518548830586,0.205559805516154,0.163037117144294,0.148959732578509,0.111314777716333,0.233405227071898,0.250254927113519,0.172223711731213,0.0971421142817444,0.142660433441795,0.0936344867796524,0.111698623502107,0.0925488699719334,0.0699256597554949,0.116320679265498,0.0907330844064468,0.126089684583378,0.103831633413622,0.116061984361215,0.107297870000215,0.158836589847354,0.124168365878979,0.11898273362228,0.121102161730946,0.100615324071971,0.113617788657999,0.120695405952774,0.0893489924905484,0.0934012230499883,0.103886608530256,0.0812360230228771,0.206230273718767,0.196172733306566,0.136541555788576,0.0767605551468703,0.119638464737947,0.197854593322699,0.146034369352783,0.17169007686799,0.122219329391532,0.207584268063621,0.188062017148514,0.149210311799242,0.196270657805958,0.173389643386715,0.0905084062068326,0.0956380864558611,0.209827064764575,0.19971661279642,0.158354273967558,0.216896145420953,0.157660049106243,0.209523425816842,0.156495861352432,0.0816977784918794,0.0926909307942727,0.146398397055987,0.160412926554499,0.0873967897277324,0.079946425132801,0.0845486136414646,0.0869143298252075,0.162999910309306,0.107877659626773,0.109915756985328,0.136456137541134,0.162859354047386,0.0851111196191816,0.123787404426587,0.133215366143557,0.125971064341753,0.1435385491015,0.121680279785305,0.11231353784958,0.143671289203385,0.0749936057729155,0.123374224857957,0.102449569844336,0.141787268956057,0.0932347709047451,0.153249480915465,0.179674188238034,0.121051923450884,0.142418530806987,0.108278638355645,0.140483948708807,0.127049304034693,0.18341152809831,0.139706669147677,0.181795808261803,0.161157731856546,0.0694054119169249,0.132349129840652,0.194599160359355
GSM2714777,Normal,0.0523436879400967,0.136117668741991,0.0885421573634402,0.176769825162214,0.158415279916844,0.158160734185073,0.168248352191775,0.0996634621535371,0.185303208393758,0.250087834634666,0.16728194651478,0.228399364136944,0.13432687033372,0.246255236295758,0.201976950546197,0.180779602876591,0.148554700083016,0.232818455009615,0.185962681524868,0.163766983969792,0.137895042878668,0.25753004951308,0.278174701612902,0.226305736809822,0.104091480612163,0.161160363560137,0.0975051793060026,0.119250259892251,0.095323177904375,0.0828734931430235,0.128156904612018,0.102749019698545,0.131772362143112,0.12162089257966,0.129193206598166,0.147444086951775,0.189724327959638,0.13208357509636,0.107072589014701,0.118444580150775,0.104265516314928,0.14256658911965,0.14967576325575,0.146301960939424,0.0978276458622443,0.102407548678968,0.0959402156855771,0.267229688515447,0.192355571599278,0.153367217522398,0.0929498905429432,0.143725947658258,0.260919541582342,0.167900229979808,0.21293939325605,0.148687286846571,0.230692951670958,0.242279957025092,0.165526058455254,0.246227431147822,0.184557858086711,0.0976071575623466,0.102312681132121,0.222679553646519,0.247097673645323,0.20689587648308,0.242391939180644,0.198574949805681,0.247007711602245,0.170146158054485,0.109443254036959,0.0987201983641932,0.194303556811072,0.158675003682859,0.0944803335009001,0.106416657798815,0.107491839564559,0.14598185203866,0.189287381607392,0.127735693602115,0.121608892584797,0.156782612681764,0.175181495787866,0.108296841661446,0.149148888448168,0.13571080465523,0.14532967027262,0.179343481253386,0.163733364759119,0.103525424173728,0.179851282562279,0.124640247559452,0.163433081917192,0.130318942720143,0.158900412341588,0.109116878436973,0.158540999218882,0.206900637614393,0.159610416450123,0.165372194130693,0.135748883772832,0.1500509831666,0.13601954922883,0.223472126157906,0.153954534507353,0.204379658138967,0.194433593104366,0.0718598051891956,0.172722289250281,0.245623117857741
GSM2714778,Normal,0.0909872788080759,0.108351124502969,0.0829428517053029,0.161275233499167,0.142980380162158,0.103894098851922,0.165522780907753,0.0997796252137768,0.16169296114744,0.176909548463472,0.164570525847314,0.16698410418207,0.127364317835075,0.220247155263882,0.153036382023572,0.145851805408359,0.155991971749426,0.204666838792055,0.138313792736813,0.152100968161052,0.131167257844953,0.21696038354536,0.272396626492663,0.170602109393427,0.143830797933552,0.16354023463183,0.105251164588925,0.134493665836739,0.104844973408925,0.0903454668838578,0.126258203262399,0.104950839875497,0.119789660799578,0.119742201442028,0.127036648988314,0.122953481512945,0.182034546877936,0.137252981984758,0.12337450442128,0.153979617757818,0.0953685647134153,0.12281602335595,0.12875439343099,0.135012162846465,0.113335468653544,0.107921596953207,0.111856820794483,0.180992400661701,0.192676090726511,0.136504437129995,0.104641843566609,0.150534248960479,0.169259175933765,0.157485798553616,0.1750462829031,0.142066773851319,0.230651954183281,0.180720202892129,0.154091155643222,0.202776117892602,0.167770684807225,0.101575971686197,0.141032027807772,0.176920620034102,0.205364801313867,0.172591035063522,0.224127889775019,0.149263260755179,0.215525316719528,0.165093158702809,0.108173889161991,0.0944250029149364,0.172075382902559,0.169824001527093,0.0840281736599904,0.120403487123347,0.102581807574133,0.114406692569338,0.187459936934272,0.13279626723049,0.157419155768993,0.185080902690654,0.183676116023209,0.0961293898991856,0.10504309834976,0.14478009053653,0.151606924354383,0.146081540005973,0.132027996523876,0.148136010318543,0.140085263860865,0.101366072904838,0.134069294966997,0.135171854933626,0.134565522231195,0.136518662501449,0.164437419609362,0.19083045629758,0.15057612999368,0.151635319986883,0.126578428361847,0.142773058378209,0.154038425363627,0.198154055108175,0.143400137985334,0.134046180023016,0.153014324394776,0.080743330728906,0.142214858211216,0.213874837212511
GSM2714779,Normal,0.0485104378749552,0.103779787141455,0.0753913989359919,0.137348855267497,0.125256111406856,0.139719309844622,0.194402990343497,0.0972272275606397,0.162035734090678,0.194252571347927,0.157878881210372,0.171686210788815,0.118055844390314,0.183237795714247,0.161420827087698,0.152801389858362,0.160400487536487,0.16460602268929,0.157071799233316,0.169115006286238,0.113365584032663,0.205750146495277,0.169515544262651,0.16152001056593,0.103199428393364,0.136425586161485,0.0922012979752824,0.152169278061426,0.0984480529805099,0.0796709621409669,0.131312951647138,0.0957927196959064,0.153003469083513,0.098993459748794,0.121421092584959,0.110005140368768,0.157453660544929,0.120167548904651,0.122492931250547,0.0906786131658224,0.0830995373018285,0.149478406224304,0.116453154036276,0.102593645299409,0.0824493260831046,0.104185738741624,0.112080310138958,0.197150130066202,0.170140890200894,0.126182157728281,0.10719155952933,0.130601392051712,0.175643626200771,0.136116663820084,0.143380015924366,0.126200099931355,0.187563123108996,0.183588550115907,0.146247018305984,0.173269776811889,0.157593939474386,0.0958003562177896,0.115075048054964,0.179768617445188,0.190599380739488,0.145026419591811,0.158086145828481,0.136246015946035,0.19421858973138,0.154033208873515,0.0951679698919219,0.0804614463441647,0.155970805373802,0.142019372427378,0.0929988027356999,0.094407276210194,0.0825133647118526,0.0891288377286763,0.182204317596144,0.112607993027931,0.0980560038994999,0.15463151236539,0.137027555757379,0.098788578636348,0.106149700650316,0.147421567727034,0.123067696408245,0.139934780061404,0.114662738543677,0.105810507702226,0.137325015745293,0.0837000306967359,0.132528455047863,0.109928470920259,0.124908511339489,0.089227019456063,0.151288075935641,0.181333286110523,0.0939258956859808,0.145814848078386,0.103569247096799,0.15483115997607,0.135514556664642,0.191149295925738,0.15163150474233,0.140321852679845,0.135862480662737,0.0750102642174904,0.119317157806142,0.188360069241183
GSM2714780,Normal,0.0606532384790102,0.120840397886838,0.094527518198527,0.167394053552534,0.138160756557414,0.0990301453155833,0.221059285779981,0.102803665034399,0.164900813269339,0.174339967139502,0.145617468789895,0.200252635302271,0.101156257369599,0.193915627310616,0.207698641623215,0.148459878165801,0.183659779015341,0.195172992596571,0.162728454992363,0.154207282630134,0.118344070616375,0.219879125308885,0.240211782881175,0.187577849709769,0.121473089386851,0.167107301725596,0.0948139891613047,0.116960968013229,0.119697307237646,0.0808627516271498,0.131666075368264,0.0885179537184231,0.131868799643869,0.115591715702882,0.119141388693982,0.118950411781122,0.17125627534432,0.105791635748149,0.126860232720173,0.138172527107563,0.134287253680475,0.101346779097122,0.12651939674141,0.126834939952083,0.0967097144574426,0.118829426496803,0.0949381639767548,0.190540442625877,0.192496822921096,0.149361446557493,0.11745756473492,0.14384605252608,0.194289397750524,0.161276956609844,0.163520255183237,0.140398660822211,0.197221159649962,0.187639948510599,0.152406041253734,0.205554033904494,0.181286456974707,0.11059648712073,0.0985004548793957,0.186835985926329,0.210583664278398,0.168957458999224,0.206958931187947,0.142596364079075,0.22954144797431,0.177512232736434,0.108504620292781,0.0821963568377913,0.168399972629709,0.14579681889545,0.0885146389960565,0.0903850858314017,0.0799264849168549,0.0859718962177697,0.196439604730893,0.118089364928937,0.128362398959982,0.124127584129604,0.199087928719927,0.0978043569795428,0.0780694233111165,0.121967779256943,0.147331640241043,0.13485563389405,0.133849052721316,0.136399806157143,0.143083341252594,0.108063018419905,0.122321363376749,0.113656865800429,0.131677339018808,0.121899647562268,0.143895023936294,0.185234779439601,0.115513806179371,0.137200419833702,0.114517529022713,0.143002137177255,0.140911785576718,0.199308439926057,0.147770499282902,0.201398867941283,0.155576696772222,0.0977125962249531,0.132835272618344,0.196716312799419
GSM2714781,Normal,0.102462160698012,0.167244929101021,0.0983030609461401,0.199651647318833,0.17218011531533,0.145989122664732,0.166430978655112,0.122167976852035,0.177842349624486,0.224994585245428,0.17949612954271,0.167270586669614,0.13127188258516,0.232215803313849,0.188955413696748,0.254386403949614,0.207592874649392,0.197057883309064,0.139505509400808,0.169486134826692,0.143361973921407,0.258990829699018,0.305008304981287,0.199275667844818,0.138170177713119,0.180796687397755,0.0952329881195067,0.132163366858393,0.108350261338235,0.0945384961465282,0.190081452495006,0.0937034465852005,0.152058390678244,0.138092302274522,0.126318213897506,0.161757139962446,0.189630010468946,0.162609031620468,0.1281974617898,0.142478771947414,0.216916849595304,0.209334090382293,0.119776506356526,0.166293782977839,0.0979041464556162,0.0959335832204941,0.105326622222241,0.211553074697212,0.230732588154802,0.165193036745726,0.146179273473995,0.0945426487194606,0.20640366659181,0.154551363620024,0.160519021175336,0.150935359877983,0.242659865535052,0.189780206504615,0.167222314399099,0.22796797029392,0.176595121295134,0.091121823620277,0.194055577557979,0.237865125007911,0.214150748923691,0.176546759177105,0.207888541294324,0.16174862491301,0.235216900909307,0.162175614793856,0.140130901924244,0.0818991823985882,0.22317876573474,0.188525829587284,0.0712816608961183,0.13677225165455,0.213702982348751,0.169264378418376,0.187044608175514,0.181331475043259,0.125287486386059,0.238388547044245,0.227930597230339,0.122529488706414,0.129635208544381,0.149891049698814,0.173625823966654,0.175211137418014,0.165879393850861,0.199965479420888,0.158133999301029,0.100931337938638,0.171432172058235,0.168196151242164,0.140624848761728,0.202842047639505,0.16856859353445,0.242895204063591,0.155083552759192,0.199798308707724,0.158014448820438,0.174633740334805,0.156633293591042,0.236715887761094,0.173285837453671,0.216474248617341,0.176576402079078,0.0856109548579557,0.19009864841945,0.21553497717684
GSM2714782,Normal,0.0612830174262525,0.197379336497335,0.0963480155753982,0.211775106893689,0.202469478139505,0.233642889966939,0.183717411009665,0.111938605626001,0.265016078509645,0.319026230389567,0.185207189187248,0.267417960985647,0.164863870147277,0.31450594348166,0.271881852567945,0.192003908683969,0.237005444906088,0.293306549895258,0.301184984865444,0.192577773257793,0.194484521129976,0.350853814948491,0.348197897382118,0.313613415128534,0.125498982715534,0.182993080366065,0.103405917691845,0.145053530618171,0.100867032958425,0.0961574866734516,0.152271149629042,0.135733129672785,0.15537583761654,0.152468302731483,0.151657003623605,0.164434924575836,0.227236993865618,0.170038594602388,0.120963803302955,0.143238772998949,0.156218676669154,0.210694835739417,0.19166031809353,0.156860249554963,0.103388803395572,0.104059703333252,0.0954016180290928,0.342489077039703,0.29698390161012,0.168954941230524,0.102426015752115,0.158917567288723,0.357231870818495,0.209742119446915,0.28511852709988,0.178034103017597,0.330676820039983,0.327214410285986,0.19278186704222,0.312128511090099,0.244972158869632,0.102662404785309,0.179496683671761,0.308959256158306,0.314148488435684,0.254826268164048,0.309798697457189,0.243959218343164,0.316338261003363,0.162469540340263,0.121348596147053,0.129432389595624,0.182756093533449,0.231948059814978,0.151801288902459,0.125412176474521,0.189312448842571,0.201341645224661,0.229377992986573,0.148197589590117,0.129368219308776,0.178424065988274,0.207511940597185,0.113534784649731,0.232406211061214,0.213815454710584,0.172210829375845,0.186010595045835,0.187308164995051,0.148042318946019,0.247886442775142,0.161992893882436,0.2079001584801,0.153723388317158,0.216921647194367,0.145381803864832,0.166577308542602,0.240350751296797,0.188450844412676,0.245246923721957,0.163355636964531,0.209924124794296,0.155300722196701,0.281060611923792,0.166429067283656,0.265534443918238,0.244825651323241,0.0846994890849972,0.217570158509445,0.325746756398979
GSM2714783,Normal,0.051754667765911,0.146439331106835,0.1001125792748,0.175775779758508,0.142300374964213,0.152078458910113,0.250029260138842,0.110258455417835,0.188164513302788,0.214543223717281,0.178235805216574,0.197793023545456,0.133366335114324,0.211167368853278,0.260443053057518,0.178127951470603,0.21863031454423,0.212447814742294,0.192348624789987,0.178893060473814,0.145827783516023,0.295194780500058,0.270931973810878,0.197274048112188,0.110369293977437,0.191668030758767,0.10245968727436,0.125931563949419,0.103621157537713,0.08375386679699,0.148783571420218,0.0950790018405454,0.162151417114988,0.143170677587549,0.126671261525296,0.180697462254549,0.181225437544708,0.130790259854251,0.138862543028645,0.124715266190112,0.169460949019632,0.145135433392108,0.128820415900319,0.142390305514309,0.098190462991543,0.139521627878822,0.104406571260851,0.275643677757547,0.172706282053483,0.151402427672636,0.107269871354271,0.11165075877389,0.237490254934032,0.169660858742292,0.153713014530944,0.150555784863082,0.228119206099385,0.217117662131217,0.160100755608339,0.230310521380796,0.195138864165061,0.104615854335115,0.113159605130008,0.269828215949218,0.239128330802369,0.176169558713354,0.281616320768572,0.193459909726174,0.252083871584895,0.174707406666624,0.156112184389854,0.0910553572256202,0.178053161365082,0.173759169435922,0.0959501880292598,0.114705311154343,0.0949414165531335,0.103483232008551,0.27689663691207,0.124078605806834,0.112545859183979,0.138152043255684,0.21702545447898,0.104605831491054,0.0951606956700208,0.153381122030254,0.16110447786328,0.154403534128419,0.164845869995968,0.125792329793492,0.157459509454282,0.113217559901398,0.148003475742032,0.121910470342519,0.156284359210108,0.244069585712759,0.172700315512737,0.210320614634599,0.114602087334281,0.15451155276711,0.11846898814449,0.167996569842605,0.14630633540823,0.220395147226114,0.152086114190851,0.230861639870269,0.178079928455309,0.10181565430962,0.197111717109371,0.242264915974832
GSM2714784,Normal,0.0620641308491864,0.134399639176023,0.0828107484209436,0.17466026648786,0.162444673589865,0.115224678379063,0.193848524032985,0.114749277674026,0.170498396943932,0.206401692784087,0.162574578658195,0.241483379452857,0.135160376688247,0.21086330911634,0.207786355424311,0.163454957676499,0.15575808097352,0.188500908640136,0.191644330410918,0.150989068041092,0.128292424664067,0.246764054374327,0.193838378385144,0.178162499496981,0.113364880087555,0.149908745951014,0.101787943572952,0.120781844091547,0.109416849494442,0.0925065481886119,0.13981261200252,0.0952862229249533,0.13979381473129,0.131412194829609,0.127900738554321,0.165879384001856,0.178282565269591,0.132696027045968,0.129212531300314,0.123645336836789,0.1108024581469,0.141260349386166,0.130387486550211,0.131234173377538,0.100260235981092,0.12742460521744,0.0858483162792068,0.248968718328727,0.203330027880317,0.150360638890112,0.0959661610952143,0.136216173810547,0.205741760072794,0.151978894270637,0.175888694066444,0.137828189634791,0.211497969960561,0.222427296714945,0.156110550499035,0.214785442939497,0.185891731882476,0.107311951131339,0.117082076683061,0.229727143008207,0.213727630692327,0.166590426291204,0.195720382446672,0.15772265555359,0.230636649350878,0.174214268729065,0.108462324727133,0.103676293442197,0.187606040675418,0.163849853711931,0.0903563184322611,0.115205561842843,0.113841064327493,0.0970550857732065,0.214384337875957,0.115503446901293,0.120512152568906,0.141352637740707,0.166625060984232,0.108337053708676,0.116175895257609,0.152355694056026,0.153359593482393,0.147826311661947,0.1295157497599,0.128713302431752,0.143104055055022,0.0984513869047766,0.142144094248299,0.109392828970339,0.153624815370331,0.126236141930388,0.154049665062031,0.214222912061453,0.115497043915495,0.15394421650562,0.127098822872415,0.152894407666665,0.146723598309084,0.207492094044808,0.152531294633234,0.178866017135192,0.163982752900125,0.0851369929674461,0.151142254932319,0.207530973323215
GSM2714785,Normal,0.115572929988792,0.191324554102979,0.123689462729626,0.21352311601469,0.18597255794139,0.190032176019212,0.17039657954013,0.117021263475673,0.213682710102806,0.314633555839482,0.192483408854912,0.222022431428013,0.224692901276261,0.343764309973728,0.230771859869487,0.192255234678808,0.213428728922506,0.280054079083487,0.213683657210887,0.19477330793404,0.206418956492692,0.313870969378989,0.399516044188975,0.273711108073479,0.178441069258509,0.242867383842693,0.116001183105261,0.141593476166335,0.0996212830709107,0.111392331386419,0.15555386682077,0.160326211907445,0.159335855206388,0.158279282707281,0.166579114140973,0.190309024268456,0.246885171630232,0.192377784223858,0.130714459498119,0.252499333998941,0.109699083706746,0.195950170599986,0.152745298731323,0.14998518031712,0.11746459497382,0.108263419728951,0.147068041746192,0.3579731862525,0.250240553199015,0.143511836570277,0.106148954127075,0.165027072008197,0.231540777213676,0.198482599477919,0.268719446424547,0.178983745290965,0.316939894549644,0.305182971419007,0.196551503037091,0.310323586330032,0.242703696717175,0.096041979766268,0.243140109446094,0.34066191361512,0.296899676556838,0.250428176435704,0.298949239639688,0.256249271004542,0.301738760111851,0.182548228000165,0.134940734615965,0.151746417946259,0.169201180703732,0.278118886503078,0.147990303938362,0.103955605594668,0.237763695436184,0.226788229696287,0.288079949333708,0.236510300582027,0.170673252567917,0.208051312163008,0.247285555096845,0.101192172185811,0.265039326845855,0.217905710639601,0.159881993345633,0.180700297283913,0.182404520626386,0.150329395007671,0.229121028899569,0.130372763433814,0.217123878754267,0.163857905198072,0.210440962824481,0.185994049519413,0.187092726817877,0.277074500409384,0.270248629644258,0.283789118198378,0.157577904786728,0.225290736559421,0.175695058407964,0.272970635934125,0.182295847565315,0.22292264946231,0.268457014817696,0.115053970476081,0.227925723052435,0.330717968192957
GSM2714786,Normal,0.0589254782400677,0.101355667830219,0.0806899050181431,0.16423820947523,0.149268897911307,0.118120668022033,0.171283957635123,0.0978041508542487,0.179611220955872,0.19185202113084,0.15823754523701,0.216812446125666,0.111312885359922,0.199918385545096,0.184502345825938,0.134928375656608,0.13266886294231,0.188937478915947,0.142714974657973,0.158064727386889,0.119879069654325,0.195038892981354,0.19506548619252,0.149388497917275,0.100038174000359,0.152844232826826,0.103301677197638,0.138838255556873,0.0986576524522223,0.0854278487533436,0.130960133403221,0.0973799013970728,0.1318118612445,0.102291391638571,0.124826436055595,0.117534096359572,0.164814237747786,0.109740536511996,0.121819051360545,0.132889782806007,0.0916082723939526,0.126734643431581,0.12373954000613,0.132138741282875,0.0951600703523525,0.0954135572338163,0.0985417801894201,0.200256925841247,0.18827841968115,0.131131161744709,0.0811357985184313,0.142112492360377,0.170311807696517,0.154038597340232,0.163033806813104,0.1289897002899,0.185837966413282,0.188725916353537,0.154308138616693,0.183741505185049,0.161326445531304,0.106145440094224,0.102257715177135,0.174279726074402,0.198843406924042,0.161087538295293,0.154774788822696,0.141239246267647,0.182442803696115,0.172999033982449,0.0998875330389829,0.0794883174773852,0.150697823529363,0.145905721235863,0.0959740493880255,0.0827335712960005,0.101676398980834,0.118232554575677,0.178897968857822,0.118310505669038,0.117125711123912,0.156842255999048,0.151272647536578,0.102920909168192,0.115542030251071,0.12392864841294,0.131354552963507,0.137163081761244,0.126548513369835,0.102941810757755,0.140399637785451,0.102386621231067,0.135331662470482,0.116192994276268,0.12582969166122,0.0998800102861775,0.150372283460428,0.176079356852266,0.107264262212543,0.162153451097273,0.116769425320959,0.14557293279385,0.132903680218149,0.202151092305732,0.149095897906798,0.129272232646716,0.151441574575631,0.0730547044162303,0.125918772660599,0.187779107524592
GSM2714788,Normal,0.044702055140036,0.163308434405326,0.104598422326883,0.188853739996475,0.171966797138033,0.162754281696825,0.221719845643451,0.0847684772175552,0.160157432136636,0.283532058630447,0.155660037966961,0.26256008674835,0.11342957237168,0.280479686637168,0.193395429173599,0.214727458090693,0.212911402698407,0.261545619681065,0.238561385137727,0.16139771093463,0.118563014140691,0.337280470517747,0.267687207382646,0.250840753531198,0.109126214287273,0.187050700238975,0.100707088525281,0.117984379134803,0.105793484749444,0.0761392855705411,0.11475595656811,0.100169587861005,0.13064026733059,0.128994209970964,0.140122532127631,0.146805545725424,0.200012923757783,0.143056529964566,0.128699896123269,0.20957792921639,0.140516868860827,0.157153053562754,0.143259479993692,0.121400115642075,0.089241194041964,0.113198451984904,0.0765328857046367,0.30568325192181,0.273242766077868,0.167516027268309,0.0877821480105745,0.132401726131417,0.298972188579718,0.203014854206422,0.221277570086374,0.158052313946755,0.265514418673101,0.278469213776133,0.16447328020839,0.303876304341881,0.206494139762291,0.104791459477096,0.127827604419092,0.309693840428512,0.265988823085488,0.219950476934467,0.325196410090896,0.224665997289352,0.293254129046641,0.173178388596796,0.127770603782378,0.122959941026992,0.194982431829909,0.176463515231295,0.104839412249828,0.0777790137306999,0.198329954391823,0.089974958264464,0.172414497612621,0.126178033674145,0.128747202148759,0.150395287204719,0.198095024318144,0.091393579552431,0.158318808378771,0.181892399364999,0.158269499499905,0.147963700941363,0.170423823894751,0.11685389855224,0.181450588536089,0.085623108458569,0.161745675485313,0.112868679547242,0.183808864755882,0.12668914439477,0.190345401659673,0.236258502071169,0.208327906556648,0.148266240817598,0.150940079222221,0.161373206607782,0.14377694636426,0.222450525192564,0.161170174089562,0.256166465585996,0.207338731650609,0.0610560760895565,0.231291617117472,0.290253713392496
GSM2714790,Normal,0.0479043993618188,0.143950858896707,0.0844072810553326,0.196803375967436,0.161036564507289,0.133351611876663,0.143181668747821,0.0984872391768311,0.169416033436437,0.262922646105549,0.17814961030646,0.189931642166135,0.138695661908552,0.239793118590905,0.217546426078276,0.182399697772884,0.16987062543175,0.212782127611908,0.150456423813415,0.158962229317146,0.145667608347211,0.257925508009706,0.324444179905982,0.268533523819349,0.119839117940666,0.177571570684028,0.0888530448337058,0.129135944413831,0.0941203876655947,0.0904727141018812,0.145207871960952,0.10038799006128,0.130695309847542,0.123713459689065,0.128501484850383,0.149715418653203,0.190978040902915,0.144799130131766,0.123793808701439,0.13234019134292,0.0955537166089927,0.149301487612171,0.131128418643653,0.150440877592987,0.0903253248109353,0.096238584101412,0.0985616446992556,0.288887539033584,0.203045053065938,0.143942997943209,0.0989893365537601,0.16431865532005,0.246015750618245,0.158819963988959,0.205308958686901,0.149156936855153,0.256064300520367,0.236079180984926,0.160857544919761,0.258035751684469,0.18774416701039,0.0808614739022083,0.123299190416144,0.25871907672454,0.249952950368388,0.192745464601064,0.237023105450095,0.212762257777522,0.229917714036667,0.153918088773957,0.116964404314543,0.0965764662408139,0.178663408620243,0.185501316047638,0.0938422033872595,0.105724337055538,0.105664839831997,0.166803733376407,0.203235109770207,0.137127328762767,0.119665285998911,0.167360018856519,0.198671951219052,0.101205400739912,0.202241594235463,0.15326684666166,0.148669412891772,0.158285126368876,0.15683782088031,0.103974246238777,0.157104384745212,0.108336407551231,0.16417105638198,0.127741444729,0.149535200930929,0.0973453869138022,0.1489712793603,0.212711420811035,0.136808226528748,0.184341192501903,0.151106940622937,0.145161890457987,0.132499114510117,0.236052451828319,0.153442627433629,0.197195821655053,0.187727688926065,0.0706214665620659,0.158543273571038,0.24170278986682
GSM2714791,Normal,0.0526689931265743,0.108421650412636,0.0859666833204524,0.17244213111348,0.160491516269032,0.129550524482831,0.17638301723668,0.102139615591906,0.160496950282123,0.195050374917026,0.168542681198139,0.227766951907379,0.107563667150977,0.204184930430921,0.210111575538064,0.213885481832912,0.169460805489829,0.191735644560168,0.173576969773117,0.167366227853989,0.128826793631914,0.245669116969515,0.238673726173196,0.188583903516327,0.097340015270099,0.150370191585401,0.0969259722164279,0.128155707352614,0.108884117616578,0.0864619612969035,0.127981388064703,0.089740732260371,0.137195300362879,0.116398643296284,0.124714105472592,0.139882331405091,0.171967614011865,0.119857868823098,0.116115227887322,0.11944081885733,0.102625691946101,0.120408926717228,0.139683225309917,0.145178705527884,0.0950867201278348,0.0973927880567256,0.0952490246274557,0.239630120486176,0.202683794751791,0.136568243643033,0.0812470599155903,0.113391877025958,0.210384570888474,0.162241356374656,0.193981975036221,0.128135547038289,0.215419414919389,0.199588695368681,0.143203609431928,0.204609643458634,0.172906966294259,0.104194618750095,0.111013628393753,0.199330146674084,0.206790336459359,0.176881165599737,0.222075704889462,0.167794743644855,0.216922480014838,0.170708677234615,0.109309112115901,0.0833140553938881,0.185079758949906,0.153221906307906,0.0934289319276919,0.0991736106466952,0.0763464001712397,0.129837699685967,0.216457936480934,0.151164997776026,0.129221313690401,0.173848633995262,0.178512961180387,0.0990509952521178,0.14467318541457,0.134722589865411,0.132922807111323,0.148519120931982,0.134996929184378,0.1127837793302,0.164588226479322,0.110174818494712,0.136864067624162,0.132137009909169,0.138064570442404,0.0900368740944497,0.166439474181575,0.199780939518714,0.0997399999119846,0.155147954785814,0.127687030402893,0.145092085434431,0.131465699967772,0.21604498363168,0.149956378478146,0.172181449908637,0.158759837758355,0.0715343159330261,0.155164057201648,0.200324628533705
GSM2714792,Normal,0.23075199882188,0.277905023191325,0.0727025155061949,0.269492067143891,0.248562238137962,0.159672583082382,0.336916817296466,0.068035091600005,0.224123152578005,0.202325440529868,0.231678178095883,0.241493665230097,0.333256052756589,0.255574728619657,0.264587738159712,0.173218933198974,0.193776741893912,0.282563004454797,0.230526341995184,0.258133448053935,0.174159020770078,0.2002078437241,0.260284380423866,0.300541394666178,0.272122606381851,0.21443847622679,0.196077226047432,0.258545491656972,0.0899333029914634,0.131085530849835,0.322813333528585,0.132151124662167,0.22495748702263,0.0940789419172816,0.212469731837357,0.106127998958908,0.225198028103186,0.21696894644277,0.180036584730618,0.06965880521867,0.125092520488316,0.300882101294694,0.078696867209195,0.199461296104386,0.226762647545304,0.194974877939077,0.166671465333256,0.364816985877088,0.249448689607193,0.170152917689892,0.128004931259393,0.182240874548166,0.146769648730158,0.128321668667944,0.197935591005389,0.202996025459662,0.296336024266301,0.210432982792096,0.244593258161969,0.193012827491189,0.215332862222913,0.122107563849299,0.311379803239625,0.271063061157185,0.250624838588304,0.153644477216205,0.256548249300745,0.249300961736606,0.270353437593282,0.23834548385963,0.123824451356717,0.173507288370477,0.241688391783545,0.239992632353414,0.17152713951445,0.1812297444313,0.0479753045844726,0.209601428710396,0.265320275146301,0.15045528009105,0.0566753097606428,0.218969862007091,0.246458643357289,0.260238705953745,0.175861417338345,0.232316498383205,0.255995594129595,0.266910936331311,0.200212166158865,0.276074453831316,0.136536903157888,0.167826779322192,0.208918511309107,0.240601518473878,0.170683245596935,0.272973461061695,0.324146389510203,0.310398627632979,0.0510808490874798,0.14127466233361,0.215837404721511,0.218936059227431,0.206856077737088,0.250227245980412,0.198405650342051,0.176341888043311,0.266121009592785,0.104559105343148,0.177719894986274,0.262415309965868
GSM2714794,Normal,0.0451924852221012,0.107745999614041,0.0844625142484463,0.142315990049885,0.13731451171356,0.108610964787288,0.17865173308909,0.0808701654158589,0.156246210380459,0.178242230714339,0.151627247199992,0.210652715217831,0.0994878774462641,0.192555805361625,0.174525910189802,0.129687833154733,0.131963168579695,0.187953391772698,0.158661735699486,0.147664673435801,0.0932941142657676,0.223287603195195,0.250331767438179,0.163360571347393,0.103505262744277,0.133299600887813,0.0821493348655125,0.114066693950008,0.103120681313149,0.0698091819568651,0.112807879234878,0.0755492710731658,0.114600257724277,0.0905080917320887,0.104243104364399,0.101255396341861,0.158621636437497,0.131061107165825,0.111982592776437,0.128757844671393,0.135286123522937,0.127324379078775,0.0997335992013616,0.0994050083984538,0.0839497502267754,0.102195852126222,0.074489548321677,0.204287586315811,0.189721027954182,0.12918099322407,0.0750776371963156,0.102604792900425,0.198531632071284,0.159920086556301,0.143342967038558,0.13187824528226,0.214179162225046,0.178710099481587,0.131120599577455,0.198828037698018,0.181695563405697,0.0874800122387408,0.107887119134158,0.214185325360505,0.19211776073488,0.169059853777936,0.183962445126164,0.154238524268658,0.218536483242298,0.161641662174042,0.101629003200666,0.0780870787341028,0.155275051234617,0.1181324481933,0.0734559394333435,0.0804649371170095,0.0806717823421511,0.0784343255129413,0.170898311937101,0.178277456457397,0.118498567293061,0.131951090181937,0.143320214758621,0.0855167539263077,0.102786244038807,0.124234305481182,0.143092065312963,0.135573482553229,0.117361909066206,0.11376460146298,0.12850710999998,0.0826475536353249,0.121781524437148,0.113749672458616,0.135348095035775,0.0834974000893027,0.144950594531336,0.206688646955168,0.146510072039492,0.120961500045828,0.122090029883615,0.129528899659374,0.105862399897288,0.189097959628948,0.14030528156958,0.160449180331172,0.16031621707656,0.0587190634614909,0.147257856597546,0.216731136135099
GSM2714796,Normal,0.0637902097214736,0.19177504721606,0.112440341848697,0.184726902370705,0.158950626787607,0.179286603180063,0.310528183359114,0.100831849163212,0.195191291078515,0.282440213093925,0.175778974046887,0.254278399251699,0.17569517662077,0.282873655665983,0.292761135491125,0.196623913993354,0.183960849904045,0.28858951403677,0.245598222320855,0.196013327306645,0.174500127591339,0.344539156273905,0.350034191407198,0.230450864286914,0.15927417316488,0.185408111270689,0.117259721652768,0.124440881109278,0.166758531337484,0.0811955855299789,0.145836891886173,0.105153344791731,0.161612756324707,0.176247506653864,0.143527456698221,0.15279263814727,0.220376283034335,0.161911500220132,0.14791090952151,0.129414862095334,0.209846771674237,0.12430631860211,0.148429839330014,0.126444259488367,0.110130569211358,0.165368188894394,0.0903234395893944,0.31092484918786,0.212832366538887,0.203007665018019,0.118296434440902,0.146930829744885,0.333126381046503,0.210616440695604,0.193486018021815,0.173287902258226,0.294832948612845,0.263290231295873,0.208367102295982,0.307985762695869,0.239696661439571,0.110223474743471,0.241839744245051,0.305575834726792,0.303090770281853,0.203802979206609,0.295968408548607,0.273359557690994,0.302147651068642,0.195161964851528,0.147940536290055,0.127325524245018,0.167760499457635,0.204032016750976,0.11195485929815,0.0820857844339016,0.192989106324382,0.0852797982476262,0.349383149223975,0.118816635302305,0.138610149467223,0.16342875702522,0.247339205976596,0.0955370192275135,0.123549384450868,0.212393576587802,0.181520767132731,0.190758427962678,0.208560593160284,0.137902593150852,0.176557581067143,0.133476147233656,0.186875196425368,0.125282503212804,0.223534254270186,0.213490313415108,0.191241119880573,0.231013643243048,0.174024857782933,0.172123866038945,0.131185656706144,0.191512935336479,0.161371798400016,0.265139082445634,0.183144011872115,0.295625536764102,0.243259359084547,0.119514052137662,0.255882371292432,0.30921134178506
GSM2714798,Normal,0.0531071551003097,0.110144207069395,0.0808994476649436,0.150096764069337,0.119959712331437,0.0958278087091499,0.161688949405962,0.0953173238631421,0.164434030789772,0.162672560435088,0.154517018229613,0.15137673246307,0.157786687725016,0.177989197245991,0.145367947478379,0.125753483666115,0.111807207583028,0.155139033306327,0.140089788201642,0.144664080043078,0.110518110509786,0.167317199136862,0.162880830419739,0.153135946958236,0.110423158338524,0.159689484639766,0.0904995846725373,0.134123418431202,0.0978072253067867,0.0931029831663289,0.139604845362281,0.0866390517025375,0.140117419731401,0.0948670739431864,0.119330847168438,0.110690231680671,0.150138137964315,0.12631787063739,0.105888631991348,0.107336280590269,0.0815671039596476,0.154057729590215,0.113801052721476,0.112285749720169,0.0979425813193461,0.110354210736388,0.0848318492239087,0.162060892361238,0.156211696794925,0.117719961786311,0.0953928320111243,0.110329353837027,0.16790943925464,0.13272900560581,0.124520067646411,0.111026651874933,0.159538711552574,0.148517550790221,0.136212758696188,0.145019297954461,0.161085362319366,0.1022192197177,0.141429265785879,0.129657373735588,0.164630814574789,0.139594430739668,0.148499793065964,0.141228935937943,0.170972703428943,0.172694629553737,0.100450322623744,0.089520882839056,0.159620942267685,0.124741752773705,0.0812918297424087,0.104085802186531,0.0794381276915831,0.0912628917516985,0.166093316209415,0.124237133252073,0.120029262682801,0.136678932764447,0.12776957192717,0.096802593096786,0.0750747826785282,0.116118035653621,0.122067122718214,0.143302023192534,0.123281019575784,0.12057285528299,0.104315894272622,0.0806018551328317,0.137283328813424,0.10495386333387,0.100779109447413,0.0828967424491247,0.136751695729437,0.18269058936087,0.101016598494667,0.128859586369622,0.128334033827412,0.146415225029038,0.12533826994439,0.178865180846697,0.14261167017065,0.136492335158983,0.146588376311783,0.0660959905088298,0.105494836807656,0.162526649658769
GSM2714800,Normal,0.0448001730368021,0.162094125752539,0.0832409363773493,0.175526751988448,0.173200852299728,0.16710623646194,0.180592091453137,0.0884843370230226,0.164061486966238,0.240474245744743,0.159176322811967,0.219212323469877,0.143032461470826,0.25552275211224,0.205790885706359,0.205956266116912,0.213013980178922,0.230438270986435,0.208269493169187,0.1516790725281,0.136805089559629,0.264309029167794,0.338365795601381,0.229602049791098,0.107711444087712,0.198496496113995,0.09609358955111,0.115689254712353,0.107913532474752,0.0830726463733043,0.127764031250244,0.0985045325434489,0.134977333009091,0.125281971457264,0.137479908552878,0.128024099015407,0.196708360842238,0.138831423641057,0.126294593938542,0.116986166864131,0.135376110208923,0.131142540215548,0.14400719235447,0.108413919074715,0.097477108080765,0.107774953025704,0.0800222669589633,0.286891151408664,0.232687170725788,0.154938363446714,0.0902880630299917,0.122280233057481,0.265819253749715,0.166829185913981,0.196234882699988,0.145239141773243,0.272326576040685,0.268392566076283,0.148690271754175,0.277788856755839,0.222041021790822,0.11314173589031,0.141452631426075,0.27013882906913,0.257345735730873,0.223672698291106,0.273998475629361,0.198922021605534,0.259778477656532,0.176659949274852,0.117765761828126,0.107720676683421,0.163150104068447,0.206047211652772,0.104059747424094,0.0905540271354613,0.0795060357405033,0.119738420065703,0.17180921115851,0.117998487525698,0.12701907661234,0.169579017310182,0.153118073610504,0.086969883905229,0.149450906493099,0.169355529168526,0.144497719810599,0.151533990339526,0.13973766407368,0.123895225807131,0.152293890584248,0.0899617472993253,0.162992168077459,0.126201093372619,0.175137366045159,0.0864281893885073,0.176544027883185,0.239548320249762,0.148773458998617,0.157590909048183,0.129434271904144,0.161507190402848,0.130384454680856,0.233407842412367,0.155457408056368,0.213598115123753,0.206607274753201,0.0705929621912411,0.184791192339078,0.251620333573672
GSM2714802,Normal,0.0438347426811839,0.147029448980872,0.0891099135300421,0.156704412986694,0.140519596317542,0.113686962334929,0.231455416152948,0.0886444304180863,0.159820002161608,0.184893978089181,0.155366516805835,0.192685017229864,0.104665873183931,0.217610165087197,0.200405537538355,0.178469652253147,0.196123517249034,0.211363661300674,0.171812802811043,0.155095885001793,0.115361022253022,0.266034019705742,0.248504397324195,0.187652216732968,0.0953713910196607,0.16603823814874,0.0928057795647196,0.113350664716902,0.0988343762974064,0.0843847790236531,0.124220100319258,0.0869517358328087,0.141430619388592,0.114291355699655,0.116581193950017,0.127317554975781,0.17855415175878,0.13090815435336,0.125403041291061,0.123546741320439,0.128149366472,0.105665741110519,0.111293455323501,0.139025232500091,0.0927292758371304,0.118867368589973,0.0871572462194278,0.25159751322216,0.154785101113448,0.14366684493899,0.0831210270071746,0.138224889187235,0.232124263564165,0.169383925308187,0.155573391048256,0.147623669331107,0.226025370592178,0.198026663146428,0.170444136227381,0.215589742452854,0.19432186968754,0.112111414590205,0.093122201119023,0.238240042976394,0.230459681393506,0.187502764857079,0.208509280053192,0.181610345147588,0.244403856856961,0.175296191699614,0.0982962726974594,0.082613882750386,0.159188387589711,0.168999063606162,0.0772612946737783,0.0941322489998959,0.0768706361521286,0.0951033205909429,0.246074646679882,0.124110618078187,0.117016879485179,0.153330787000559,0.166473464000695,0.0991335067348102,0.0897507060556304,0.146244047716016,0.150326352394801,0.161755651988148,0.161216573968726,0.110849543084523,0.140565740435421,0.103773663502843,0.137488950093733,0.117017265552641,0.151541484263667,0.132696084592845,0.159563706900662,0.209533746452812,0.120818436593409,0.156931772721797,0.110567063664322,0.1475095159501,0.117994204440116,0.231914054555077,0.148341680515184,0.228114482899789,0.177809207821333,0.0720835040624643,0.161632408459927,0.218257515967106
GSM2714805,Normal,0.0625445605592394,0.168771816734026,0.0904635876702345,0.183751279321748,0.161937277332212,0.153429603057459,0.224315937837138,0.121475657668235,0.181646553367187,0.24021767977276,0.185461967581946,0.245751296494228,0.175468466512069,0.238801066461948,0.210010642901904,0.224451201354424,0.220935091366726,0.203706270620722,0.162869252842172,0.195173524196399,0.154617043730711,0.291617149583697,0.230924160614211,0.244354640466083,0.147133381453782,0.173169955500494,0.102311318113984,0.171310884293467,0.112033644772572,0.0858854476276452,0.156524023672578,0.107152622501056,0.180881353366813,0.164970600845711,0.149195956780599,0.15274642961785,0.186968770768884,0.13681919545944,0.140926988500761,0.129917843632907,0.116115602504156,0.155530530066085,0.149167913890534,0.15252143319235,0.101215828345748,0.116781472435403,0.12411149778656,0.274298382800038,0.22431928347797,0.158142690691473,0.0912090003529941,0.131786569844833,0.241603927827384,0.175980079581934,0.19085074015055,0.145765528046838,0.231109435212975,0.219663195691094,0.162522177365085,0.22033311420575,0.197144607343944,0.109703873824902,0.125429671460222,0.250780105145551,0.239334456025468,0.182375472720775,0.232906924765181,0.19872400751287,0.246090997077632,0.158809668824436,0.150269664087248,0.102933286816478,0.182295898458265,0.192545184891895,0.108925361156288,0.124000015618715,0.184307765469749,0.126361194448041,0.222174812072766,0.137513279390528,0.130499880041365,0.201429876781381,0.16745436849609,0.12588283006448,0.154810609881559,0.171863391303871,0.161005195683324,0.174980345318295,0.159672815647384,0.136846654274049,0.168184733583753,0.110685448690647,0.162438217317664,0.138177653311522,0.150895988378954,0.161841250666116,0.180577835304076,0.223595103446238,0.15139186263101,0.182941070973809,0.149943915914279,0.181529352726759,0.160970946224352,0.236231351907879,0.177485118613747,0.20315575900373,0.196711670377299,0.0919193794217022,0.161678219238497,0.232154336594284
GSM2714808,Normal,0.0492862736557744,0.184967937699514,0.0883753830123386,0.216237134270761,0.215589347099893,0.183429578628761,0.188238830085862,0.11687672100264,0.176411626222622,0.315515743026476,0.19555532726268,0.279777212528208,0.135365282977141,0.290015942387991,0.244994907759497,0.224809584429885,0.262927865563064,0.282352649428518,0.242191864614702,0.202412180440636,0.163708277449341,0.339205271171501,0.31477580816219,0.279592278909638,0.108730285184741,0.191894134875239,0.110315263129794,0.144798973784869,0.113926863211533,0.094540959577213,0.145023344104261,0.126859186792449,0.15056716789177,0.162394426247763,0.162106327778172,0.194487059510933,0.222639350833986,0.162049111111875,0.140083724349207,0.14538702453392,0.147004030060906,0.122339491174408,0.154996230872799,0.169011882420153,0.112740889296366,0.115192299781745,0.0942581776527511,0.317358925636965,0.255708890510241,0.178170543225666,0.103383306802055,0.190331747636776,0.342345663206978,0.210326005220186,0.267886344004976,0.17686244234399,0.316160296832381,0.282325385523532,0.187942053052231,0.31955021456581,0.229562110996959,0.114472185892116,0.150532257419069,0.325801807925763,0.296495098930227,0.256756670196634,0.341961883672356,0.230303789642773,0.316947089651419,0.186234337104409,0.128683954577662,0.150256353571782,0.190187612289218,0.19960651172812,0.135367946276746,0.109607892196646,0.175071947470814,0.142507047197648,0.204596070043233,0.135924473611047,0.130945502996887,0.160591092620454,0.220953484859441,0.124179964202906,0.172832303301784,0.198258285677647,0.174038847481474,0.200388687443886,0.179739454799144,0.130427098521896,0.210268764737829,0.141049028967887,0.213672770622762,0.139942519345134,0.222836182048926,0.12776841267771,0.185882706217684,0.262212451415592,0.209160558802515,0.197530467185163,0.164720312588861,0.184804868056859,0.15857184886085,0.275956264279122,0.170783351686155,0.276507040526467,0.260839419240178,0.0836646292344824,0.22005202249097,0.318539868474489
GSM2714809,Normal,0.0736086743149659,0.19870223867946,0.1167293803832,0.243572922167623,0.203878460384352,0.240146981479602,0.327428845831149,0.13590288794579,0.220369904138327,0.263083938817474,0.20883934773179,0.250495260644254,0.165389853002725,0.281414803563235,0.339617851915977,0.241271124671394,0.218118258169516,0.249960504856135,0.236398757981427,0.234283613148505,0.208371595475597,0.336124496408569,0.327063953453738,0.244376711477061,0.133641431359191,0.231876528063366,0.103564288137438,0.171789863554145,0.125919839120536,0.103424217347832,0.191342097200214,0.135122013778996,0.204525756716182,0.174194992387726,0.178614534575807,0.230819009982265,0.22641266721156,0.149259582007989,0.177920129449564,0.137907772462189,0.183816485124751,0.208722292267639,0.190116260224009,0.183358928462949,0.118180059934647,0.160259432874056,0.125363529156712,0.334551780432924,0.253282008517819,0.198533510834785,0.121738994430744,0.167172426513551,0.301532428648426,0.223954971969846,0.203369764276243,0.185701419227445,0.295303076722233,0.260768685615014,0.220964587510856,0.304042551134084,0.251485035674268,0.121642614953086,0.145496053342457,0.340626115343904,0.268109195030034,0.226087685707621,0.323994234806765,0.245507783193575,0.302697053248378,0.217388927298377,0.192767564998079,0.13770995113375,0.23239983270749,0.25166256208237,0.126867132422863,0.159577438345886,0.160647945981998,0.135032372020767,0.331575336234763,0.164871626007919,0.138948803214788,0.186507171668154,0.253400322590004,0.128867574618301,0.191771631926233,0.194797906066426,0.203949625777024,0.20901159282284,0.212382753661757,0.167662358204843,0.220746491664167,0.161892458634743,0.20849658335006,0.183131696616174,0.206727094326187,0.291873684962455,0.184547825616991,0.268707176522989,0.146284451907139,0.190553323602225,0.16930363615699,0.224262123560741,0.170721961045136,0.281956838198862,0.203601100421797,0.256432145359353,0.231201538724936,0.167383690536926,0.253681740352159,0.267781077299062
GSM2714812,Normal,0.0622842038413056,0.178824064249725,0.0932215033525478,0.20699643260885,0.176155964133282,0.200206323522953,0.293015218040888,0.116549043816854,0.207288461948288,0.272535732308775,0.190435644143886,0.328145008419836,0.146900230069617,0.276269702245946,0.293368581748364,0.243724017239762,0.272723369016743,0.234562252153347,0.206935567342755,0.194719969884677,0.18077837442247,0.318244845085275,0.334569375644861,0.271925891293643,0.143414347999299,0.204084251814599,0.112251840172439,0.148212385896975,0.114053774556675,0.0996846851308449,0.149521579123719,0.116982966110936,0.186595152771992,0.16076819031082,0.15860513741164,0.20740273739499,0.215401156371944,0.161170759369929,0.16234535960171,0.172838180351893,0.129017063106813,0.19321772733265,0.160123709733374,0.179040595925102,0.114476674622163,0.130068390993904,0.114422780950343,0.301449041405595,0.270633281395421,0.194729193599768,0.107663316922776,0.129487320211598,0.269263397722034,0.210553544923976,0.230717181030548,0.171704827898095,0.266099598017935,0.260391348274709,0.207354562028797,0.273559816207879,0.214478837466929,0.114040332976511,0.158603600204601,0.317403792768843,0.264517723881187,0.223478603115343,0.309094002015601,0.232976778839789,0.291501578239565,0.197125915616148,0.145103097190287,0.124180388581837,0.213614609499299,0.206168712230542,0.120901805505364,0.124970235782215,0.251928653442856,0.106877534202638,0.280895967030946,0.183058742820181,0.137944368388565,0.176857801730587,0.232638360713142,0.119143113176138,0.214101345426388,0.176051214412827,0.167844870403169,0.186977152915533,0.184219081891184,0.135290660333145,0.198218518841698,0.123803765997881,0.184324065898914,0.144717025030845,0.189659909238157,0.228618955272803,0.194228870852774,0.253260131560132,0.184597683448634,0.189539247710725,0.141540121310202,0.18115223952046,0.167670932071193,0.26091242626513,0.189726595373534,0.232943802331332,0.212438929686281,0.131754249455085,0.218434095463996,0.268656300157589
GSM2714813,Normal,0.0550363999844024,0.124904241880363,0.0871808655008852,0.166804085463664,0.152422952842199,0.0937400937038742,0.245567424186346,0.107666295571164,0.163751952540222,0.205045562848268,0.167615247871195,0.219669057421333,0.106754177852009,0.191925642714065,0.200186952254191,0.164167432838238,0.176866192489193,0.184451322914816,0.200445850039246,0.181961571966496,0.125058274617215,0.216093447577519,0.346014491099904,0.187071556531177,0.117940140243604,0.175882619515115,0.0939944199220185,0.133315755951873,0.123935734287822,0.0893753132520641,0.140209661642599,0.0910329977370569,0.137974715617078,0.1313452302464,0.127482466175133,0.172681339176699,0.170447232522767,0.120445285469542,0.155525314213372,0.125898905211455,0.15311574360481,0.126320433516088,0.147960463158036,0.155290173873769,0.115002275956188,0.140360712121673,0.110300246478059,0.218796789470631,0.193965689960264,0.160073859910136,0.0898567664456609,0.161462635057009,0.200979173302471,0.163972397290832,0.15179296308747,0.146182792329815,0.207875338760939,0.190404338269521,0.18368762519359,0.214487581602207,0.172166196611411,0.114236299344348,0.116077638256136,0.240713635572673,0.211043643724596,0.16678823042863,0.220982143265695,0.15976781658821,0.246498735855164,0.172569540278421,0.103618467256884,0.0974648114837057,0.184347941527407,0.148225282762514,0.10480050818404,0.122766861720216,0.103222801531077,0.106254150891837,0.237592675315735,0.133713727479937,0.14377304673901,0.155987280167609,0.169210791808293,0.0965737264421168,0.172605215881915,0.12830378790993,0.138229375230629,0.144551229630278,0.136986617494116,0.145872600321299,0.143653486505695,0.113015362633342,0.143563729051523,0.131278814791843,0.147862484735547,0.10616725199592,0.171710171395119,0.214656622985313,0.162286310266936,0.169996038890288,0.141321810302304,0.138241287158114,0.135282361668003,0.195465004986449,0.156838521447742,0.178276512890413,0.185185617266524,0.0811175179092705,0.133453649018289,0.185573813655379
GSM2714814,Normal,0.0611177295143053,0.126125574207839,0.103615942305303,0.20207909799427,0.156547543267005,0.124820132323081,0.253406103194189,0.129889519388989,0.170584000991405,0.211799832853484,0.193205343637988,0.216871544334906,0.133775754104139,0.219306114519456,0.299463200652317,0.187172577318627,0.154654198807079,0.203376650122723,0.173087123993366,0.187559746477521,0.132810432372713,0.24458900260416,0.315077978045732,0.169219386132042,0.116952656041877,0.176557863496107,0.097519273231142,0.131737647628586,0.10809994263546,0.103872435390458,0.153176821894412,0.090970218826243,0.154198536102135,0.149497666499822,0.129736654836838,0.184168440559909,0.191350529879507,0.155191659331641,0.151781054636736,0.15935917666573,0.149409460598785,0.135644139782355,0.129962787545798,0.190667215240392,0.105916983347484,0.116959305482925,0.106394777038283,0.239194845833216,0.187431885991801,0.136724516278796,0.0961277911096824,0.152906906242903,0.244841520727619,0.176959700054543,0.163783911308417,0.15643097388477,0.211632415437418,0.199854306565262,0.180779108712842,0.222499322100745,0.179306729191444,0.123886010488019,0.167739587972825,0.241610467745703,0.227256692866988,0.177265412350976,0.221811531098371,0.176948593531229,0.243574991971025,0.17862409469045,0.130056806244361,0.0892411594786758,0.203131215295149,0.130065788157352,0.0830829214794861,0.137699490688994,0.125106693801582,0.118950592859233,0.254912256237721,0.156182118352834,0.123581785097005,0.154443957514527,0.201450066675386,0.117708764794559,0.134671595558513,0.148612080326593,0.167509232032922,0.166215488361645,0.159477359455573,0.16371554240439,0.164399548208983,0.112267883039168,0.145685311212595,0.139460211885267,0.146221215870868,0.136903163534189,0.165886926668024,0.217178478644883,0.138689615600383,0.16384736676807,0.154155476299123,0.151009178950082,0.15884868877229,0.229491771210106,0.153960224145479,0.206674702240163,0.18160992158799,0.0949393881108566,0.163735890888193,0.212038754924358
GSM2714817,Normal,0.0537630351354041,0.124445063823712,0.101132117700838,0.18030732785566,0.152948346116717,0.104975743702529,0.177128521000989,0.0922029148650451,0.180702551371638,0.260042015846732,0.161140742168773,0.208773240033595,0.117580435220515,0.211586547746869,0.186697993289055,0.172860736733757,0.168351905014974,0.193240008021262,0.174362439133715,0.158580872129636,0.116209425603028,0.224302093324526,0.270742611022513,0.193079678904967,0.100949009920047,0.155017171776627,0.0921775428809614,0.135883876961969,0.103903420670739,0.0901685426055621,0.132484041413585,0.0938339857616343,0.134730906539301,0.113743725394278,0.125793220438485,0.133984008741683,0.170084531733976,0.13581113209962,0.132252972969995,0.133265404277356,0.112626687490811,0.122332852392747,0.125142042968445,0.138766739920182,0.108848557267418,0.109163018104615,0.100598908852202,0.235995021149313,0.167134761696804,0.138334006152728,0.0855996807970875,0.133300171895702,0.194906943803975,0.1527443935315,0.174523363395918,0.136161397069751,0.208997196881265,0.188932350918423,0.142137326941607,0.22044542927819,0.183092479247925,0.109381747649835,0.119374504554713,0.224694501044491,0.214177248328545,0.184082728135043,0.234001180922818,0.159968366730974,0.209859453333393,0.180136644276802,0.117464901048143,0.092783272163844,0.173221099897797,0.164606743885294,0.090550869984494,0.097136227765969,0.0791497728041904,0.0958483119615594,0.209978375959308,0.186783705420101,0.144936561712675,0.144002407255987,0.185461719516907,0.110637630551335,0.133389582762955,0.139939093999077,0.14232403063101,0.150813455884146,0.132301750677997,0.126448103772757,0.147485311947014,0.0891365920829071,0.144116148067888,0.126763391071162,0.140404679145181,0.100202602296971,0.151697735135369,0.203924804949195,0.124628532305054,0.142918834257147,0.120487785290356,0.141527815166799,0.132681351970077,0.192542027266181,0.166535945187928,0.182503676286649,0.171580427601651,0.0756798506237121,0.157622043828559,0.226486515885707
GSM2714818,Normal,0.0642189495125009,0.222148004408135,0.127579941443393,0.271551046423331,0.226132625998365,0.278069222583703,0.39359156562209,0.132049037902342,0.232378888627,0.329014505455464,0.208890443676793,0.253722789619239,0.187254721676784,0.334203474010042,0.364817292779923,0.302152763047213,0.276136715433132,0.300309357786846,0.316807431515332,0.221236262726527,0.267836332947169,0.380333909249005,0.450240417716803,0.331370169246198,0.121265631641455,0.262269332771295,0.120771223977893,0.144346675902254,0.115535393339623,0.103501799056529,0.140726871315961,0.159046421312485,0.213252767024013,0.182498635390416,0.208346814772344,0.243333043944515,0.253436294532136,0.186758111061385,0.181884282527829,0.187716954198838,0.178378120808761,0.246897267112561,0.214247789956648,0.176613014191,0.116795283264381,0.189926845172881,0.111964352457485,0.40486032420548,0.2956513589341,0.262178596634871,0.155322332626322,0.144109976958315,0.37105407197548,0.229071680262636,0.246130002680184,0.200193657238511,0.345462597902781,0.305594514994462,0.22263177039338,0.347641523734821,0.266973528398015,0.121319121851379,0.205521834093169,0.369196345534268,0.313683540884723,0.286384835251295,0.373057145610153,0.301273662736794,0.328772869312251,0.239390344497286,0.199704035732139,0.195428971466607,0.222103273893221,0.271811440697974,0.153352998173641,0.152853567197114,0.189209241463055,0.126794840590025,0.361518197436849,0.210870466919106,0.138505149399004,0.264825882698646,0.315089606676603,0.145245096816285,0.28050114843024,0.247619833743611,0.206026551886034,0.236637554288689,0.239152926479717,0.138175093722946,0.25869192438372,0.147772862177662,0.219356302028895,0.218248130046786,0.267183576741983,0.250833270525659,0.222335313358737,0.285380402486372,0.181318611157161,0.198957000337782,0.191702647610041,0.283043380274194,0.199969966438613,0.302873191271113,0.235103519868497,0.330417651995236,0.276405735392507,0.166701608504928,0.266579782980093,0.317220061722111
GSM2714820,Normal,0.107169103912427,0.219061837459364,0.151471690623805,0.259093230806942,0.192388849831404,0.140587713383482,0.242486235818853,0.158899375994383,0.198658520054911,0.230148322732626,0.245101762542344,0.226363867009006,0.23411410280645,0.248426612624368,0.28274572116537,0.233764974851594,0.201315936567893,0.192744196142453,0.183540019727598,0.237538976886899,0.178152985263973,0.27356363628643,0.294399630331722,0.209786189808607,0.162749742821028,0.208996439065792,0.0988384507282421,0.209122360134039,0.138327272923768,0.114617795716827,0.20993588775918,0.0985700762436723,0.199679186296564,0.17177794536204,0.182753703773705,0.212134476079642,0.229163957399483,0.164589550646396,0.146281000578762,0.190881402685111,0.148561877094632,0.186559723517121,0.178550570650436,0.204402713356251,0.106551141628005,0.16592624829169,0.150569531430125,0.278862688727151,0.220998526993681,0.159839446167261,0.137533476416331,0.126292927284507,0.292826720395652,0.203680568190992,0.174538950560129,0.159506917333442,0.258105198716404,0.209092908557677,0.190450074022688,0.219327214222098,0.23853376182602,0.12275288585278,0.18118878868335,0.252446219259271,0.254012960486285,0.18902733145883,0.24010751593905,0.234322329175248,0.243738551047048,0.181295879885634,0.196024264309422,0.109661506336098,0.271793912685811,0.153332024971458,0.0870395096552497,0.204704860948864,0.108945383714768,0.170492313021582,0.252204504975134,0.176272602246488,0.14642056168891,0.160653701095929,0.228354981335298,0.174407070107962,0.156230965520483,0.173857950413873,0.214693836775715,0.216595401964501,0.213411450279054,0.227459655686694,0.177947064245858,0.144958125137139,0.188834264069335,0.189092294900689,0.142349418869094,0.177055003989278,0.164630572502057,0.269734437675877,0.17841053120026,0.20735796848755,0.201513415527484,0.218203847202268,0.197700262853316,0.263667978405051,0.213211334189072,0.254621478305556,0.20406840302586,0.129986595295515,0.200789141007039,0.240798963837546
GSM2714823,Normal,0.0586540483835961,0.147165696741607,0.116053132895405,0.202662597165692,0.156872832724227,0.114051302040838,0.191094647367131,0.107607191887856,0.183238033948163,0.198376419286562,0.190429829154191,0.194545781673047,0.151293400459295,0.199680207305615,0.20503487005586,0.172255390649545,0.151998233424851,0.196720017647986,0.140271289295611,0.180533261704162,0.132103506646276,0.230097058969044,0.255068177507428,0.190809813092414,0.110516291753096,0.181510717011125,0.0983139546940125,0.145795461534794,0.115822181534248,0.0961624488270876,0.15171812369559,0.0926529605673907,0.147488627243035,0.107424016958001,0.13174597044345,0.166115771753016,0.179356571209427,0.127141071699465,0.131659536999137,0.131557501141512,0.163162045715597,0.125851522858965,0.132214034948408,0.168785213933125,0.105790363435731,0.111718624094086,0.104812849204023,0.233013952342394,0.181095349324895,0.137379826787009,0.10478306875683,0.118601550844636,0.235923320815767,0.160608131742985,0.147183778744214,0.136226263826415,0.198829315760512,0.185896387029516,0.167172119996734,0.20051018984828,0.196659827083276,0.111085178404345,0.127989533778677,0.198308954256678,0.202016108296313,0.172420999264744,0.199037865180028,0.185951697426905,0.22015397419505,0.182262416733219,0.137091424421156,0.0741634994296277,0.212756937078405,0.137208206595792,0.0823503308018395,0.128203113650457,0.10070836649453,0.117148408034968,0.192681636382259,0.140323901494013,0.14671193172925,0.143692139765659,0.163475289660955,0.126733956604435,0.124690328010378,0.128700838827186,0.158309157593946,0.149571901534963,0.161570284932098,0.153519920006197,0.142290058448353,0.105781034088483,0.151745832990203,0.149771079598241,0.133439399863157,0.118562411168469,0.170278244537839,0.203111482391674,0.138921227246868,0.153937286966561,0.14411754898245,0.158963023951614,0.144960009805631,0.221670314244248,0.15348333845229,0.185383704194376,0.168741349030791,0.0829405817111762,0.145707698046288,0.222326993274757
GSM2714824,Normal,0.0526190142171821,0.172503005247767,0.120487480400901,0.188114015651147,0.167068647969313,0.204338759413326,0.191228516261219,0.105261877510545,0.186447739110683,0.266813960771097,0.172687547820045,0.224913994616348,0.151733918214769,0.255749666219477,0.199068849368664,0.271389117592313,0.219426183479901,0.225559292122545,0.227450344566496,0.185282009861466,0.140048177077714,0.278951443969552,0.349488421096332,0.247079700047037,0.122303199933778,0.194036105313002,0.0954554916338969,0.142026753586819,0.110325030238205,0.090098912625964,0.141696183705545,0.100159940522787,0.153856515374139,0.129279641129924,0.14712572870854,0.164915613448824,0.19567069161559,0.143270949488598,0.125030804898079,0.150131362304351,0.124161762683814,0.17865358495485,0.149898348619234,0.138821417180047,0.0954640500780628,0.129094266697235,0.0920550991639129,0.315865097605183,0.203437735186615,0.163768642546071,0.110039377020596,0.123977722053162,0.266975278806941,0.172792956508105,0.183883742527384,0.148069234818244,0.261162950180151,0.242114934886158,0.162773769975965,0.260427526981524,0.211702613516241,0.107665587169282,0.151279611390634,0.290342924867084,0.240813931683921,0.209607290790058,0.3314334214242,0.219189053378034,0.265444701880269,0.175403075484132,0.124749343957862,0.108673247460884,0.190694950059516,0.199507351721858,0.101600433370428,0.117518763876908,0.129340966799365,0.106599640017712,0.176812042460651,0.128500364520077,0.117845250956313,0.189876980355356,0.165388064455197,0.111163312648293,0.178583135768196,0.178832531895408,0.145617996157723,0.162308619068563,0.163246359101394,0.119398715276908,0.17093371125011,0.0903973960156874,0.161878922616989,0.153769927512364,0.176169237699702,0.0910266894502547,0.17672274598242,0.244460177465863,0.176957188218365,0.149367323448668,0.152515793658951,0.177607164527913,0.145210777484331,0.250077933162636,0.167683270528275,0.224663055391463,0.202282609420898,0.0741006039181868,0.217953936255409,0.260952473947574
GSM2714827,Normal,0.0535687675027479,0.123917598341514,0.10542875920676,0.172137814975101,0.143567146338094,0.137457333053551,0.227403384012716,0.0961587807939368,0.158303626662639,0.22392459338625,0.164140689217592,0.205846539864982,0.107977428526707,0.229618332058802,0.228196688189226,0.169751526088047,0.179267298603432,0.21236571820203,0.175452195270388,0.161785901458233,0.128202071966736,0.275455977416541,0.275938966061996,0.169622596578899,0.101290414161381,0.16761798214098,0.103432946816946,0.12471188483379,0.116388115790799,0.0818231991414428,0.124182867256121,0.0924665980240537,0.158111206052927,0.147338600886122,0.13353913831781,0.137580437257905,0.17606747146205,0.13570796709726,0.142532691648012,0.137701765081335,0.119095992773052,0.120387184548193,0.125507720131074,0.135384180855084,0.0990210198696781,0.123826326243971,0.0978297137668972,0.254735911356517,0.177122954278164,0.161489897093106,0.128254300040745,0.140470962283722,0.220868799026369,0.158424740511991,0.152240051119406,0.145843457696908,0.227318349405809,0.195629639211083,0.172112242508316,0.217777658727602,0.193845394458464,0.115457757269782,0.108740341201385,0.239692541129441,0.223466318365165,0.185399836540188,0.290322634954706,0.175348979925244,0.238259397224454,0.182452214938591,0.105309385825287,0.0972632308872003,0.17114532667495,0.174464055472821,0.0918184836178077,0.0902043554644045,0.123757899101104,0.0825085561475452,0.213291198278868,0.110190517033285,0.121915389450952,0.159628038797155,0.209937295992687,0.104565425343714,0.0971858731026972,0.158459470543652,0.136062456708479,0.163224925498436,0.154239521453291,0.109519693050975,0.155592686627811,0.09944417897921,0.142382211845893,0.116365332749592,0.16103332597437,0.145885053428489,0.19190691271043,0.218206129792844,0.122946166909103,0.157654644734434,0.129393589575433,0.153735094461838,0.139469381531096,0.20983153305703,0.184051875497978,0.232227844198313,0.183668450696889,0.0927448535670783,0.157622642671319,0.221191648982398
GSM2714828,Normal,0.0543784093078844,0.106864705552838,0.0863342173686669,0.164754404996372,0.127779183621202,0.0914749804316148,0.170148695931118,0.0967080498901976,0.148364043913704,0.149906123391394,0.156228764599508,0.159303462938162,0.128069307376705,0.161651864477405,0.171271001921169,0.162705223957464,0.127126428556502,0.138826101582756,0.122393041441171,0.149303542963178,0.104826801507875,0.18395951385493,0.158702813726904,0.152151358421306,0.100722177260838,0.137392939391348,0.0848979273402242,0.132875078066644,0.102777876343623,0.0881550411056068,0.138840829908523,0.0819228586366065,0.142878150785912,0.106582859133416,0.116120085155722,0.128762048201179,0.149538499407047,0.11360723205632,0.123937954157701,0.114510678825388,0.105673263418757,0.110477742311709,0.0972864259997913,0.146510938363531,0.0909022268841377,0.108531152809459,0.104223832629304,0.178972412372606,0.16574139706025,0.12673034109953,0.0914537352734972,0.0971545869185682,0.179778817460094,0.134750916472491,0.115152633368608,0.117500183284074,0.151514721643463,0.155245302140587,0.135421313838224,0.145768545126437,0.154159088669512,0.103538233210177,0.100790498874026,0.156997889356692,0.180756896915719,0.132026940654322,0.143109983230333,0.136610940085087,0.168686425150631,0.166116834924367,0.107373426725319,0.0745566545718736,0.165373857416858,0.126630947007787,0.0649524235116654,0.0985603901471417,0.0768076243490799,0.092334730685165,0.169568619355824,0.121382823626665,0.115141649101272,0.152389907956174,0.149688576604327,0.108476096627392,0.0835453465906645,0.0857650675970287,0.13215406121666,0.139903033765663,0.117401113901844,0.118262052832375,0.115534341781801,0.0828774058530537,0.120746512341892,0.109542185389586,0.10189225742625,0.097129349560993,0.161630771281977,0.18331624445964,0.0882645965226072,0.141275722907196,0.118529454050692,0.141483438265994,0.122584837761376,0.175273118829165,0.150800377098115,0.137498761762983,0.140689277317473,0.0753246476357005,0.121357295463137,0.16793758108283
GSM2714831,Normal,0.0541787042672744,0.107914712193179,0.0843437656765457,0.181668557727265,0.135312630422318,0.0901715689506477,0.172243407433448,0.107514708598048,0.148121001766602,0.136593862524309,0.175709637294067,0.155106774909429,0.115131006333258,0.14898750140018,0.18531176249816,0.1522811355395,0.13039567947882,0.113910327095252,0.111360623694383,0.156444997709483,0.106982466729087,0.161343979353043,0.155327210015429,0.155474246487691,0.0981442193910201,0.148220226831711,0.0871487564789483,0.128166163723745,0.100704451404983,0.0897702244634027,0.141621400091642,0.0804204236173168,0.127133605298375,0.0929817428815398,0.115259875896499,0.146970292645381,0.149250710763846,0.0996108964665116,0.117838428289317,0.104881698960427,0.0954854211537295,0.122908996715465,0.0925637940962745,0.177712151141757,0.0931347554011539,0.0928930731591558,0.103264013346742,0.175962716225498,0.167458437741273,0.112059155608509,0.0965835022878878,0.101615827802926,0.169503763219852,0.129960365274693,0.112771353297377,0.110818023639541,0.138167249869327,0.141761537438454,0.133653369535665,0.133754810550235,0.158446257994369,0.0933629769503975,0.108474773913053,0.143355729896693,0.159844669645406,0.140537392368521,0.0929506373483974,0.141298221344572,0.149186389820475,0.16623178607845,0.110966419186685,0.0604288574094086,0.189256485094618,0.107016362049314,0.0619457030213022,0.098957838822716,0.0923176893716021,0.115262621008511,0.168001097592749,0.134343649811222,0.111215946634372,0.142423502105575,0.123155193119574,0.121873882820373,0.100249298828463,0.0874355947315424,0.128003892603547,0.124788227895881,0.117551908584857,0.121913837651227,0.108326248055257,0.085926909923119,0.110778927621174,0.114881193993034,0.0891131885064237,0.0874785336237924,0.153874430521006,0.176172037603776,0.0809866128270245,0.142352005422679,0.126121709121223,0.138067519907675,0.13548867157911,0.186888482390035,0.143663713317609,0.124015659793381,0.130780018716326,0.0736917495884,0.108515013378998,0.148170085152939
GSM2714832,Normal,0.0603020422215476,0.207171466284413,0.121832453122509,0.252297484011313,0.189215932956237,0.136710963303443,0.169873314539219,0.140854242867802,0.210841911243083,0.275755040905843,0.220796717947831,0.240474289359982,0.235209956674642,0.295258987939854,0.25030110026229,0.215640877864689,0.233894669327318,0.24313082465393,0.182229786216068,0.22684816861141,0.178743518452269,0.275670167128044,0.355249364827001,0.278432561963171,0.125500079362198,0.215025057169617,0.0988081072126067,0.188492612292041,0.116611182833286,0.111595369714466,0.192219444082388,0.109077338816483,0.194541529490914,0.152059842481074,0.174090530101924,0.201745183042677,0.242052066555916,0.166531051783798,0.152385134281337,0.178354190191157,0.116995405954293,0.191518027108176,0.174625739971722,0.198898325613045,0.102157188377082,0.135038670855525,0.139132278395433,0.294419407481602,0.229014031990277,0.146691579724421,0.11616562171509,0.180267122013293,0.263970633482429,0.200312233655327,0.200959656129628,0.162244340830679,0.268808879138989,0.248254109437339,0.201389323039412,0.256589411375299,0.238625556301076,0.12157337629533,0.150941732125629,0.309348477208751,0.268231811517689,0.220512845809498,0.295090184604768,0.234445502291878,0.266904835896383,0.17973819102484,0.192143681092431,0.105120075469723,0.232636847910292,0.199468231902046,0.0943499130111956,0.155288800593668,0.123171140859911,0.186688130298942,0.241235480816859,0.171557551194358,0.139447559555599,0.179137091966512,0.217794788956828,0.144297810350947,0.171488698350443,0.188103913321563,0.204101567939219,0.197863003569811,0.200692916561817,0.135287592568108,0.193441396229159,0.120162378666496,0.21081509234029,0.171551166468928,0.161784014781585,0.110758649740368,0.180966037046955,0.260332862572376,0.181702955991074,0.231673937809261,0.186539582596179,0.196586428426853,0.171349398329494,0.265964616456976,0.191091380420258,0.205961475297455,0.229085145954754,0.104780592852509,0.182557515039492,0.284666404051721
GSM2714835,Normal,0.0515323830992611,0.116356451663667,0.0904337044174481,0.143515434181704,0.138262836033732,0.112465182974064,0.19673501162822,0.0902270903790632,0.163206771075222,0.154069489306983,0.153563261090248,0.178067931879874,0.121433079232718,0.177123549519672,0.177881023318266,0.170032857824264,0.143472750304248,0.17500547057119,0.143096624292755,0.160860602576066,0.115308660631263,0.210723827212128,0.209797159425411,0.143332556921079,0.0904069651196186,0.161960582900707,0.0838890914441882,0.147348683909384,0.100725544476724,0.0820805016940237,0.128427057129642,0.0827147468103718,0.142586911809832,0.105034575010558,0.121559907517064,0.120482600704961,0.155116535690378,0.118874962320923,0.115738952391615,0.0967374954171571,0.106558503239396,0.134075258713078,0.0921926403133713,0.129698301715549,0.0850022526399056,0.114540801285323,0.10649718155189,0.205732577227121,0.16112270346802,0.137293047930775,0.0928440784261697,0.098372675459249,0.166711281821422,0.137217304986728,0.129558268918432,0.118035212579516,0.176127168672798,0.168941340283524,0.133893120258997,0.175737915971221,0.16587418011004,0.104178232380979,0.095301206998114,0.173072032730249,0.184457532481583,0.143271735257179,0.162803340868079,0.145622538557725,0.19339818083292,0.168040125554578,0.105985072450442,0.0703154751743812,0.157578002666291,0.138762580906854,0.0798294637001509,0.0979541136365529,0.0794534309506078,0.0830523957949336,0.204996830216973,0.104457178269201,0.102579277987916,0.151097714123018,0.147587057461108,0.106025747518089,0.103806008235651,0.108256283221262,0.134753700286941,0.146607584241496,0.129575583176282,0.109380020365644,0.125755939136358,0.090359016439708,0.121463702537082,0.0990453285680905,0.108662237594849,0.122321467205197,0.162234613413143,0.191983682315421,0.118606879073847,0.151784792799305,0.128739037189796,0.146276989349861,0.137172866374264,0.189274162034595,0.154152396441498,0.142091970921033,0.152630512949845,0.0798980781417027,0.133771674733396,0.180051222905893
GSM2714836,Normal,0.0509565607282748,0.126337494248635,0.100768138019084,0.16899904578956,0.131030084549269,0.102036832108896,0.189624300587486,0.0913677818643469,0.157766951229386,0.192775004841911,0.155623879417548,0.194501233255743,0.148876649328573,0.198708409094449,0.201273374302816,0.162141990540056,0.132241164398444,0.197437562856608,0.180436122341327,0.164768354872701,0.123374716655264,0.192341085607402,0.197287633483368,0.181510640941343,0.119033248162736,0.169902558685121,0.0981283852090236,0.155247224046292,0.101733631380313,0.0900060177260844,0.144840057554222,0.0928971833678589,0.14526665475991,0.105157267812202,0.126938473674254,0.131117409663555,0.167807199998654,0.116665401522132,0.130739872515198,0.135601437626623,0.100505067558816,0.13883395552157,0.120504917787801,0.135304375601626,0.105255508839845,0.12903846502086,0.0990677157613659,0.197291166779187,0.183976818560964,0.1308731594868,0.0933843328863672,0.114786422781519,0.185947035628291,0.143602879276907,0.161225635197068,0.139467680439376,0.184338082149874,0.179819994836723,0.156978108143744,0.179057464912096,0.169461846365689,0.111664923970287,0.11284126229783,0.201100808485399,0.205531494557589,0.165243282951082,0.172691167639339,0.159249423072258,0.20548236982313,0.166622093263694,0.109331592637338,0.0806626792659251,0.159073139079996,0.148951591051459,0.0847526780603627,0.101315253511432,0.0847349002392028,0.0986875997426388,0.191175202824213,0.113661882043844,0.108437374137403,0.15371271033275,0.149522064046492,0.10471959689661,0.11371535821148,0.145030154703913,0.13574413287064,0.159947626550421,0.134137351794747,0.107700819700453,0.138625105040236,0.0883442320470101,0.123581025266679,0.116282561586826,0.131910302471125,0.12499073907101,0.161732969636135,0.203002759896855,0.101075872855701,0.152090685116804,0.134096185062457,0.154987297919274,0.151725127856466,0.199969386179941,0.164511523028092,0.168099545481478,0.178797737379735,0.0834407433139702,0.130945598218925,0.207074826734832
GSM2714839,Normal,0.0552541744736385,0.178820298857001,0.0944331402251576,0.23387164141078,0.189054961225677,0.105279603420342,0.184162948589576,0.125359836322834,0.189263066291032,0.249399989355117,0.21437265007434,0.250316763863478,0.1925872077742,0.251331360433714,0.233067523642666,0.185780892366248,0.157898003916003,0.218814743375685,0.175591256090429,0.216454664143351,0.142342162656308,0.259976928985249,0.251133140253113,0.185929781928313,0.106771008365003,0.186295062215208,0.0874211981274498,0.177969160025261,0.104270829747735,0.103247648183207,0.181632518677391,0.103734588198035,0.182528050290137,0.140702156048229,0.145785024612851,0.169370859162575,0.218202914934883,0.142902366303206,0.148317486734985,0.124030704362774,0.109168100340812,0.170868553476306,0.144363277658062,0.193057452698091,0.0957764034294538,0.108669950067912,0.133016703078756,0.291735728188612,0.218315144837363,0.137738588012536,0.110957936699566,0.168176627001685,0.252499360365746,0.202618707211551,0.198112554692478,0.162967640661386,0.267928370225101,0.229238905496688,0.182294579270564,0.236635339535172,0.214051123894653,0.103802790911357,0.129140024979507,0.246093485152111,0.26421175414207,0.194078865296193,0.263372450024704,0.207388549200245,0.254367052838938,0.161703322963274,0.159366447159122,0.0866801348217448,0.237929156141248,0.129624742198478,0.0926333073000036,0.13426506770986,0.0724994882652787,0.143195460659799,0.210292143748454,0.170022651992122,0.127900469143674,0.142827376637205,0.158854741082947,0.123332556867363,0.109700900378389,0.151199320679808,0.183579279776952,0.18553328236953,0.177275054420321,0.143924383949883,0.169945699133869,0.116723744867959,0.170740106994566,0.154825527732385,0.14021179479687,0.112086118206631,0.141847274069786,0.234702951778983,0.138389032484133,0.20732080181847,0.173054838117575,0.178346723944831,0.155589933923957,0.244647769480785,0.175000610102336,0.216543795893383,0.211453738180353,0.0942035450319302,0.175007585138307,0.270276693110965
GSM2714842,Normal,0.0437308579646014,0.0619798562548472,0.0487015830426614,0.101473282090749,0.0909364501656923,0.072156568129564,0.173097374650325,0.0859128530354013,0.131966159525952,0.0909687810038714,0.135199440754365,0.102987583463884,0.0842298706693546,0.102095485085616,0.108753685031983,0.109875960223215,0.0817753251077816,0.0867749833512658,0.108122418147819,0.146599069018254,0.0768328031310722,0.124469572469927,0.069194321117486,0.0830032198554268,0.0920596751856455,0.0836673649862546,0.0790540385721839,0.124027933362607,0.0868880214575281,0.0680592503741131,0.118679173601175,0.0761501197923754,0.141945173001799,0.0614287017227148,0.100273428634864,0.0799952478327421,0.101982507642314,0.089741953827211,0.106981722808807,0.0728914198783449,0.0600004809694968,0.0910482303879698,0.0586102702575023,0.0925765714960799,0.0869174962157728,0.0866839849584515,0.0956984767410555,0.115494650869818,0.143887054577091,0.105208498601361,0.0832402257181091,0.0953038287335542,0.0756913416618935,0.0978034545093061,0.0804453080886059,0.0909267250921162,0.0733191904433612,0.112051951374863,0.113929004944611,0.0754245526102316,0.0957237396245876,0.0819220782484658,0.10633378694832,0.0854930664956185,0.103303309730472,0.107901940957679,0.0688899871452082,0.0736390055645486,0.0992434517271093,0.140321795429327,0.0708622220066553,0.0572035820955725,0.105848841841227,0.0991544314348638,0.0716439569330134,0.0603811463669515,0.0689842930128042,0.0591092041360415,0.146320704698943,0.0845545286726146,0.0578354036422855,0.159669814543778,0.123203625948251,0.0812420190481572,0.039804914654535,0.0565298548163642,0.08576409674831,0.105938663747257,0.068288083915463,0.0713741297470337,0.0754155727773485,0.0647126970258766,0.0900545532926409,0.072496512648314,0.0605182632484902,0.0779850908622255,0.133431745447949,0.125078719969143,0.0624969889331815,0.123206296924172,0.0753268501582611,0.124615246840055,0.104147967584561,0.125837267682164,0.145188494883816,0.0624304816180923,0.0818854263512148,0.0546635047677176,0.0720056022845081,0.110711014870104
GSM2714843,Normal,0.0566476355406542,0.158459008581443,0.0833290524637006,0.204963808728083,0.185606247530196,0.103300851128134,0.160899244810748,0.117660773586846,0.182729569639923,0.258250801234132,0.193299992074661,0.228194708304749,0.167415561681388,0.288490796758213,0.224441020310519,0.177649801258022,0.168392289211765,0.218708838788378,0.138336242729646,0.199240518885966,0.131210187410212,0.265712294212746,0.257603174295782,0.18984717570439,0.128691043451489,0.18353361772823,0.102634690597654,0.169611118000646,0.104096464968373,0.100381243715965,0.168788507252447,0.102427472664058,0.16372691700792,0.149593391815278,0.127310001193333,0.16019926876798,0.214731722774761,0.155051388237501,0.142085130151484,0.142606322618772,0.112232959960495,0.151368416472844,0.135379807688698,0.187474930923161,0.0964145153832674,0.10656663210941,0.135459238482291,0.261548257960187,0.1926671191752,0.134229794689551,0.136164223714317,0.160423812703458,0.204947221754993,0.185167142740892,0.217520532793415,0.161370273336532,0.246273258150096,0.22093447379443,0.164567888035986,0.250738915937237,0.197792440599097,0.103496507300411,0.149219034653688,0.304017088717657,0.249499367454908,0.189745025022019,0.304877956263858,0.206825373865693,0.251850829822381,0.16548280688898,0.140344931557285,0.0920777040263568,0.205202183339599,0.138518881760554,0.0906486397397308,0.12125809066059,0.216165483200164,0.135182934052602,0.190693442908727,0.155662558333811,0.117830392443246,0.14519775668055,0.193344548314918,0.109747599454406,0.15539435833658,0.152721917242525,0.174736293611079,0.166057909362555,0.17137864616658,0.118576673682572,0.172328530560985,0.118512612718116,0.171529999894048,0.143192073751307,0.153190305258023,0.102152052938628,0.17130055217457,0.243174864214147,0.196708031457025,0.201023563630546,0.161418102064204,0.16780393243594,0.142509064326725,0.251473158358375,0.159824668464947,0.202163900398216,0.195575021740319,0.0901839326010774,0.148555670456774,0.267541550209907
GSM2714846,Normal,0.0596895415692264,0.151777201965967,0.0889050027127908,0.210448480849834,0.149779108877525,0.100488392150704,0.205966168809483,0.11925261673451,0.180649785783314,0.181088479561377,0.192455275622707,0.192558228978711,0.138694073565239,0.193183292162971,0.230079406398363,0.171000405254672,0.146485243610322,0.176775129473891,0.155938818952983,0.184558291090219,0.122645814318095,0.227051003780469,0.192429590286316,0.165225181853873,0.109342793087452,0.152469746104672,0.0952588651084324,0.156370858216383,0.110301222529987,0.088539600389759,0.149974469253119,0.0890209799754597,0.167920521500952,0.129953473691981,0.129626349083301,0.163895074622953,0.183008391866636,0.140548696634689,0.135193057570274,0.11422077551328,0.107851771700165,0.125969203618515,0.13644010821319,0.169752918557389,0.102183811375318,0.102977611842841,0.106746806415546,0.253725791293458,0.191290150407737,0.140340573060168,0.0916303048998221,0.1259238279518,0.194852733927123,0.181083557640801,0.158963438218076,0.134883938015152,0.197759540450071,0.170612490850285,0.15494115423831,0.174701853230274,0.182921939013847,0.109395727062104,0.108883822481497,0.213404930384425,0.215382879884647,0.159327160133491,0.195325960932768,0.161716782348508,0.217840299363111,0.16900373430755,0.117314966984395,0.0746426233102941,0.207735807812878,0.129348148301687,0.075945179421149,0.118145873254619,0.110208844064048,0.119141519782512,0.193546090672043,0.15282664149128,0.126377030568764,0.137887093057871,0.177445513396292,0.103070868806218,0.105428403180736,0.110596060947142,0.165673308534205,0.152116462840137,0.14396594777749,0.126994601389063,0.133929631431946,0.101500134008982,0.14736830490899,0.133063241340392,0.121979083559665,0.0909931551138865,0.164595949591545,0.213457885295165,0.123795538458911,0.176087831616527,0.135997891401019,0.154144960611905,0.152862675328676,0.226294153794134,0.1702848081622,0.168121772376694,0.157295350066851,0.084966932308427,0.145900082495283,0.201554230307786
GSM2714847,Normal,0.0743984331200319,0.210006256058301,0.134186787187036,0.272629200955674,0.22942294543591,0.219097130805986,0.21594171543769,0.135965329281474,0.226427904863479,0.31267385197853,0.22472548656436,0.280916327992093,0.259195287538337,0.329093899644601,0.265669958164577,0.218059336787977,0.246778594690378,0.296752817655548,0.244120397075514,0.254044545516417,0.215444381984147,0.322963044425092,0.375236793092114,0.274903949333514,0.17492921593982,0.232180555264025,0.118158136162954,0.188008046013352,0.12283899468796,0.109005928293696,0.177259444846746,0.149156604684179,0.201565929517463,0.201953214922713,0.183703783541297,0.191964541217841,0.261591525621687,0.178162465188224,0.143355783248535,0.255239622153065,0.132633511676852,0.198016434736076,0.181688634682832,0.196012956742412,0.100642127996999,0.120317323294877,0.139823376281682,0.368424876807057,0.262526521451478,0.157115055988934,0.118396817139783,0.153493981810809,0.334752376637961,0.227258338030355,0.2883035424084,0.192467996184316,0.317718041093292,0.28876338762192,0.204086192107401,0.307934183232019,0.259739768946938,0.107828601961571,0.216967537045586,0.350636863545238,0.309534208771972,0.267821205890771,0.328432613415214,0.255068441437631,0.326811186863514,0.217268059063422,0.180733002226836,0.149246761231339,0.242121101053892,0.225039870942897,0.137556035923997,0.162844120598364,0.197639569943377,0.206583437803513,0.253515144261628,0.186563063842574,0.136886151078662,0.204639180268495,0.245964561673589,0.11500451370977,0.195828611040166,0.19780467159216,0.216504085226079,0.192134411936141,0.205749531259643,0.167143225183313,0.236910339225525,0.152830271727594,0.228079602748166,0.186011864332023,0.202041583659698,0.142041557958222,0.203341608483213,0.283280640458167,0.224557158989213,0.263834436338467,0.207042886125534,0.228894998498298,0.180639526681488,0.293327184818591,0.204589463209507,0.287355167196646,0.264866151187433,0.134203738706261,0.228279207369628,0.321559374339339
GSM2714851,Normal,0.0590075833003947,0.139415290803901,0.0700418976392126,0.180008677902634,0.156086156719543,0.178082068030785,0.265317335193796,0.101459886860434,0.180499988082315,0.240020090544594,0.178414489744322,0.226666218802839,0.148168217881564,0.259559492229249,0.224058210507815,0.201736720500379,0.193595260751203,0.22488449419065,0.225477888974702,0.187087798477479,0.153686100606642,0.304737186670034,0.266197462373245,0.193634726116968,0.116776304122859,0.185612570539788,0.0958617397664859,0.161348815837483,0.115017293929635,0.0754439775666948,0.133583361732359,0.100986160420252,0.172695921051166,0.119607718359995,0.141471266305537,0.141393440325168,0.194262866437105,0.130978470085935,0.142878310697783,0.138654782975081,0.125869925633385,0.161183272501433,0.128984623094485,0.136760103165349,0.090026008439165,0.131239930650448,0.11460469750617,0.292776978324924,0.198552895115004,0.157836469355628,0.108487015137472,0.144474874872896,0.28472220137042,0.167993372438347,0.192315879067428,0.153352940839515,0.252072096753377,0.239150103384341,0.158721017501991,0.253490685645225,0.207032372143253,0.102680923150233,0.124252713665733,0.256422059381568,0.250888261256434,0.19899210199644,0.253367851564829,0.201693238003748,0.248063369057791,0.171903921428071,0.109066071697579,0.133146329354616,0.169052040774469,0.206538954486143,0.119362743539305,0.0979832220557661,0.170096551625868,0.0920443096655939,0.224585308865827,0.157111896239791,0.103066045202787,0.169502118869731,0.19867788031274,0.0968918775128845,0.143532690026098,0.193793954754286,0.151993964401099,0.177011786187419,0.163868706013527,0.116491902730842,0.161477811664354,0.111623841247251,0.172045865090425,0.11043010474437,0.167301758256362,0.0983981288119988,0.186984578649218,0.228470839729626,0.14616616427718,0.163658878679766,0.134694371153912,0.190794554245746,0.135059381508852,0.254637278350364,0.179651608550597,0.238752964403738,0.205708624058456,0.07536299665328,0.166312162693987,0.249984320505359
GSM2714852,Normal,0.0496898062943569,0.177880342746811,0.0825320327153508,0.20822780404384,0.205703505892425,0.214571486537754,0.250851319211093,0.108740845882512,0.236396949356629,0.323668404137724,0.190810173311644,0.272637560839489,0.163923507975299,0.325669210136656,0.321714024338914,0.229507054329589,0.230146039271645,0.275546276723505,0.282420002875983,0.195607524181234,0.157314407729688,0.363290645786311,0.349251175476927,0.241725831550019,0.129141164296318,0.192916153648994,0.106448310720657,0.13435085890619,0.107676072231231,0.0875932723065904,0.137082174238745,0.125164637927185,0.163773248852211,0.170827048505144,0.164253090702637,0.186084103056012,0.224391408250386,0.174330469538396,0.152447351384454,0.133074390987245,0.131465733019897,0.161753530569783,0.178317483248375,0.156413349658152,0.103623198512064,0.122344007177802,0.11772082380359,0.366190105020014,0.300895622313259,0.190795271759343,0.0932191331499008,0.153511814638366,0.353051475188742,0.213368670191421,0.285583447911998,0.175500608883184,0.295033992040566,0.304823751982521,0.185555263563453,0.308469059980008,0.242837607364796,0.110657865632756,0.130987108753456,0.340113433493067,0.30534141963989,0.254476389818502,0.310643910058652,0.232463550939714,0.30643185399044,0.187805699474871,0.122509070081642,0.158492475392582,0.180233322227277,0.241384148808103,0.107035434325852,0.111030669142473,0.129154329632981,0.156784774474289,0.232647372949413,0.144649711907026,0.126668760128779,0.170770947858516,0.219913749527783,0.109315842511538,0.223569769614737,0.177828897895233,0.175375812255197,0.16941840842105,0.190836484596061,0.111490516446851,0.223166888631238,0.141377025851471,0.200562848807383,0.140079304668882,0.227178942657377,0.083245591930895,0.186866523316441,0.272478399680736,0.118948540235717,0.186197274677632,0.165404183911762,0.196785936329934,0.148899680190458,0.287827326138632,0.18684814333134,0.272420853164762,0.239011676722269,0.0782305945792607,0.242043418197359,0.335551258527517
GSM2714855,Normal,0.0555722963731348,0.121187390290855,0.0738729196392152,0.161610697845685,0.148318184999961,0.126549542471168,0.219982445770516,0.102321716376442,0.188267043168814,0.186412387572271,0.167296022041444,0.193859690428818,0.129001512241366,0.209473794879344,0.204512180427795,0.165282168803076,0.153583247152872,0.194102473528227,0.177859021699132,0.185343609457855,0.12381471434344,0.254557176264548,0.187474226760827,0.198407356992961,0.0955860122526061,0.165875404407646,0.102769789128255,0.160772168466191,0.112752969774464,0.0774695335156153,0.133061500340491,0.0973593942742144,0.168908046981763,0.123635299392444,0.133766971687238,0.129064177636177,0.166066338856848,0.128036419426429,0.137751446937438,0.137434392232695,0.11745089557366,0.133854281602484,0.120799199948991,0.123924497525378,0.108274168779596,0.117867918351213,0.113701759120481,0.261103151889726,0.197669796696498,0.144834297271482,0.117824032407447,0.140921176717535,0.244225797197538,0.153968499998806,0.17100504115437,0.145095454907443,0.206245053804266,0.200816262497769,0.146676445227147,0.201145486055978,0.168552060373831,0.111848910087975,0.120275714672652,0.202220257026547,0.21734827240439,0.172655441650253,0.2195826401437,0.148685358712686,0.21963578463896,0.177158802771873,0.107672320250659,0.0997661558460648,0.160629240445801,0.174636168637172,0.109274577109425,0.0826980829275454,0.107214138042929,0.0897155585917615,0.196930350193576,0.113483778078522,0.105184270657711,0.166404861021721,0.172033958117554,0.100989248808451,0.109132573608606,0.141729203675672,0.142695605014327,0.163703084625365,0.132373524061853,0.108331071545859,0.141557452390207,0.101034022753308,0.142872457810609,0.106138024377083,0.139737218182663,0.0947278228818141,0.172974032637582,0.200275347696646,0.111242408334259,0.173113297011766,0.117958472829942,0.164953807385592,0.134658868589356,0.207722099094794,0.173546693778245,0.195534993316903,0.150515105064942,0.0748294386335252,0.139052362232673,0.202513010134269
GSM2714856,Normal,0.0487352424863515,0.148773326491157,0.10117917708691,0.206643136930507,0.179598473322135,0.14926175319894,0.232759501812549,0.11236025976506,0.17459844915728,0.250576658585167,0.182415329197999,0.247573003483906,0.126465280411902,0.271567442760343,0.205653681989819,0.216326601192748,0.202291322232317,0.235105562329224,0.250842803217358,0.176017412449985,0.14542834630142,0.296579474749447,0.255456556841197,0.205421462576527,0.114539292400412,0.184007107236151,0.104101835101687,0.134889357807778,0.113459218896312,0.084637995318243,0.13874315188158,0.113615755172304,0.157392041912501,0.154578282603468,0.140457711633178,0.161399570452787,0.193633540573718,0.154372895901505,0.146097409282404,0.204536204724069,0.121220600578777,0.110057065836065,0.175686114334293,0.144257315663824,0.0997002012923168,0.108460377523189,0.102129562747768,0.277074357574463,0.259449483355835,0.174160986814296,0.107657892454706,0.144754561757494,0.302791018529192,0.195514759202178,0.244051389933408,0.163526178641913,0.232012299780453,0.270929861846476,0.168119520764554,0.270750200362794,0.199993970785902,0.126238278038714,0.147445365372845,0.286337289231389,0.268557263840221,0.226830134206816,0.279750143572584,0.210840722812345,0.263408324218977,0.180043019471376,0.115228803653104,0.116905598758026,0.214204479170952,0.183434005044906,0.122597204158047,0.0889257236600687,0.121181153434258,0.113680184028264,0.175350144164875,0.131969185668682,0.126039810905999,0.174064447403478,0.182833462029492,0.0969097567376913,0.177725256312705,0.152710733354095,0.162032955249048,0.149688380488694,0.167070731188749,0.135952178048074,0.200624506612553,0.134128929061158,0.178270000571468,0.130748697491472,0.175011207722439,0.103623553070893,0.170075703319245,0.215666950483229,0.161933878762001,0.180977836992534,0.151987413835378,0.173413427561915,0.148318491200455,0.249595788944141,0.174495368792513,0.224769030525981,0.201969512279986,0.071426046391499,0.188881269917457,0.262838762331347
GSM2714859,Normal,0.0747055609077842,0.3006083124983,0.145538820237713,0.331101440512346,0.267433268802274,0.311375756393185,0.213631287542541,0.174393740815159,0.27513657582543,0.404952997371809,0.272069587549306,0.351866996899811,0.301071722164841,0.389324368372172,0.357461317280705,0.347323658286479,0.259421167838223,0.340831546838305,0.316098314057348,0.288306540212017,0.286967137425987,0.41135011494642,0.454273091026042,0.3190487067932,0.198975654235228,0.294018750622614,0.120925460996937,0.225886524962935,0.117724774148506,0.121408393407035,0.217789569171289,0.181398980650775,0.253944666512017,0.223351755230616,0.249639902450988,0.263077355469158,0.333560273519382,0.235808463168859,0.165806161449391,0.189519979726169,0.166608402755215,0.249285150368391,0.269434559609418,0.204485268711385,0.109894615671737,0.179346339896128,0.166299011746155,0.472229320663053,0.374746942139415,0.207534232294831,0.112273458294237,0.161140420726797,0.45069228272401,0.295892914386551,0.339302506546745,0.233100200769259,0.387899202485122,0.394285643831941,0.258074172974282,0.384901212875184,0.318175112914412,0.122905170129444,0.188009479675667,0.443755252161866,0.375620332609747,0.316007204800279,0.41439613950228,0.344446123404363,0.379709228096909,0.211761390685234,0.203903363675687,0.212244677876101,0.346906879566055,0.270982187534504,0.184831364337658,0.211269424761694,0.135083729354214,0.261640231445697,0.327215322272553,0.205454561341508,0.136877964600372,0.261239382400741,0.315656910685412,0.155543717370181,0.333751273827369,0.295398746568818,0.250062872361085,0.26979235061398,0.275362172397764,0.233389058707996,0.327562040614418,0.213685269707333,0.300520399551523,0.235697537426756,0.262553314067692,0.19543956663122,0.217914087049093,0.33521871034721,0.280682661609662,0.31553024533036,0.249212217630656,0.297678504980099,0.257659648267615,0.366746299395815,0.239961401963527,0.327302000962084,0.328895410191561,0.131220046712518,0.327610778955999,0.382975080196642
GSM2714860,Normal,0.0560579971604129,0.109009211398629,0.0785437051752466,0.168224698812512,0.155453702117597,0.118289312568658,0.189968614217607,0.104850945615455,0.156585484568459,0.18235378501439,0.166534929966316,0.211264890782535,0.116081014600907,0.193613003674103,0.195041921466444,0.161511569990071,0.160241020593368,0.182742701975263,0.187830163794668,0.174086953649933,0.119183031951006,0.20526548942368,0.237157846754873,0.187016792735467,0.109203787836353,0.152283943528723,0.100055624018284,0.143450509677362,0.110584046174251,0.0907287395322178,0.138849168859865,0.100967085055605,0.143018300257451,0.111837599854355,0.125945504004038,0.137123761971814,0.172121569531861,0.12486691873681,0.14281247820805,0.130520156501286,0.120532384621191,0.120079944998186,0.122650557368327,0.146517110715907,0.107429572888141,0.10881086642729,0.106337831269429,0.233424198923927,0.21185603005903,0.142296901700125,0.0855296583140244,0.132781161425623,0.195380564477509,0.167081289820339,0.179780881671581,0.140223237762337,0.199785222412996,0.190646350940943,0.149674983028916,0.197874479019713,0.164097607461966,0.122171907492359,0.11225858787159,0.197699836641663,0.209235279259213,0.178399659667075,0.173124820653693,0.150687061530044,0.213197760617187,0.17250347535015,0.112552931776521,0.0876229778703077,0.177719072695055,0.145037869788612,0.0897931187260975,0.0941389723965616,0.10227723902137,0.115935708116896,0.180871865021269,0.129784072872468,0.131072835244222,0.157251571175659,0.174967978300833,0.0969683475801047,0.137978368496405,0.115160843819344,0.148661333732056,0.143622144593778,0.124131778619414,0.110323481483013,0.149641068914851,0.105803083556521,0.137487483199608,0.111965283739732,0.134606332254061,0.0935939022626278,0.158101576636059,0.187554092382759,0.114720037729531,0.143753196415124,0.125846017387764,0.148131884668608,0.14581029889403,0.200220921080401,0.149895879479318,0.14714153461923,0.159722334692221,0.0801280563056993,0.130943368660204,0.204266144241298
GSM2714569,Tumor,0.300191033662159,0.453036355920204,0.187915555191811,0.35259418181645,0.286959831004482,0.345214500713314,0.48292038529332,0.120152588269042,0.353067865482678,0.404283738980593,0.329180869449657,0.402219486242283,0.410853129574235,0.426805496836734,0.440745657887043,0.306741195528715,0.378512552231786,0.358733981741508,0.381266616908863,0.356996744631844,0.221322254327924,0.436317764313185,0.512103852146729,0.469640930376752,0.376111531373596,0.487683788802899,0.124129764698979,0.257496412604927,0.204814879322387,0.320865962143149,0.410757166213196,0.162259401575649,0.325102465556231,0.285989094204848,0.376028020055118,0.278910561644374,0.320809161383332,0.180454154752034,0.378421295603417,0.260450349951516,0.344469853859107,0.34331192433204,0.185623579994031,0.379903628899366,0.319457916991914,0.316602145297251,0.0848075358492614,0.485304517377651,0.451608105017075,0.290246233179825,0.120056633068467,0.169350672581255,0.393439741383725,0.272131321789527,0.367277068855684,0.239403794385709,0.38410861777612,0.374017947473103,0.314753729894561,0.42719410461693,0.395382656096793,0.0945603604985544,0.445437580074453,0.435392306560228,0.416495085942646,0.365288395808351,0.458129481733986,0.317377925648393,0.408150134390057,0.443995923553925,0.391146297928557,0.231068111389068,0.247629800862519,0.36134051623328,0.167086462947644,0.102637863336392,0.337961510357936,0.261473659220363,0.473467734967661,0.297865093780407,0.161876040968592,0.249262470656742,0.433074448660362,0.133417195542916,0.357056756142721,0.266108808496107,0.355976204771921,0.359602371534692,0.312936397817823,0.379675176562689,0.356214800369355,0.263145058846864,0.388386352161064,0.248332823347033,0.360162545778889,0.412591357382034,0.372215184980937,0.36730779537711,0.0912546308174224,0.28412374209623,0.31206692332207,0.264551411221229,0.307367507781515,0.41200901018006,0.359077835353726,0.452883404410453,0.358273011790975,0.270383820810641,0.372511253229538,0.413049746945635
GSM2714570,Tumor,0.725184531337348,0.733411996604695,0.589440054124925,0.522048996397482,0.668413056793244,0.694701355808927,0.833576880928296,0.486065548756633,0.689824464169646,0.719264923191901,0.69087456429718,0.738195705343471,0.736914954074657,0.724429610322794,0.76803631633056,0.779416824836779,0.672871248967614,0.699159865706187,0.698472857546224,0.658926215511153,0.769436474994733,0.777734786735867,0.795150947116674,0.728760807488149,0.734893743985463,0.81036336108964,0.644913555303619,0.603498614486603,0.566002830415319,0.497545263720275,0.661503134381099,0.651080605889524,0.678825328483443,0.588948660961439,0.560335291148542,0.696422257613821,0.671585880855147,0.778774247376536,0.646438718066434,0.768401084395468,0.440744766965944,0.507622366103372,0.752371188590993,0.405125923433732,0.686677033138317,0.547801272356331,0.233637582203715,0.77092341983066,0.730404788954621,0.666188624382589,0.277902492853881,0.714693112139064,0.821969163482245,0.605599754841566,0.735307112020325,0.567200901752994,0.727126988816543,0.716710112252625,0.653692230426223,0.756731414410755,0.69730499700622,0.610657966044271,0.730747561251644,0.756494244773298,0.740179232641378,0.648771572071148,0.706856430117317,0.79595568910178,0.699576521736939,0.689813863533728,0.581990203344845,0.721244756306374,0.579705270540672,0.731098594622325,0.673397071491149,0.575858584622705,0.731403495130362,0.6887941287178,0.772602724826107,0.664423947379302,0.680358003126301,0.719023109788526,0.822156840938384,0.592710523555354,0.776503115418378,0.683998861224433,0.613118721779949,0.795442587577198,0.62375538540666,0.756501512816056,0.667689910645882,0.699909950954381,0.67208739793698,0.528435172199955,0.619328551465825,0.766783666239398,0.669547555329373,0.777857560318394,0.721609396038757,0.688550964496394,0.584844923710057,0.696381551268104,0.697174614211549,0.662033767748569,0.533536088322646,0.779369535641219,0.688117686450938,0.608522288088768,0.722709527496933,0.758236734647112
GSM2714573,Tumor,0.0710984141844462,0.49160197863555,0.234712995570311,0.199517381230537,0.515901916481542,0.470035742049892,0.659094580740044,0.133119188129337,0.442044169036754,0.624735939542039,0.460875269712599,0.659880539554821,0.431283831071169,0.526443291313546,0.543965089050858,0.549673762072406,0.618405184619064,0.484401878399728,0.462930333456885,0.319465019323514,0.595073716352804,0.573835914939443,0.429579947416035,0.665668231987554,0.147713750902103,0.393045834129602,0.276378626228649,0.457043599479306,0.14535850843921,0.120058549340977,0.273605889488207,0.196890840879,0.444947354024547,0.535399185212274,0.258986196296112,0.514979498124387,0.454312726343569,0.569320020972137,0.267714044677226,0.112133054645847,0.406386554706225,0.508285920960659,0.234668965597906,0.189614018550855,0.405328185759634,0.280709362900056,0.285361627545582,0.616898087590618,0.455138811119436,0.444676135773475,0.145904285179768,0.467545710025576,0.697605785167886,0.555844486850176,0.566246016207666,0.309419975889692,0.612133261251547,0.566404530149756,0.498676313461577,0.599586187226014,0.43871111191739,0.170596452982797,0.203372549105237,0.556071542097322,0.548894545578069,0.522849156961231,0.59560015426864,0.648487171023451,0.536813321313701,0.456966790411337,0.499068033881317,0.31153629134528,0.171157216323895,0.531703938747498,0.400241637072817,0.0757951367827287,0.373952585096213,0.473964835104165,0.658926486515531,0.6120548540787,0.151974806967304,0.60389797838734,0.573420134922006,0.292147936363489,0.496228823359082,0.39810040576867,0.468168263971408,0.614101349230608,0.469046940558416,0.156556572061275,0.387613485058345,0.440978143370753,0.476324902481848,0.18393724349455,0.569747287293778,0.68780144947251,0.496929851668619,0.498633013045423,0.492895469878091,0.553073275512987,0.24776182956996,0.569115053855315,0.514362527988281,0.68667941815306,0.346319609059274,0.595754733550889,0.439866251093918,0.493117528246393,0.506913380977382,0.603622464291357
GSM2714574,Tumor,0.522010782185725,0.525099114055384,0.149244344853631,0.162807330440679,0.377792069150604,0.462020658000033,0.522406574569569,0.347892153292456,0.489153283527267,0.537767977976718,0.431563427290846,0.551026721214793,0.268965689523228,0.514965190035244,0.540925142574276,0.533400710281278,0.439440790599034,0.450805723380727,0.52476721583761,0.443071642866712,0.502442937819919,0.611355495944531,0.582369067420805,0.516593994946633,0.52194401171053,0.350494101332469,0.304569890277089,0.533373593225048,0.386260019758512,0.139596615927056,0.558297756674368,0.314953645777416,0.395738391536069,0.481073488119943,0.168136257415434,0.418685948464058,0.376126247276073,0.41751008916963,0.530475137128346,0.530191076998919,0.516785027434245,0.242457526187343,0.564244038861985,0.158737543006881,0.46186578829097,0.268185164400659,0.302713470158039,0.627029954071405,0.220720098091282,0.255160619156108,0.0968933331535833,0.270276905394925,0.60681628251576,0.397174951294435,0.395867783356411,0.265253841670718,0.368040467453916,0.504339122832881,0.423500387814005,0.547319971895824,0.268432526194854,0.092022289770741,0.509593812933713,0.526391107058289,0.517176360623588,0.388298962132877,0.514135464417791,0.499483388748455,0.429709732499431,0.285148976088901,0.268432521426497,0.398267485261086,0.528603429530218,0.496046397264398,0.397873786675818,0.498641530929785,0.571997519820217,0.411292879502135,0.558964257266154,0.436250777502078,0.368381037163823,0.521651212594871,0.375378424744619,0.376625909925544,0.453849447798181,0.312220328097174,0.298851519869352,0.319202632391266,0.477009088820661,0.115810211068425,0.542327934866733,0.362350460086194,0.521055389993286,0.370707344563991,0.367126088137563,0.565936314244,0.345728569873002,0.626897634633786,0.424136671167047,0.259643085772145,0.472145889701532,0.341186874456672,0.366808431374924,0.575617839388493,0.626437417244011,0.438549703709971,0.355512660379178,0.421911953648813,0.403377895207643,0.54020135862149
GSM2714577,Tumor,0.386171682053354,0.377804781422337,0.192052560955158,0.159561631611124,0.321646642626487,0.459097691853225,0.338047736660767,0.377585385708866,0.275543778011134,0.442828370233163,0.467356330148643,0.408790955579075,0.146294816238664,0.592523597632041,0.352475018002774,0.419557151062234,0.237529090403817,0.323512993599482,0.418647303979582,0.552519188670567,0.443638974413865,0.494738002805939,0.382806932288809,0.152263668862645,0.341801646403373,0.336490930647394,0.169205408408861,0.169844404851357,0.297424689909182,0.105453688394607,0.597590476864379,0.218860932303665,0.186820494413555,0.283943340819715,0.136489086001413,0.165429907868711,0.232279297824917,0.544701953319188,0.21595300600869,0.304023370224458,0.394543821567903,0.215210065185492,0.213722719098672,0.377454170496684,0.127031097159916,0.263951173621772,0.526457941499325,0.53573345972606,0.244482636790379,0.105004436350939,0.481021362006304,0.185575167418445,0.154549641399481,0.193944980482591,0.582879776007765,0.235326429390214,0.49159358433295,0.431081547057769,0.391029614022021,0.564173360638718,0.117284910330429,0.493447778509705,0.324752115849962,0.442329102253042,0.382618864554501,0.233669145293475,0.334912263095346,0.422372544414958,0.301329272644116,0.15720729513432,0.362715928879233,0.242724441806502,0.4890120571419,0.408994648349312,0.25473669345436,0.170866064559659,0.385924406765619,0.358822706242278,0.57656828179062,0.235714643973671,0.38493812306842,0.497375900394664,0.470158729774199,0.438958523150405,0.594598758877304,0.18015502152533,0.17424132797638,0.106027388530398,0.298584961132167,0.293917719122287,0.494999543082212,0.286208548019619,0.360366832079252,0.369567427782838,0.312746092292184,0.491236506288444,0.179305835230895,0.344776487147128,0.247166595198976,0.37633700512127,0.318680198099918,0.226691811851948,0.288462985396158,0.393031670745904,0.558668544331883,0.367602876900355,0.253678061394883,0.120261008032106,0.413103003267508,0.378244288138024
GSM2714579,Tumor,0.533186144065935,0.548939067965649,0.321608915527488,0.543840772342956,0.575146020690229,0.425674230513127,0.618264158118917,0.541651241546498,0.431297477351065,0.3850848995931,0.433169148380613,0.467283398330864,0.520320405503683,0.512076654857619,0.551756705437983,0.407120947458296,0.557330250252871,0.432952690293727,0.426331992386409,0.550474984235984,0.520564503971613,0.589376431666374,0.587044019103967,0.547988105098092,0.535195995666074,0.603593451867348,0.343409914066403,0.363888957835392,0.451710383868856,0.433687620297662,0.596173574210939,0.397516017056824,0.4276396810506,0.187901461223944,0.443786902717799,0.470185853764235,0.444512139030986,0.496906186135642,0.569959703892906,0.540789728051696,0.443906987369168,0.431142984567904,0.443205234607325,0.524695545629919,0.488590056026835,0.485862069630126,0.416141756529928,0.607916183316405,0.526143154348894,0.401444086345777,0.502330004469711,0.4795778023606,0.310130554203017,0.391307950842423,0.391328612535498,0.411118995667279,0.549530369614116,0.488675791038478,0.515106753405703,0.51409061234552,0.448535807393325,0.446494993085827,0.53715507551132,0.540428435373987,0.482092444524406,0.464597218143908,0.509888934682268,0.563044744687117,0.442631730425366,0.447507192281662,0.569462262050663,0.439234873308534,0.62809997157091,0.430044867050003,0.442920088537562,0.604357065203097,0.491936740712997,0.523109911076426,0.59261108574939,0.438402218339683,0.558261451905337,0.45187269587489,0.519446948329654,0.392687118723353,0.422957845497402,0.364222855397497,0.523579428998538,0.466563476423151,0.433737699465882,0.538150879824351,0.509519428676575,0.455602350692259,0.4633049553187,0.497269780729643,0.458874629029439,0.562380014886422,0.551862020110468,0.493853684324764,0.499557798418905,0.488939550129402,0.438169742123705,0.471819801227177,0.482757486099462,0.412780632103156,0.602268791029844,0.51691238188008,0.440550321758063,0.548745443827479,0.505617878379003,0.523141975983658
GSM2714580,Tumor,0.254019939162864,0.240841353478141,0.119948024435427,0.267377241523766,0.260595466253397,0.218621571208471,0.163101890333561,0.261430782065803,0.268865078462453,0.364084486180143,0.166051657556527,0.365233315758459,0.10530659203045,0.350527991722392,0.22356589518655,0.34310246479115,0.292277361854033,0.307694861492129,0.281136601170534,0.240276580150417,0.205058191877769,0.400498929932311,0.446054079473152,0.308385008052862,0.263019463947594,0.194472710446478,0.188527970606098,0.103521134731558,0.132865775687551,0.164970696902325,0.280244968874507,0.0918106660102946,0.199094928145181,0.1111464702149,0.182717176607705,0.127299174385065,0.222754360341995,0.202158638596428,0.139756302095641,0.291436853214843,0.108066689157893,0.183043838401919,0.0882138053179743,0.134707029750006,0.186098593464879,0.249945246616036,0.290262130571801,0.274925197365678,0.33319833025558,0.243345037561966,0.1417670865687,0.102819955460623,0.253162541950958,0.231853098795177,0.32417861955442,0.188712617571488,0.31231602694871,0.314483554268544,0.258913164541175,0.308409836449362,0.225199776811572,0.0912026823978638,0.0934917210140698,0.353627142750129,0.328589023126806,0.322874831824616,0.367863882513873,0.295970117641805,0.298989152159964,0.196871306871746,0.221081999860447,0.22979332983022,0.279266582862301,0.182841139722315,0.285905819706115,0.121942013619802,0.22389151983244,0.122118694908624,0.285186531319936,0.353030207553226,0.220130683131743,0.254535297328256,0.18449415393687,0.12497280124055,0.300701733342258,0.279852852786808,0.161467649633142,0.290125899471936,0.236312929587845,0.127521912404256,0.287698406901889,0.217320964008489,0.234640617248251,0.194836868956561,0.194992056190763,0.345353680543422,0.138997162772647,0.350303187522677,0.203406632394787,0.234140261678326,0.284486501436161,0.298433566158274,0.245407437615639,0.339396567696506,0.306750157081802,0.274641655154682,0.304006801145094,0.14058423089567,0.281856747752418,0.413769943030492
GSM2714583,Tumor,0.370040280293738,0.317177682324703,0.494569452741136,0.164670237029398,0.287434546621228,0.340405948215924,0.170887580709135,0.0919597502400624,0.348408061366648,0.259586053555583,0.394445183717475,0.456012296665388,0.127653960048148,0.462419858763089,0.435884441326195,0.291941060397678,0.273256808043635,0.342816167820921,0.326082294948635,0.32897682881155,0.354651047629416,0.436182571987218,0.498550029850998,0.316611889439254,0.313951603374791,0.159330659247106,0.121191384778161,0.187121521909817,0.244942260039516,0.0889992323783886,0.214179652612544,0.0797536030910085,0.245077316937198,0.0978893837803624,0.283056033943938,0.269376108536625,0.21130258744418,0.155736280672162,0.142747587607402,0.270091725275005,0.172395301056747,0.155131514208807,0.110640565743387,0.136696016339528,0.237224927861141,0.131625867997539,0.0884389368145661,0.50852478835872,0.269228029724867,0.170907987167491,0.0956341531126535,0.191261057008234,0.493377960260061,0.271591700895846,0.340764077750659,0.195451456691954,0.392232942613337,0.374036214539354,0.220067219071877,0.388369278856042,0.207744471296008,0.119146480747616,0.311082079098725,0.397457117088958,0.386149071511979,0.277604502159046,0.454641289238078,0.428316237064058,0.338009683031129,0.299197468537725,0.43405266962806,0.212011379383956,0.210082015498067,0.21721911291369,0.175392393783722,0.326337588215259,0.326180016939118,0.332181272540638,0.43938626389189,0.159744957879473,0.322525150537862,0.297764462549905,0.34470820182567,0.128306598190285,0.18859291057046,0.211364863748424,0.256286737138714,0.264200240332242,0.338871858648165,0.331930835522669,0.322220400261643,0.266583784252641,0.382536491274774,0.158880429813554,0.323621365933679,0.0939321357370139,0.289870887771982,0.512857721219829,0.334779263896925,0.213221721875326,0.183855545842312,0.302412161939018,0.384832502579806,0.349705068175684,0.176796242349834,0.226618389815671,0.277458110894465,0.218891336347735,0.321316484137162,0.468246436910911
GSM2714584,Tumor,0.402120279794455,0.569651209234658,0.493246619573079,0.609478872787339,0.502482303385436,0.456316627220605,0.626320899245263,0.535572629411031,0.545837742692788,0.552710083659766,0.471363784557481,0.578972274489007,0.606405352884997,0.52851175132559,0.516536874079624,0.506995136173529,0.478425439419151,0.445724582415053,0.482301338374104,0.448146125930562,0.521018997276794,0.526412101021411,0.595583863732658,0.595634908672604,0.54202520919891,0.527664619461824,0.512579107757734,0.509380146370378,0.478566146273944,0.526329687512341,0.57826591298312,0.473704452959955,0.475409655019623,0.545136121562763,0.536375146922274,0.513218588489744,0.520884162434332,0.531515422970285,0.377535259247592,0.170043326294455,0.148996939910949,0.578632848685557,0.486494383295214,0.481285994290069,0.477130430050472,0.398289990943554,0.467304164074096,0.566033035076245,0.494765810997358,0.52966467038234,0.547545833139805,0.547309432681953,0.565487757422005,0.476525530330309,0.521568757608078,0.398281840073608,0.526772303807035,0.501930813097017,0.467458080258386,0.523439433960152,0.537515973446261,0.56055679597441,0.52708646317139,0.484296220376545,0.495497423155615,0.504821713895411,0.565342706158549,0.575288537666849,0.551433862738008,0.499789069681938,0.538813849884091,0.512533290456718,0.601171149472982,0.554779759998738,0.492702457782885,0.6768502113729,0.0810940258693437,0.493902769771294,0.589776588616583,0.507297846415155,0.556310186819556,0.504116864708423,0.476334793623248,0.517469255840502,0.514958145460499,0.555655313069207,0.527246488033041,0.554045123185883,0.535993182414587,0.383906340653487,0.49202548860732,0.387429798011349,0.516693121946308,0.545155914062811,0.500274388505053,0.604115338226452,0.549466034171591,0.499840313371951,0.501145703489676,0.492491608844934,0.588909824084569,0.530379502110645,0.517298324360782,0.55012381528389,0.546192746754413,0.559943334155638,0.566947568349247,0.423468492630175,0.489252144213018,0.629538039540432
GSM2714586,Tumor,0.209906817256102,0.302211893509551,0.252144491175136,0.275140813180047,0.226908536196916,0.175258968971768,0.338825913484989,0.197264513329298,0.224755113934054,0.291465805640764,0.230908170906833,0.227614672733008,0.34322612527771,0.299097988241455,0.244212163994606,0.247252191722307,0.232857437508273,0.299497396826837,0.223898974295862,0.285926288527995,0.245179436811392,0.294475321791553,0.252797166459474,0.269813090956693,0.274715753494604,0.226801819556656,0.214859765742576,0.265955038195971,0.204826950892349,0.208512806982362,0.307279293666016,0.17463898482012,0.248892285572955,0.246685264245706,0.25087146489978,0.2074906797302,0.24970033933232,0.208338453469576,0.214147832137604,0.210837227648165,0.176945261778333,0.256463056115547,0.252466060596617,0.165041840100988,0.278287655194183,0.197898967853892,0.180488313723171,0.298661585234691,0.261646623043536,0.204990687613189,0.258941538354146,0.164122021161114,0.266526520171262,0.225228485099825,0.19676439754852,0.19835478596242,0.269556220491464,0.252509715168804,0.207546003131159,0.244811910975009,0.271815920701082,0.22401761859106,0.321488088030005,0.227093527167301,0.270697104035391,0.220436826891805,0.202242538331876,0.242581627880727,0.264707395501298,0.324562480031652,0.215363483775781,0.27224586164993,0.290134449172964,0.26722751785934,0.200043044844834,0.240047465996881,0.273858513834775,0.203863755031465,0.235664083052106,0.211057764969338,0.23231179311963,0.263356271750026,0.226529324084494,0.244052530805634,0.192413681500387,0.233375326592286,0.261918077449643,0.242908688534452,0.22232809826217,0.29542262838843,0.219769455578693,0.165179067082415,0.26133948752658,0.213820085364866,0.233271972386509,0.227314241331802,0.322829609647888,0.310973897971566,0.217951717265274,0.260659544615528,0.223173394799072,0.295039045391292,0.238531917207941,0.268435471317348,0.284880970272911,0.292787494082413,0.293719789315225,0.165515716348441,0.19351586243668,0.250423817980035
GSM2714590,Tumor,0.286910031350851,0.368977703240642,0.364687595505028,0.372458558500144,0.329039698671562,0.268691339948233,0.401748949714023,0.249927159855368,0.300533311884808,0.379273087461976,0.330800995302652,0.316570955643132,0.425156951266863,0.37070923332141,0.358175989962938,0.335546863306553,0.355324213854033,0.443062455895495,0.341951687055982,0.366842634687485,0.350724575793502,0.394267654470015,0.365129965899908,0.375227614368391,0.335986625352081,0.318075728952302,0.219418766208789,0.336908510042744,0.225026407253142,0.345048873035,0.403443782299205,0.296521888341196,0.331617393124202,0.265346767363186,0.371202104650297,0.288517160118426,0.412424555112147,0.347670510326894,0.383390049793467,0.283119440398682,0.295353688834924,0.364598287921773,0.240761122780833,0.268017860422514,0.224387127439839,0.311567215340724,0.271175940689289,0.409978443906033,0.363452691869097,0.315884949612236,0.293061328969483,0.25816364758597,0.411920671416785,0.305645117977253,0.307468449200166,0.291766601517327,0.363286625212272,0.344145178976059,0.302677788599032,0.34627360059814,0.389222027702381,0.150311620823696,0.391540267072103,0.331718636034422,0.349581823243035,0.321743072825613,0.321765240356312,0.381261153309481,0.340292301123724,0.391276845404638,0.370066857068844,0.32569694346671,0.367482095562247,0.367112259146295,0.281680631372567,0.384807083044088,0.321697697710215,0.310844063903268,0.359654278278991,0.300569138073862,0.339101585937088,0.354571651080418,0.323908802711598,0.342594728532267,0.30167046483628,0.344454720179209,0.368560760690125,0.337524997544689,0.323939148623695,0.108482122127116,0.31731943485872,0.2722614299666,0.301002868848911,0.313415722995041,0.332933597775157,0.349661908270414,0.428730937798625,0.348912457617039,0.323645632808961,0.338847443607264,0.316575089693162,0.38841795335955,0.375269566894464,0.397829494992482,0.367324211309833,0.38757945213923,0.366096783223844,0.251859315553666,0.315283477488616,0.347722910534041
GSM2714591,Tumor,0.452164137373519,0.530812087134453,0.177766339364315,0.512373236892213,0.308364651591461,0.402480253477779,0.565885360415926,0.388928611708123,0.430315758847808,0.494703687008272,0.404806906598571,0.482115285839215,0.554124671293875,0.490287991032878,0.508016749826898,0.473778890461349,0.415974755635164,0.397013270417967,0.440902100362214,0.424884805141341,0.450735126757808,0.508980495293408,0.541915445026914,0.591481266915132,0.469630776357358,0.413211772519335,0.398047529866192,0.263542787708351,0.44718740985732,0.274605827981486,0.556158336071263,0.356119490297844,0.422355101899778,0.350040836147925,0.471844583509417,0.345545607449128,0.470706525136456,0.284837455155146,0.384888056016288,0.376440255382516,0.315948329079652,0.450218715202933,0.414656127512545,0.433567248180194,0.37866205929563,0.424039409069341,0.237435319192877,0.509817678337796,0.424369718731698,0.442484479022316,0.168793791138123,0.356834469118329,0.546648330868097,0.421577029895053,0.357285423050488,0.362013889008784,0.417087941844206,0.46854422687721,0.317293151499231,0.488998511538048,0.473835655775228,0.190245038777477,0.494495302956675,0.457883732370529,0.459487966878866,0.410912622879294,0.49130863404957,0.474183811310023,0.498461956102665,0.451052339255362,0.331952332603599,0.472181006214605,0.500421690532632,0.49769301968352,0.408781183573078,0.182360479493811,0.480611461155596,0.389189045987972,0.512602460337289,0.454770064472051,0.4660561127382,0.485387003691584,0.440877276993708,0.453769475886399,0.303068259485205,0.470502642909762,0.48348393237352,0.496976676731262,0.42901770549209,0.501422007244921,0.376975726618652,0.223004986589416,0.477229754235098,0.395707852652619,0.445279729077149,0.493790350777567,0.447249060027821,0.529533571169035,0.450842391487283,0.454224012557591,0.467650241327872,0.419457589532446,0.439797132613026,0.52728531424644,0.428216506441609,0.505850575068511,0.52311291017402,0.309034709401449,0.373190032215185,0.503187175579378
GSM2714594,Tumor,0.388516366223741,0.417613402249184,0.217441526163461,0.425935820151034,0.294280646121367,0.246824801478652,0.527289481742818,0.32630637775814,0.330828040656582,0.362597084058249,0.311998936336697,0.44305837454505,0.594061915104535,0.435316337096922,0.422793256036657,0.400638881708242,0.391014736796877,0.463997032543914,0.391202258661119,0.336659765661951,0.381221360885403,0.490051302036107,0.499560434022517,0.369586787437186,0.404372094113626,0.269303029280717,0.191574407718382,0.38090667355605,0.370783527626426,0.133012339117091,0.49283982799208,0.312358296453192,0.358773564195904,0.441670360001754,0.235428453901114,0.340543218511634,0.339380280383793,0.313238877958258,0.386866076769502,0.127362661811663,0.327623107510313,0.34944694433973,0.396670559257447,0.322601611310983,0.402445886607952,0.29197229831658,0.272354044609682,0.465890909017258,0.375615036585522,0.316027031284858,0.267502260546557,0.31591811296268,0.46273611421524,0.382045643308526,0.348455026953149,0.319903224924461,0.399155744792694,0.35566596547212,0.301230262691414,0.391082219745041,0.449563183600754,0.449948441208025,0.447342344576182,0.411426887947404,0.407089824296804,0.331906659685305,0.420109962823951,0.435260976669974,0.393974126046309,0.211062142437583,0.240590438559358,0.375385505928818,0.444544233630806,0.436721359532065,0.347165695909508,0.381296970336808,0.387964090862824,0.251173657227496,0.499218242041351,0.344852565645725,0.454314504302399,0.345327010407967,0.353579907786622,0.366307605329017,0.286787740714697,0.256049750232068,0.320668743045365,0.398667627620712,0.404130728442846,0.393663513244136,0.403323804387486,0.237285979283255,0.259360083690666,0.392398411699017,0.373098545522089,0.476668279473819,0.450121370805803,0.4963253406841,0.400809220897794,0.373725242849727,0.334783012320321,0.410226363463123,0.35965800064718,0.46051756888152,0.536814264971309,0.376384993665392,0.451843731982055,0.279628744667067,0.331514000435191,0.468506393518901
GSM2714595,Tumor,0.314621699636621,0.420176270569872,0.390446776278695,0.326259514509458,0.323233955668462,0.285833933304879,0.451156523450688,0.316025680749775,0.302652189167675,0.368186949558248,0.34814739027185,0.367399960249642,0.496122853220709,0.394963061492955,0.375742481552166,0.370206848937955,0.337029327134814,0.348637887627441,0.347980097210192,0.326373717063219,0.367316391947121,0.398898757884869,0.37224787473311,0.446324271745326,0.352850510817375,0.390160746770008,0.357953998189317,0.295771284461324,0.327038774038709,0.279276210502081,0.424317768022342,0.280283561980228,0.410312899979699,0.406313205868564,0.287089426656567,0.33729276727272,0.39974654545735,0.356360727708479,0.317657268496365,0.306167687915359,0.274064246305474,0.383992629186251,0.351158796212772,0.312632652463635,0.396838575354255,0.353920307978236,0.311986573857154,0.39031864429065,0.339244005830077,0.29656087788378,0.368344882337552,0.276188940146622,0.396970468488841,0.333448227277226,0.321636809450533,0.309761569459334,0.378155965680106,0.362200267459178,0.282654216333118,0.362221716812754,0.395624389647505,0.143595557060835,0.328725644425606,0.311362244593774,0.350711070228099,0.329333121281764,0.345818409263029,0.391448824368156,0.388244973172301,0.412723875105821,0.368375800860125,0.37438860932422,0.395901873042684,0.366756067966076,0.323728497754876,0.330024523588719,0.341754727753099,0.326542745141526,0.388745754329284,0.331237646569031,0.34083483930976,0.364068668962004,0.261985912230779,0.356023739686821,0.297544822593711,0.351458747198345,0.390597617439195,0.329988779858484,0.357330118568616,0.386904527284757,0.339909411926502,0.29463571286668,0.408610903386592,0.356458274442219,0.358954670737165,0.367491237347035,0.430202882254457,0.304980530992644,0.27682912355474,0.371233633618795,0.346681825161607,0.38423610421199,0.370980659105152,0.374307668088448,0.382854376998135,0.398998382331996,0.4065789257707,0.283477293229665,0.318115438405357,0.325364276564645
GSM2714596,Tumor,0.712763839954449,0.693896193664731,0.489498230702708,0.654542643940391,0.656932296721561,0.604257596175305,0.741670074072767,0.672312498052775,0.650115283100149,0.695948030431473,0.620058853911891,0.64606074783377,0.694469291485905,0.712562105291883,0.688283453402659,0.472546463754006,0.760887832953761,0.663729085385533,0.620311423751702,0.653222512332179,0.709772617695918,0.6787047234155,0.762787132647713,0.666935465429063,0.680819730907592,0.691303721693023,0.556560361925978,0.650831087918056,0.256878083452516,0.707251954635669,0.733539428727311,0.573283127439463,0.610045020766897,0.484028211017453,0.658155408710233,0.623649925428859,0.631748745279773,0.627970388461797,0.515383223317217,0.442457811534259,0.392406855530232,0.683146943216442,0.573481045073214,0.195752827643595,0.614212610117839,0.5215409857224,0.530194694720568,0.713116690089247,0.700494085974437,0.623584484888257,0.332876253653087,0.635039228631087,0.705341285679246,0.604380247945653,0.678583451862599,0.377540850012658,0.706444785469372,0.6729367460119,0.564581046499208,0.69031327179314,0.620398758418942,0.4829301887738,0.576322585367565,0.688478282856965,0.650457931784207,0.599657859570518,0.675551722814424,0.715210233849585,0.608196072835292,0.489449282130863,0.749865598814499,0.430751189689841,0.753184577897826,0.61773766278061,0.589403358591031,0.784172561406196,0.661812607123383,0.659315366211536,0.711301540320127,0.638279567310362,0.697663042867842,0.642526744334813,0.6221435950868,0.65844089955594,0.726473868819038,0.626355199077872,0.707830904543873,0.736610304040409,0.619893459769653,0.644015905225426,0.676906293115526,0.675042460268687,0.581219105518079,0.655602873620988,0.711050026900076,0.696444842448346,0.656445486431618,0.68012829617865,0.608646122204338,0.614272936816615,0.615389415757887,0.663926918266922,0.666122589359649,0.597381156427517,0.600579421198193,0.681458798130631,0.650191987660581,0.502023443189285,0.70159517830125,0.678892733650981
GSM2714598,Tumor,0.407699952948913,0.310218245867527,0.170198944417081,0.237206767872058,0.256427498152493,0.270933174573639,0.463228597878774,0.191099212826538,0.409842667049471,0.411527708357839,0.338091644121644,0.457728824937378,0.480132128295348,0.442839164400697,0.324109772503464,0.286488687237357,0.297420894237567,0.388484389107175,0.340264541158859,0.288644621125808,0.41537818571617,0.470304788444382,0.524232533752368,0.571607546614903,0.359388995208067,0.364381458368389,0.429734489271656,0.405141801202402,0.318981758645005,0.141360175165966,0.340851191500557,0.267504037372298,0.370217512254281,0.110192911369145,0.313794921126446,0.249339046506243,0.420054840721458,0.235389690603383,0.179108828601904,0.340315912472194,0.394717426975252,0.343453681024976,0.156297660478737,0.302883263322598,0.393848945037399,0.206820050506063,0.178885054402288,0.428652946459385,0.328633920433389,0.246162477574216,0.344467860965864,0.24222903698893,0.201338588254722,0.352868037949976,0.350985048127723,0.276344143665677,0.375722745331954,0.373516577037906,0.244511715204112,0.37178052658225,0.392356100469162,0.109118060568767,0.47516094656679,0.38057804147332,0.443191051413161,0.32891478776638,0.449449015352601,0.438975880612963,0.420677644333573,0.307402843865935,0.119519295275092,0.434894167602437,0.441644138484559,0.445293763939432,0.354133230271012,0.239970315263816,0.292663983626563,0.329540457313855,0.310483294250635,0.141962490715827,0.38235442263426,0.403346397184888,0.323166438618426,0.180501114330429,0.282727409029101,0.403994692974607,0.330190579231557,0.298744981761387,0.379246993980874,0.44811272750546,0.313426746748926,0.280486988816581,0.31458978558928,0.334422252305802,0.368270581849493,0.482729161876749,0.327871437411086,0.394788051632577,0.400560626045018,0.380124095895009,0.443169142953632,0.421611660970723,0.266928539744305,0.425723567528239,0.431800720361883,0.339195601997055,0.458306217008879,0.239158058734991,0.182682183502738,0.451471788541036
GSM2714599,Tumor,0.522862618066554,0.50518031884096,0.100939654828446,0.58184035725748,0.535964752573974,0.384374028547546,0.565788717568894,0.369001128731647,0.438674483240005,0.457599430908913,0.431063803141562,0.524412436762174,0.540855180120478,0.45762047477631,0.556125880291379,0.429682680940819,0.333824801835209,0.463449062930255,0.410091981595778,0.443661086411913,0.134869483145627,0.41778735600176,0.581365592388147,0.492240712095803,0.537734717335151,0.281538895212083,0.195855398074384,0.137883432141347,0.104861182976992,0.32897218213223,0.452159593580065,0.35580929344509,0.168628646844933,0.120625931699362,0.413611318454108,0.264594940113046,0.379362877147574,0.335830411794298,0.550591549329879,0.531130925338294,0.205976628297247,0.414582988355338,0.0857638120056668,0.386135708892532,0.11924389828387,0.391991648863722,0.220671132169306,0.533642229565518,0.5261615338517,0.369321519769532,0.0884391981496929,0.0937986765691715,0.546566121244728,0.353237860248338,0.379083142838891,0.259595728376182,0.478442055803332,0.430281795061606,0.303475605483004,0.440363291618805,0.417158498335924,0.114355299545098,0.569444434914418,0.523810940232294,0.44198287478008,0.415728887446067,0.520912527296076,0.412135922061584,0.453238315524241,0.310014375152913,0.463644695094091,0.298341531433262,0.51820162519674,0.383723879885807,0.197910799011808,0.187090652809809,0.279138575214026,0.378113497496039,0.60657127420104,0.484747462248639,0.5266728828497,0.310416993965457,0.310124120232513,0.170602398428439,0.428239024264417,0.464791828065346,0.412922207168987,0.313450176820589,0.371813841369818,0.553315595886626,0.0615070880807851,0.243174074789046,0.351126712717028,0.157384984369193,0.283498412102302,0.492649492780456,0.499794569597035,0.531110611814429,0.481154854513872,0.240661672947685,0.347103292214169,0.338223467281305,0.311937603088984,0.611419229974563,0.423565063809481,0.360116351333884,0.437545895447855,0.311689419567838,0.406251541405915,0.506297608397713
GSM2714602,Tumor,0.0670858460739086,0.18044870068549,0.12174272398643,0.21376618087087,0.147181103267293,0.172383505245374,0.24827749814406,0.114720448328696,0.188191357565932,0.214183304065747,0.186056075786301,0.253322123728112,0.15412625439895,0.238155780906767,0.282388245716319,0.204088363510735,0.209375778272713,0.207998270459304,0.192272191674998,0.204266478182927,0.144780349827522,0.279917827401359,0.243750317458798,0.199450754003739,0.131167145286097,0.191913565299275,0.0884072887144673,0.135886186114196,0.121717153988615,0.0850831649766072,0.145988215686278,0.0957040822094639,0.166575580222215,0.148250198343581,0.140320969583525,0.171821277307871,0.202250855997775,0.144622068254052,0.139643930529504,0.139647882431921,0.121308949130527,0.140536894587304,0.120616926284626,0.165728261583647,0.0925712747036359,0.148985646610615,0.0955367214395287,0.292385897375938,0.215070976250479,0.157276809816365,0.094246482567045,0.132645595149554,0.251383932923439,0.179179489885317,0.158671152662373,0.152405302348037,0.250822914667352,0.234616000254494,0.18835369644805,0.245457119151761,0.206173359120262,0.100550318842349,0.128982082030599,0.28225645333627,0.231882800628036,0.170029935938556,0.274536456311862,0.20914216150084,0.251902327065153,0.165162128441734,0.147094315825108,0.0973255408447365,0.209471477550459,0.180561447660629,0.0885689256645157,0.124872014363143,0.0898426256440336,0.115486579405362,0.270824750781676,0.141480149463285,0.123090539816246,0.15363734740534,0.200084744812408,0.107999964332365,0.106114944404737,0.146313621827644,0.186158499661253,0.193305809756452,0.184265963853264,0.168422254064042,0.167245734071384,0.12371808006575,0.154437780357144,0.131476503087584,0.139965960818446,0.271030388193307,0.159789118422668,0.248759352357363,0.129739557543336,0.161212605072212,0.14683815239997,0.168184100979515,0.13592676403278,0.247670004825345,0.167027061434143,0.231189677378857,0.197907935765386,0.109306260194773,0.195652536473249,0.215885726118419
GSM2714603,Tumor,0.314141105402166,0.151881220627943,0.154864936522296,0.278532136653998,0.144835742462993,0.143945616745818,0.42742730245347,0.151173339524229,0.208531047500196,0.118307236355348,0.271559591615211,0.222010306457683,0.101687286704866,0.2393308841149,0.317037295645823,0.262418517931413,0.208959871436911,0.245044718441967,0.106298105645895,0.218390410658906,0.234843777628883,0.249769087518268,0.215890736028617,0.225671220293742,0.203126472139398,0.12709528800955,0.0952387690980675,0.217436997733237,0.120902690496219,0.101585888889505,0.27184654537425,0.121171935301772,0.160808321305657,0.0693801638472976,0.0853612835692692,0.183974344106823,0.138072977244952,0.0754886159905882,0.251744699777702,0.0882397520407858,0.103155468617551,0.215223840758326,0.16442555632084,0.206340708809358,0.149762633438814,0.0900570674442139,0.180433449061469,0.259764596598928,0.217360325870743,0.186840984516334,0.0835585490228418,0.160479040183729,0.0954039851196795,0.132256786880188,0.0903320796794336,0.159609038848746,0.375068558841914,0.193155652907168,0.171589444184196,0.219006813721896,0.108396695838127,0.154690646578011,0.0739959569191376,0.137875434358374,0.216592681151812,0.153991596492638,0.289051116404456,0.193933063472033,0.305266753944222,0.177104869167121,0.105258898033473,0.211559372752621,0.314435551566721,0.288830722402352,0.102831039204676,0.137524022167496,0.318340507426731,0.16106536351717,0.189545588445483,0.14953223891832,0.199988207183053,0.274898475576504,0.197603828830978,0.0987149814772913,0.124189480737774,0.179104748449764,0.095636913578073,0.152422443517545,0.185962829634311,0.0768265143716663,0.179601500985767,0.189166133755225,0.139974366158739,0.224448684207445,0.267117388243392,0.33563282296559,0.170112225497977,0.251038719534867,0.0669922029692889,0.138390149124707,0.110830106510633,0.170245575426139,0.173721500726436,0.201819341908121,0.134368563693722,0.226931497820865,0.254709508091558,0.0557175871040074,0.142491559312197,0.262542385267577
GSM2714606,Tumor,0.058271247145905,0.53813709870379,0.121892564404793,0.451710264713096,0.534879640809335,0.456601585040694,0.593936005211969,0.340325807046987,0.467396156304168,0.500994034620419,0.459395566244708,0.56010094015144,0.450019090127448,0.493035117399011,0.545285638363562,0.48455064758456,0.547589073466721,0.384314640058782,0.50116758677238,0.259345518429322,0.505622200067981,0.577876461299551,0.585510751698706,0.576774127994207,0.546110818300255,0.376339166749801,0.349537593453373,0.389063275982823,0.217599271119444,0.181713995995704,0.188182845970682,0.372849826253279,0.380835697852588,0.152391480620811,0.334806788564621,0.400279563253425,0.489080190833474,0.405592527402839,0.32617661888701,0.371548906021592,0.30714754372521,0.407335405376098,0.50106141303345,0.379634679019695,0.429640826487921,0.434137202719012,0.0731037153977607,0.521160705754551,0.475574139759834,0.412417085064953,0.207426844065488,0.105230080587745,0.464867732127307,0.392524716544808,0.524987009086485,0.298868895295091,0.505113653647486,0.51407404416273,0.316247084963767,0.507051485116893,0.465480158656291,0.135894050138794,0.464489379815626,0.466961017743359,0.483595215630708,0.414910894532909,0.503370486594068,0.519969325798463,0.512214692929612,0.402919083771997,0.411480881751774,0.354921058152992,0.319885413495354,0.519669484462039,0.386116887133787,0.497689061202675,0.464180889633284,0.448935124650812,0.614947412245901,0.52412154933763,0.13828543327655,0.417879626319265,0.453090887850367,0.492077191053533,0.377014504316043,0.498653059456153,0.360614177318638,0.464317702233629,0.513462388998352,0.131240403044195,0.447566231267431,0.468055565145055,0.502931066177322,0.391372459519524,0.25875458706764,0.556107193393306,0.517219219248335,0.513098546410101,0.417896243121779,0.398365033064711,0.329754796946201,0.468534147747123,0.437219185367316,0.531586073350066,0.482022772696223,0.537823788180075,0.473434465414724,0.390630953525034,0.516109729309961,0.467894852429877
GSM2714607,Tumor,0.331157598509303,0.379152634277414,0.171589746049216,0.246347390217723,0.230615726021547,0.296786428511322,0.525868711790232,0.0960727544978429,0.334157590020648,0.510503905500385,0.389367964773272,0.578069721959693,0.340108004251021,0.400806083561292,0.51905703310333,0.449059120526977,0.449090388547339,0.325882913343442,0.369067481324284,0.453509315499787,0.419872714176016,0.469015807152021,0.397198212410955,0.5049016991355,0.376635676280643,0.115579508429342,0.159056226457419,0.178729550004516,0.292383988838576,0.086795262684022,0.266454625418334,0.214515492699898,0.255118517694192,0.298263644064542,0.385117943007032,0.355187302849417,0.2636803232392,0.233069996680297,0.163367140127367,0.346412579955064,0.21428883330608,0.333042175277747,0.454101091696364,0.330290838504718,0.325026826601724,0.170665281228401,0.296346492201215,0.55748891542042,0.201586368975434,0.20655286972329,0.127177741953138,0.476154213208665,0.408628048846168,0.360726750395658,0.461673462300499,0.267810642283669,0.486625980963061,0.450187237904805,0.470432856144818,0.463042207543467,0.313539346350387,0.121195858456388,0.40314909934944,0.500527491452063,0.307111445972546,0.433704153148388,0.44020749790246,0.504552266998111,0.416157029425568,0.182108214978821,0.263361439987153,0.348164981563427,0.549297886467277,0.483669296057898,0.156178915498693,0.154421662757817,0.539249722265841,0.384472837046551,0.141698671264802,0.292962946353266,0.430553790865058,0.40575697379142,0.477124050414158,0.142156662491549,0.405335709876006,0.269973975627846,0.252395554549828,0.435300903225836,0.391248408935469,0.348491643733181,0.327737033753495,0.248658610923475,0.438498554596888,0.229036593330464,0.295136692440531,0.579374032678776,0.126407176356099,0.474982113912548,0.335297866751066,0.303527451032596,0.316611910000309,0.408520736944444,0.230866880850568,0.591368355216084,0.327032557185679,0.463006067579492,0.297864293904987,0.199277311677174,0.421613554316179,0.55967161646161
GSM2714610,Tumor,0.424870969283406,0.353750598212404,0.334929115460829,0.423860571031075,0.351630527354133,0.388551799365566,0.619445053076215,0.440892355455756,0.409923319337415,0.511934911198051,0.385129957703116,0.508297968561225,0.360320652342309,0.472850486524723,0.53991569713846,0.502765779906726,0.488471652629988,0.38913019542637,0.457910436131265,0.398809716986911,0.538531154192883,0.546444881741613,0.57688490454158,0.547763750108864,0.49542065019061,0.418493950424907,0.292328004606341,0.250094241013326,0.287984297689312,0.40440743872715,0.409936549880471,0.290993517896725,0.459919002864881,0.312575216125294,0.408966545472493,0.475556784884579,0.40861073678606,0.322208989943172,0.500218690420261,0.331604798318805,0.317711959829489,0.226432471129882,0.281195340130766,0.145690455134514,0.510277963488829,0.441793251074118,0.409548654662745,0.549610120042585,0.449343714326042,0.321994470797893,0.121780048334241,0.43204096906892,0.611659776385949,0.400548301973836,0.366963211218741,0.24935115940132,0.508827009106973,0.508641564627963,0.302416462012783,0.499492361685596,0.391906214579266,0.128981258102949,0.514468606515487,0.491875963475776,0.465168504668956,0.422138738631148,0.46450113018152,0.575938672488634,0.450744387106792,0.238945369498904,0.42386449544065,0.420245366657365,0.501769521868495,0.418572885113678,0.372751948486027,0.191187681061506,0.323084367039875,0.382520060510158,0.575024551255552,0.514599013729693,0.476833925897666,0.472796805922803,0.424711360219525,0.491187998076229,0.356105979089953,0.474123605423405,0.316328558212244,0.355103515224377,0.493646435199203,0.146328045090974,0.333319625258964,0.187873452502907,0.345804782341859,0.326249492032499,0.463671269642484,0.543896867192818,0.125367516647684,0.422502504494419,0.46819300774304,0.297930023572821,0.443603148342043,0.499842417831916,0.472046327559831,0.457031348598573,0.480180952861661,0.534948858982829,0.483408964905292,0.273780892936595,0.425118434288834,0.528758975236102
GSM2714611,Tumor,0.101169955880903,0.183521925093989,0.202907092732107,0.153210494023791,0.13115970724875,0.119079204756181,0.271605971089912,0.124269474938027,0.159119719667222,0.161259734291786,0.16855627868076,0.159797783920876,0.125693750526425,0.229152093209297,0.232516191099966,0.168283251458618,0.153706585961144,0.185415005646537,0.18469800162549,0.203276216173461,0.122443628482334,0.198099034884994,0.238312684644695,0.148183323422151,0.166794877490771,0.21976137020608,0.0962646151647595,0.120423214891556,0.162901946995945,0.0835673210486024,0.15118157274464,0.0901308646600613,0.143267961999786,0.0828243529022985,0.15131448218658,0.115149101554933,0.141791821329671,0.163095824215892,0.117150453182659,0.103418616113356,0.114212237950049,0.12634391395549,0.0875832764729798,0.187408099302148,0.153516387359322,0.0965425353807846,0.106718041888898,0.261582825270965,0.175238364760509,0.137195164002527,0.104413609845096,0.161409045506872,0.128567002250694,0.140410457251546,0.10530097853848,0.139603379450449,0.193775587182052,0.202036410434075,0.149890248572776,0.18329272160568,0.204939034662955,0.0978628931299776,0.164474692515212,0.190474584864999,0.199883757803947,0.157096038103855,0.185716123345495,0.152378299358014,0.241918253929567,0.155385281098634,0.114498759968811,0.155949761691918,0.205076297292876,0.237496977653048,0.0839475396029805,0.0943768074486195,0.234084102553731,0.13194224291334,0.222664229609825,0.14378536191507,0.162821794666119,0.221777258950889,0.160473591309876,0.208019659148068,0.0936428222773809,0.141935212555507,0.143958308639705,0.185522047889958,0.122341868336788,0.223936288772412,0.105162034286025,0.0876957213803487,0.174252097992704,0.108828174295549,0.147700049705388,0.205466001677797,0.196634566027259,0.274453363580105,0.199577154917064,0.203668417325099,0.138976583450468,0.210231353697514,0.196137519790945,0.275012993583464,0.194166951764691,0.221524196013913,0.201969905177354,0.074295354297057,0.104528294456972,0.186567186191376
GSM2714614,Tumor,0.262604188329942,0.503437708034152,0.383260117381152,0.236434935991536,0.235931970070496,0.391642253558575,0.551959303172588,0.143653887913719,0.360238199502667,0.517268834221344,0.40077488456115,0.473708902084902,0.437465709807047,0.475446651493048,0.417535130217851,0.453391461825157,0.383265846148895,0.369579830443879,0.422692534789496,0.206741759297404,0.440364602590112,0.540481198331997,0.551009329376293,0.551502785715546,0.413385073955341,0.448096308416836,0.135492889089771,0.115031266472499,0.169934143788578,0.113203140188446,0.248642622016149,0.244661012623103,0.206294691404285,0.273311954398151,0.387472120529048,0.370384495281265,0.393422704897974,0.254303130511486,0.170666242908209,0.365473161706669,0.416215956740982,0.124394155692115,0.153589466782385,0.170640716721086,0.0920928292730811,0.21892084042175,0.0677072032354106,0.478411655799412,0.391931629372374,0.325748655538882,0.0707279938997759,0.387530389879063,0.56226435107057,0.32982793393687,0.418431212739552,0.33238889450069,0.45102401822347,0.472278751552111,0.373113109417483,0.4474817134226,0.33896343151293,0.109109550367244,0.431730751207496,0.453972130389742,0.443824448201018,0.394205081721512,0.453265411547163,0.459062710746788,0.434186081136885,0.261467317392044,0.107754406832922,0.396574619325828,0.472262910752437,0.432742342475125,0.304667182978075,0.107662942398892,0.429282234101759,0.334596763334932,0.530179376995051,0.393493676245052,0.408433979985144,0.425061079596236,0.452556842887582,0.180360256966351,0.235159226929234,0.277385846128786,0.361893188315009,0.367178098223301,0.300319328334711,0.438822742772111,0.461925195174908,0.358853032658519,0.454380386103436,0.337088490674232,0.373054281614131,0.462736529142063,0.328011412396265,0.464068412697287,0.39811472319345,0.376891969637606,0.172485486535699,0.307019208432351,0.281068071286134,0.559671887270723,0.538498707171023,0.438432836522845,0.347587431859834,0.293509676642074,0.382864636457787,0.481377873105825
GSM2714615,Tumor,0.381703593876998,0.479655507089892,0.100472990202346,0.490610265148757,0.411838989391551,0.379783636620933,0.508069296804826,0.392130893359488,0.448430888872702,0.479812441004633,0.368690889930332,0.430366152938544,0.588812261646162,0.429165317778046,0.45782346033906,0.350915058257325,0.333159149727428,0.478376540551524,0.394713289994312,0.358163711943475,0.477666443917399,0.461672119293608,0.448184474372381,0.566135987130286,0.409329938825199,0.451328977904889,0.443819049120234,0.447797746838645,0.35598051058541,0.373343999552997,0.472641195323772,0.358861331594412,0.467250634026502,0.534286194834918,0.419851150361172,0.369230148247606,0.424338745550044,0.429023384931447,0.44421870686323,0.427275853642546,0.433023034422736,0.429381156322278,0.441109022878591,0.364399611908265,0.444438696461186,0.420187969858229,0.39855508274593,0.471288239138533,0.443222774858034,0.418217597668348,0.41125594388994,0.352579215842912,0.511119947381695,0.43722111681585,0.392349528242582,0.357242009595601,0.436624376994405,0.434339103363337,0.376579062792971,0.446409647668236,0.424584153572863,0.318428277587855,0.437569072880522,0.404672462421206,0.422022291989643,0.401812233808364,0.396262012423992,0.50381713306377,0.455565144480047,0.44905408332807,0.476470221274569,0.402754824075856,0.506750409213995,0.442468204476155,0.366734438158517,0.474731212046348,0.400696396582384,0.374813148937415,0.466425234080178,0.499147431127705,0.423552746031595,0.419743924240594,0.332967868945032,0.417816984909386,0.373619548933752,0.475622998351178,0.433934801741741,0.434579046976238,0.426439745864832,0.458267861749946,0.422688651476699,0.355795473858199,0.437727374772604,0.510914035112989,0.406536367612551,0.447614659272678,0.480638029420438,0.425983322706113,0.38740134337878,0.41404640625175,0.430625359959523,0.4468748250174,0.400503392862217,0.44668758686975,0.454246083896672,0.481904067638117,0.476535331417707,0.337041807168394,0.396237225642302,0.543447000316534
GSM2714618,Tumor,0.320564638045824,0.208251265703468,0.12572400453365,0.211550005294613,0.14943043061398,0.201368052755657,0.457377301608206,0.151300145484316,0.17384898292293,0.323278043593268,0.245990848553594,0.355875967287202,0.149381006543965,0.378845097104623,0.403058931308671,0.222839180691136,0.332330003645233,0.318521189294064,0.281762020254041,0.243609921158806,0.147062230878977,0.419965908478764,0.387042754550023,0.28558340225643,0.100383022154836,0.337919199940099,0.122256453426021,0.15693034220462,0.128209119615322,0.086609500054056,0.339137023507817,0.179504689296651,0.255663169613442,0.380885700371871,0.139882795347119,0.156177301101785,0.270872569945624,0.263944733515116,0.149261865243334,0.168774254269409,0.124417899952207,0.270745936461446,0.151633890656981,0.144437487635447,0.232574197947895,0.345721006001091,0.142504879959603,0.48558510455312,0.286316210932262,0.32826134189124,0.200892372065591,0.183408703329903,0.209916155349107,0.223255474187721,0.279628001424445,0.227409966732407,0.276708791383868,0.246861521076487,0.323474865897115,0.298141331456445,0.275038065325935,0.127290476110803,0.413054816237428,0.39768225461772,0.394165592352694,0.245015080391745,0.342472297818038,0.319640989405226,0.334125127858166,0.161561570537692,0.129984171861316,0.188749840229643,0.194226586413175,0.363665093443637,0.15737815315532,0.116319515431169,0.0859345967474883,0.270042867698358,0.290796335267108,0.14539795579664,0.359178993765605,0.166894371033025,0.265351857478174,0.181489987745817,0.358056239228917,0.25223397230044,0.224298860514154,0.228367802544311,0.355674544420622,0.249822094343809,0.193254384453931,0.148377739597255,0.274105719628124,0.146150720352306,0.198614693331942,0.351840688379018,0.135373813546603,0.383543181462256,0.139593944851572,0.222700611209298,0.287690749047335,0.210016621893875,0.122378349905197,0.327969834413904,0.349661502612589,0.328829236745887,0.261986960260378,0.084611598643517,0.330891726434601,0.386141969106226
GSM2714619,Tumor,0.658983946661263,0.634737053241409,0.613795975045337,0.6589459993262,0.626246104518125,0.590000744760841,0.670588136471407,0.595698006842032,0.684755773900966,0.628238682146627,0.568818106893717,0.662384937491009,0.712897202694412,0.628037217121194,0.645991453361961,0.584752140151363,0.69265524178594,0.619213733866828,0.582533562284165,0.551395792940271,0.635096698563853,0.637876692921767,0.671662340461319,0.714719731298495,0.649039870517936,0.709781383724178,0.623045511579256,0.617844542027885,0.576318854022674,0.573514409699136,0.668670449189449,0.503745013761135,0.606740200936567,0.658621318304236,0.623290390735472,0.561859611214055,0.633718162969557,0.569070579824385,0.63732748369265,0.672842024678067,0.635897956969102,0.689770754499248,0.629081180774638,0.584685436562148,0.64696533719674,0.54173254726636,0.663513485576589,0.61340886440063,0.660424246896518,0.675858274931702,0.524172168213391,0.608826906241909,0.704258847002579,0.609745381935125,0.633401612923689,0.570234406758342,0.572911607157513,0.638835191680675,0.64310141482137,0.630576801536297,0.633914056620695,0.606614923075703,0.620642100271199,0.590099238778981,0.597600541583037,0.629601770149937,0.5959489395939,0.683812068283498,0.664621801030172,0.664520982351886,0.64450727434269,0.65250993799415,0.707027430880865,0.612818366730531,0.569292602837021,0.699944459474465,0.640988774484814,0.609737784695899,0.697862989905173,0.5833637459047,0.705913639261106,0.614191950711886,0.621595569664871,0.530281204803339,0.621064388084385,0.695308242610733,0.615168839423436,0.643959200664838,0.617725799160141,0.652398438404778,0.608258104598721,0.661789653317772,0.66387408096558,0.640439144749901,0.643551404153937,0.606595751523117,0.639314759266196,0.655096182280159,0.661314218606917,0.629655054360121,0.633493735340371,0.611739458158965,0.624264125946387,0.676893671618488,0.630965704740173,0.640235626636938,0.620221830147691,0.636557096929071,0.638298718551223,0.706887404087936
GSM2714622,Tumor,0.623361311253313,0.57187729108,0.205193322079901,0.292251145627568,0.172256683428056,0.443140238210025,0.677366548530799,0.47114275247059,0.376177152404302,0.587698722378969,0.377522376217491,0.556543266602062,0.302744970184503,0.489240216077431,0.606661676779197,0.514335755692914,0.433216464615357,0.422827125787676,0.543056086355676,0.507550842866834,0.386181593494841,0.62435322878269,0.697087570754858,0.565870929045358,0.334150685001488,0.364058153190921,0.334838906958846,0.407882627137111,0.487891067151785,0.356132995104238,0.294708287496104,0.294001118500952,0.45958426271465,0.436582718466311,0.18258279369021,0.498166029057878,0.458946073208041,0.33139118942968,0.58462864479751,0.593409007414711,0.347737653460566,0.0843105091406529,0.18096794648863,0.404436899182336,0.536932818400926,0.451694866792913,0.224966712760303,0.586459988074795,0.272075555375636,0.425756884933231,0.182755441491509,0.505734247632054,0.658299821854386,0.298718166821852,0.385063074213686,0.46638923902098,0.482653677711235,0.525154654679197,0.408341413335855,0.409286071840122,0.453463371501242,0.107189409840289,0.488124240820519,0.560844575843893,0.532381251050501,0.412357404441635,0.451551897922845,0.516160942732468,0.48236713970458,0.292674417136236,0.438710572678986,0.285796394473563,0.515285477236529,0.523715711967512,0.517452508536415,0.144246510687516,0.602448232507351,0.385898980393112,0.628462565925901,0.263803562399348,0.635093415990601,0.468323687799999,0.620480544909627,0.399816041963086,0.357249050462621,0.392680878188665,0.525331459977366,0.315389250011568,0.396966750524346,0.43864955289426,0.504666338447047,0.339574012730936,0.414557902901518,0.227939827368999,0.504239511686002,0.532279819364916,0.420866986023844,0.655915177047055,0.154773444164643,0.461988882520351,0.508769791618199,0.40471591953412,0.42198651567192,0.617204791829005,0.603341044059702,0.557417895892495,0.47203904367616,0.311358020955564,0.493600437109927,0.505889031266672
GSM2714623,Tumor,0.45586990047688,0.500972020346479,0.142653945341326,0.537504125538381,0.449968340530079,0.33265474829158,0.413234314371475,0.1008040579011,0.26334555379307,0.428193362321541,0.401304436830601,0.464871027049609,0.494458680998184,0.512101517307632,0.458936102020811,0.477455293532759,0.375632710595063,0.412591232087014,0.422914019221427,0.461702257933396,0.468888540505439,0.455657878808491,0.51229669173546,0.51148748760081,0.452548368853155,0.403602856071869,0.183029263392542,0.354329164574095,0.119995550257915,0.250165378131951,0.534258083368153,0.333686418098913,0.408805803655007,0.315086526284492,0.377791095135665,0.308320807655123,0.392525443186148,0.462567706763467,0.086860926233639,0.432232502449737,0.428593569027646,0.307603873377346,0.120367436583887,0.0755452618032418,0.376315765241922,0.219251243119335,0.254043605049176,0.527075452425921,0.400657109813339,0.355273248547935,0.349227388319078,0.331697817872268,0.475893785606838,0.289615601435226,0.414194977854513,0.302195005409482,0.436099781456772,0.427746106627664,0.340001085217843,0.407347077841388,0.346217460697713,0.141836116606017,0.492760908251877,0.418432930795438,0.440097148747472,0.343780285991121,0.438662704817739,0.268559797774751,0.381438911726212,0.326931632450175,0.179528092571519,0.316821172419486,0.511403067665768,0.406690917528369,0.446023303787966,0.552937205088048,0.42429177753175,0.362869857666298,0.43653523591188,0.418643403126172,0.429275483149977,0.391302080517278,0.493566366048166,0.396863364682578,0.32337038178315,0.47378451275556,0.45973227881972,0.37376593951645,0.429975338985756,0.485844463874696,0.378579071192339,0.357971059533,0.419551080555231,0.479750171383939,0.414541414361623,0.480329296489776,0.427229354405096,0.426667738949265,0.358412599617894,0.423312063983154,0.43591138221036,0.453427734041869,0.256111061394807,0.456283761063304,0.518267198176092,0.418421875472367,0.405102785164894,0.276143533687934,0.376093426912148,0.542641242741919
GSM2714626,Tumor,0.148769448363642,0.407500813434585,0.30067067244404,0.252839091267147,0.265289656587808,0.28130850010508,0.168218870686997,0.201713415085033,0.310973314783419,0.287622164308889,0.330278236041511,0.37217630345634,0.162753628802972,0.395769639945764,0.237080879441759,0.368899880594424,0.266480634319261,0.337575321248831,0.313598148121113,0.278237642844365,0.339069297412347,0.402520967876393,0.437615236875265,0.390818493366348,0.123447001295359,0.278267639700737,0.101345815931679,0.168433196653533,0.233558648606861,0.112348374040527,0.416543904684398,0.256152858748135,0.21316238623272,0.271342183784694,0.211360216798087,0.228549883167362,0.29108857984806,0.352915488608324,0.120552258627188,0.238604723216272,0.218578254354366,0.208624704492587,0.200104303100422,0.270690177544742,0.17494062063642,0.112996668478147,0.0992960730741607,0.3703747223344,0.252306450471661,0.272240869613394,0.141618537710275,0.286520230716195,0.403936666703787,0.311173603867923,0.347425986513038,0.224972931321347,0.354638766503131,0.359564013818603,0.244501530182159,0.340876313010198,0.229466973703741,0.104905572562948,0.382346581254317,0.287613623670656,0.356241588228617,0.298040782312762,0.248770009011396,0.302265301549482,0.372893362647383,0.192177973769725,0.15502714766403,0.221312284632031,0.274067338167162,0.354699396406663,0.0938962308668775,0.240310275613684,0.0970232365625501,0.295934718471957,0.388179959278673,0.302053337550786,0.312814243730824,0.290647356981738,0.331254340270353,0.24819704845699,0.299552795193231,0.278511322839397,0.265531796706855,0.292399313088784,0.294439410567729,0.156454395729115,0.31620688237226,0.169356828619583,0.381838466422497,0.264673920701067,0.200517460068459,0.39376006214981,0.304088006274302,0.458205292504987,0.364180927073423,0.34188063146353,0.25430522812899,0.355845565144407,0.162262573572167,0.395772544305846,0.355220241115438,0.32667833472571,0.377570647838998,0.271651735030823,0.294036218947789,0.467954808260661
GSM2714629,Tumor,0.102952133836748,0.455065373245757,0.152033768208832,0.374657342454657,0.369797658686877,0.333222233847381,0.492335935413792,0.331591900896346,0.344608962440259,0.37375658477142,0.367334917328059,0.396269488693313,0.408963852650888,0.404417903565188,0.401587127336071,0.383652563109365,0.313089826381866,0.357440408200972,0.322883556489458,0.271417715333832,0.404043041125772,0.477966691048834,0.384105271504142,0.390260299351823,0.363519052917773,0.381261234904125,0.119062515726413,0.369800796862213,0.282693734017166,0.106142173485123,0.467775176823364,0.270560945798279,0.269389243683684,0.266154563158649,0.166698694525387,0.338951323430004,0.336271676432537,0.314406782734689,0.398002236117371,0.218994536953711,0.29086199105531,0.335517429183559,0.348349473195151,0.347647444586801,0.201398853300027,0.339043294203353,0.283177929024987,0.41638244091707,0.390846739430226,0.325241248584385,0.245118154924247,0.339992762019124,0.470487618578542,0.286364449291716,0.312681991837486,0.23217723606021,0.388018004170064,0.400080455294088,0.293654297954964,0.381332576785684,0.3694325702648,0.289398561872676,0.180477978522444,0.339394177000385,0.371885109638923,0.376100201766673,0.339551972250541,0.381982070794951,0.419285619629002,0.31786007201749,0.460333913246978,0.176490312216308,0.428157238983374,0.381194077140504,0.171030555708102,0.379504746030312,0.301886422227993,0.234942573364902,0.477537388883133,0.366956083073955,0.42303068336768,0.393087996537864,0.359537678445668,0.342669917034955,0.36590816245907,0.33303480641218,0.167671469964386,0.299572177932256,0.369862916888806,0.367564872932098,0.320573860287833,0.282784577029032,0.408419061585447,0.28170797268367,0.346341512751873,0.410156583743153,0.414157254102807,0.427184968841276,0.266830065287346,0.387305498006998,0.240292001722517,0.406482694796722,0.370149724611785,0.365609068170935,0.452999162680946,0.41020527626285,0.370904956482871,0.281331441719513,0.352699376002742,0.431006346656569
GSM2714630,Tumor,0.285302950697591,0.452725574621121,0.423425257006513,0.433848835435436,0.228759624221747,0.357268375331248,0.528050288826039,0.3959660727683,0.396093840758564,0.407052720065768,0.387450007672089,0.397179566900782,0.241957990257296,0.415129396822474,0.450606281421802,0.417370973423211,0.367512553089139,0.451556766385022,0.36845336152975,0.367108459367866,0.414733649979151,0.495497182053291,0.476145903038899,0.523052282728955,0.396520812764999,0.411072173785287,0.422935750582073,0.362498942485222,0.305570494388056,0.357196621706286,0.510722721709136,0.371783314704088,0.449733453382202,0.491762792898669,0.392176786116808,0.392592771207533,0.38426563042629,0.374659848812517,0.304686694300254,0.320603240970456,0.352308892301224,0.406903993366627,0.170131554911827,0.239117198021327,0.285849572406597,0.413156826121521,0.0675890812597479,0.427650593582229,0.349282349441881,0.347522538329143,0.405142349703875,0.359522591376525,0.433612762166908,0.388553357238838,0.348747759811616,0.393121775023197,0.391406705530287,0.42008129677204,0.320383341892773,0.385071553148324,0.350669140461792,0.206293854454565,0.47948607820761,0.358247917637102,0.41632119346469,0.338715733409991,0.398851441837951,0.430623942377215,0.456535085260572,0.317059553355504,0.264799836704934,0.514003401236322,0.40981222064259,0.4080891879659,0.361055141715792,0.37449437257657,0.340551250997159,0.355790144565876,0.477025237630208,0.382216933028866,0.471456973421289,0.388536389461976,0.363222063358747,0.382981520535695,0.197760640585753,0.44155424322135,0.428327950875319,0.408796204461476,0.396287699032049,0.455225511050259,0.386562002813389,0.348257262322869,0.480562706735116,0.388982242105424,0.355214351375227,0.422074610443315,0.276696787461246,0.426154229596708,0.382659852272397,0.394904240572199,0.434479139841126,0.442742772072579,0.406922736080187,0.411686676762318,0.477644618778452,0.409835394807886,0.463555901563927,0.286207928101213,0.36277731567462,0.480849993067583
GSM2714631,Tumor,0.6860520349598,0.569880543537264,0.2302325053563,0.514640977671829,0.33689467226966,0.489267294227218,0.68376388850422,0.617780902376289,0.434508255385605,0.718927959663892,0.546658458156711,0.618659768050479,0.740611772863687,0.568530781844126,0.476588302769644,0.584735074237119,0.45817756666278,0.588962031057976,0.599233270430323,0.5509482222958,0.608547220847819,0.626354256281127,0.643264160737772,0.568992104755462,0.610012868613588,0.475514564622073,0.321055821671069,0.566141412393278,0.312789757001093,0.345729658270116,0.347106721996286,0.425956223215361,0.440775499495352,0.143989475507354,0.293247724244823,0.516674836444727,0.350867775301487,0.455241081493857,0.587017951174927,0.613934085365418,0.55126347802251,0.150306566667522,0.461497476185212,0.622111529651898,0.459364699773438,0.261961297870146,0.268167281738007,0.662144344309457,0.589522079442226,0.420993217665155,0.360372610603627,0.546209344117813,0.161383362216679,0.438090162054731,0.543582122549473,0.465061169824356,0.609136747302814,0.559328031145918,0.374428425937577,0.578985942852446,0.302500570617497,0.481863285574935,0.537781829471755,0.648379647162856,0.463336977378209,0.479202447321245,0.488258686874637,0.554570497553862,0.482518968297649,0.402913181328047,0.638168121485498,0.479546506749434,0.650100969279219,0.635504159152682,0.424017727421428,0.556702612530674,0.449113331313957,0.517667074139842,0.523433956864201,0.462786296124363,0.406760894570529,0.569253000431871,0.537306003805037,0.58384968460608,0.562353384192531,0.354318110094786,0.514762370797545,0.492288259119656,0.464121589277821,0.591061735236705,0.515519189238813,0.463723403680343,0.463076837097952,0.445099097877836,0.56561539854151,0.455270600244871,0.475582905659553,0.656818276430705,0.586979661384638,0.456694436045652,0.361820157101984,0.580751076383897,0.581155531159094,0.633532551620525,0.648625800073935,0.551821702175695,0.432997474611674,0.435759685441127,0.566704260295369,0.617189517944381
GSM2714634,Tumor,0.496155192950504,0.464858275463903,0.444322876756841,0.368474246189743,0.486704641879902,0.423811143769781,0.578452977555313,0.356476606482251,0.508249054206377,0.50333831988177,0.405247284888948,0.470753856287724,0.537146803286058,0.44989317531257,0.507958357203581,0.443321599291094,0.526779583645572,0.453039260707955,0.429667955365294,0.45402644713203,0.487592035040506,0.406290295476417,0.60666841452493,0.506789662582051,0.499928757349667,0.527393022440271,0.507919079019996,0.484190316924711,0.339227614884347,0.417460286841804,0.552518997272582,0.336101813894662,0.469646215045715,0.483406200428617,0.421776815598521,0.404634173592601,0.424482963191926,0.484224792835976,0.419890688229953,0.528790035011606,0.455425557194317,0.551876329421881,0.548198521116239,0.418969261723078,0.510822774867542,0.40955832613878,0.297884668581165,0.510425047112949,0.479731516627321,0.495945498568221,0.370992829767417,0.43580410427866,0.443692566208566,0.429789261046577,0.45646167100469,0.344214039212405,0.470940547064922,0.46363036403402,0.400166371042436,0.455267238503769,0.457939698102391,0.430489636174991,0.516769361444197,0.390231526311796,0.45265864221665,0.357333091327427,0.455544384313794,0.501998833748548,0.439678994256255,0.409518532599192,0.370786812344218,0.496777847945898,0.516887014406633,0.455469982159727,0.46472617000381,0.559501686778077,0.485616812243765,0.379679358519901,0.534496077676783,0.477688538734024,0.602571839283346,0.401184690199719,0.463665527438299,0.313325476096445,0.274002215638228,0.401004855980078,0.480693467044582,0.428187873075018,0.448941828951514,0.547673669715371,0.222776111989103,0.401811980472682,0.460165673927284,0.412228152128655,0.473641906985214,0.438881748625967,0.541998483765395,0.520438872484163,0.495472424425612,0.437400934740268,0.45624002939569,0.485217305764058,0.478741508124877,0.441186671741353,0.513143008278193,0.465733767673046,0.414432654051456,0.371458735010039,0.346614117731259,0.370830550719376
GSM2714635,Tumor,0.364196396202863,0.421462704107111,0.396904602180275,0.454847084925144,0.416270523065668,0.333091238512773,0.486160482550224,0.389619234844717,0.432055086193723,0.411512421517848,0.380554969371381,0.400054009376667,0.513826968019469,0.415982459007348,0.417469679744573,0.394071508201635,0.349699699873349,0.431129106629934,0.389303901353461,0.362124281545534,0.412211468065233,0.468293418627305,0.444220441312431,0.428269384288172,0.411893299901835,0.408445600351624,0.417761544355702,0.402793017836538,0.307218613255653,0.398284564553624,0.464286830895654,0.381718354400878,0.365147929996683,0.400213574856244,0.407142603060555,0.353099328229274,0.417691166558025,0.41116111013116,0.426129813933008,0.377300155817895,0.369496423546169,0.436959356034622,0.371322447475585,0.346151920478942,0.429731550051513,0.38200160279856,0.360306444216148,0.433583823178386,0.381779562811174,0.397692398116532,0.384284463852988,0.33416806223255,0.442917961332786,0.405894653905778,0.377128755983454,0.394155950014851,0.418801679455018,0.390304278142353,0.334706015768927,0.39319696978674,0.406981058423877,0.418762669151849,0.424040721390549,0.36112708921922,0.308150171106098,0.361418939996119,0.367084218279855,0.419758788540987,0.413247774167234,0.440866555433636,0.452155055681693,0.391566892337958,0.431254560075344,0.401975799661758,0.289611090258975,0.443771845521678,0.388031900104213,0.364550554755705,0.465465623332351,0.351405282589815,0.403388187045978,0.406176459752228,0.322459922133967,0.404955250900952,0.38534551019396,0.478146238809357,0.438570132100814,0.375294603957865,0.371375690757372,0.436279072102032,0.385955355441354,0.33612029233048,0.408683848788748,0.298283351423005,0.326947701192077,0.389899110347074,0.450222078279462,0.424837856298525,0.375637422074813,0.393330405419184,0.382577514250291,0.422464645554739,0.396060093795054,0.410716825411324,0.453383266946195,0.409181780720868,0.409977816400051,0.285645522232476,0.378774495712295,0.380841557852664
GSM2714641,Tumor,0.105220012863487,0.271844826999786,0.123532315524268,0.163344149360097,0.125759153236733,0.24139395326576,0.43021692281854,0.275849027294772,0.308507755826375,0.262444613310532,0.205079960976858,0.246707066096864,0.17788517303464,0.39189599942364,0.343617836436176,0.258372208499947,0.284203762261846,0.323684880808401,0.280343237861428,0.316092197000857,0.192485633494004,0.249947719178894,0.351652879305363,0.32390474340562,0.135112500305721,0.140569897546234,0.169062690678849,0.121971376364858,0.154264492782846,0.0895692729783646,0.349936261077488,0.137924621594023,0.291320210613936,0.101803831600092,0.17067588610923,0.219873301214861,0.218730794992979,0.133961477744544,0.110689024721388,0.106392720233888,0.100416339778893,0.200871826571088,0.154206167156981,0.228436173798021,0.146711395854947,0.218879055543537,0.117640971858863,0.416507912127155,0.19637472070283,0.223871586251257,0.156865562426544,0.334252035275346,0.347173006438084,0.232223074097991,0.217426098370068,0.188279127455433,0.233350798280112,0.308521892858155,0.148867609085174,0.312320442107866,0.240082070704982,0.251604790960624,0.218267411730272,0.331601645177119,0.294796884816601,0.264768292346661,0.37007569710421,0.269654479781445,0.334160129435922,0.319988612770126,0.144990333355643,0.122681423373668,0.260429547450728,0.244506335064654,0.105545943135919,0.144566199480803,0.143558752137029,0.227350269347708,0.245841106997233,0.37728032319656,0.10871658221074,0.28981317006844,0.29178691007666,0.200857114729447,0.155439291336688,0.21146958905991,0.229327294169842,0.309755248909603,0.297212830762176,0.118971925643964,0.232091888758197,0.180300030293491,0.359804890829694,0.186106807340384,0.151702895939752,0.305947448002029,0.183970706040689,0.352807251204354,0.261233977091625,0.266188432744554,0.205419523677477,0.353372090891569,0.178678907541316,0.347386720041473,0.193955299083564,0.348257948217115,0.299966304423075,0.164434859630081,0.264233982118928,0.432264657635673
GSM2714649,Tumor,0.0609782752155931,0.243410509760541,0.108399567785283,0.212120609827684,0.178719663186843,0.181759275977451,0.165723661483332,0.110000954204377,0.23487538905978,0.265869838162047,0.20935850178583,0.214834435708619,0.131503242036306,0.275729056457332,0.204122714448244,0.175252323482059,0.204009222029024,0.271870044534876,0.231523027303434,0.172716578241291,0.196412680212113,0.316262754877717,0.380473756444278,0.311807353993091,0.100632707594341,0.210981471124022,0.0989464742756466,0.173599353387704,0.138585977445151,0.0850059067775277,0.18348263496106,0.123309732270491,0.13248192224551,0.182667366424523,0.162896847034644,0.170709174881952,0.213054172024549,0.137078708663917,0.119696022051567,0.181081143959568,0.133567160216981,0.147325284193875,0.136556988199882,0.160034637893229,0.143610160662551,0.0999628269066436,0.104278719708018,0.298006023967695,0.236280063168595,0.155341358829014,0.115559368678118,0.167614313489263,0.303846015440742,0.194434186628958,0.240613736437752,0.170264251817737,0.269894928881252,0.278522068374444,0.164745966606554,0.281907778293591,0.223358556479547,0.108188465124101,0.156119583804059,0.235529215719495,0.276107236824489,0.209524594925954,0.28718008100487,0.232835517687577,0.29412264457163,0.181455847323655,0.11374127300296,0.0949869682710771,0.209358104982715,0.193662195593652,0.122325070610549,0.10988482377438,0.127514822509643,0.186951034332203,0.218738798020079,0.17271281783865,0.190717322444179,0.221234880589346,0.201913993004764,0.134719803325612,0.157278371398798,0.17973051676966,0.19459202903285,0.17325662920331,0.189931484009171,0.106078157394627,0.204999578568126,0.124741558149634,0.241678317817877,0.136035649709262,0.183866624936078,0.189475464625367,0.196258696110181,0.261906639967562,0.197691519395936,0.248114718495325,0.149535709682652,0.175279502161615,0.14220534633098,0.25438021881356,0.219562435420938,0.232547549372563,0.251014637065481,0.10277244089551,0.182868730851127,0.286957452753996
GSM2714650,Tumor,0.0645636572388228,0.442160495894004,0.442587000486435,0.441813118775779,0.439481671911052,0.335326097374564,0.467167787439766,0.288343611110205,0.404753147515096,0.434112342046872,0.379321079861426,0.414846835822626,0.537738609330258,0.435978568593256,0.526905986377027,0.453174492129284,0.375877072548692,0.420198890370084,0.43015348903414,0.283842555069925,0.430778388980064,0.509529033419954,0.561275403346416,0.540214711649561,0.394010672558064,0.394026604046133,0.306197085838376,0.362109676300251,0.314932985739691,0.157521901905955,0.369534025388383,0.320241598569962,0.33584175870969,0.502303376814222,0.352776719976203,0.367149348885833,0.43950119103341,0.539024997862172,0.354437362028418,0.42465813005043,0.252145823031309,0.404249319583485,0.320668400317667,0.265430871692315,0.382668085146334,0.354587998365416,0.323668119992903,0.486108186067162,0.441868758838206,0.395591134443214,0.173357818093359,0.309649769999407,0.581345575664161,0.386221830010925,0.378024983059974,0.286601599206452,0.401383700566289,0.444560340021179,0.419158766550802,0.45581619754347,0.383953334204326,0.206763358116271,0.435505020040398,0.397007783430252,0.423860921119715,0.394349650062985,0.453311374004943,0.419232714025903,0.426737795902234,0.346177985653895,0.384335059388205,0.401411073644729,0.500961707592298,0.43995407938602,0.361270275250334,0.384323098696664,0.128742661625708,0.353641902544151,0.54373319430535,0.434228383140196,0.414278349487858,0.396486468748233,0.391599316564856,0.383734658556978,0.314631875254927,0.362326901337697,0.365032717716561,0.359596468895515,0.442829004880699,0.353740339611359,0.394225917120129,0.344275564055343,0.459166453235224,0.386648716683065,0.375740442412319,0.494786121212765,0.381110395352392,0.488312716300348,0.352940822566321,0.417917033615478,0.354565808928118,0.377793563121478,0.44059618267864,0.444978587636658,0.477154946464049,0.43446079869667,0.427792080245623,0.393892959804854,0.415047656885637,0.460775003511473
GSM2714651,Tumor,0.497086438915077,0.518479731039134,0.486974710979021,0.527873341472621,0.539353679483644,0.472697964770606,0.582188776466758,0.54183388439275,0.563411054842284,0.555412407885007,0.455442926545026,0.546982180623892,0.611865464997084,0.513327845193177,0.542104674331841,0.527787109899732,0.560929393825648,0.548937023216397,0.475225106543419,0.498231951394245,0.525877953621231,0.531955939069428,0.573610800553253,0.566672880295352,0.504646448207375,0.577296144458539,0.517020835621242,0.528869118944334,0.514681394420836,0.559027755120599,0.545330621471222,0.481017852309977,0.459607935620057,0.504155836527158,0.499356852593571,0.509415374589814,0.530786828768994,0.51939634611488,0.5647271707035,0.497923300349893,0.47565136163857,0.558028246207236,0.513484170940454,0.459094703730928,0.53503791382805,0.510143122201666,0.459413789986946,0.547126028279031,0.578528811702749,0.558014761578253,0.489679891035115,0.46859242542514,0.620009990582855,0.480057784033341,0.491950213731568,0.490274922508352,0.494431574815329,0.491905110388455,0.476479079521348,0.516344877982909,0.532876849486232,0.525005282080361,0.492256002766793,0.475250922486977,0.482167328533226,0.510791742209879,0.488323864218909,0.549592012591572,0.492338168149539,0.565413279556001,0.546628017075366,0.52843636826515,0.5838026709428,0.50708292147368,0.474435283384819,0.591852299133306,0.501838439872392,0.502962528794334,0.573320667933424,0.474289679841878,0.563077794858994,0.503047855521426,0.553219064784246,0.49584109562935,0.495173877402216,0.542591101920579,0.530378199455705,0.528786150477851,0.500783893156341,0.51810866336865,0.550595451030027,0.476974657293649,0.490564670037784,0.482257578927199,0.495447079504373,0.532292934741287,0.600391963019676,0.513179878822874,0.550676206741286,0.477852511599046,0.48401106312586,0.491456422752703,0.471027445347507,0.514149453587177,0.522517398908995,0.53037903081138,0.513030474241496,0.39608732862035,0.489701083419808,0.503608747729427
GSM2714652,Tumor,0.534198951265609,0.517035056529774,0.498980108372758,0.520431094383866,0.480670148551993,0.462230303108571,0.585054867076537,0.507651102985439,0.52519640288711,0.545354511664419,0.44485023273036,0.48537104025658,0.544370428252797,0.494836824394695,0.531436787313003,0.490533488515165,0.556827214863145,0.544020050977939,0.496777059272749,0.477132456389898,0.505594867439708,0.496929056736727,0.555138828926419,0.546544718384038,0.531866598516356,0.57299169110674,0.505721416729416,0.525702493573129,0.508057636977445,0.514791940327355,0.529186276701392,0.479780006413336,0.483723946042986,0.522645774196241,0.50169087182776,0.492212957789419,0.510828704924542,0.453871230051976,0.520532956975554,0.489980024822757,0.517041204625932,0.550213578675899,0.50776296775335,0.436637514594943,0.559051864330748,0.49489672835967,0.505032843384556,0.526834164773598,0.540033111767068,0.527543422599171,0.498633775672706,0.472800022809199,0.573337019378412,0.495546305121523,0.485754223805049,0.487036865546279,0.487895755705747,0.50073495368159,0.469127994844007,0.496256580862992,0.514167728547513,0.531415347154355,0.517322346612168,0.469587450741538,0.478950778419962,0.494861083516246,0.472926067233579,0.535720762518847,0.482257738893609,0.534839288562874,0.553487285550341,0.526235067083834,0.560180906575902,0.533227383517152,0.46412812187138,0.569264688184224,0.448949238852612,0.492893344938968,0.553516970383055,0.469421012226611,0.530026479576059,0.490959968641654,0.528563375210499,0.485021777867934,0.476625868664195,0.522055207331312,0.515184908171627,0.519237399886691,0.491101097741877,0.50817687182328,0.515860166167866,0.494377143110153,0.47779608315743,0.483037406631121,0.508912978481656,0.524172877288769,0.539858328283337,0.516878941784578,0.498926129666059,0.495572571539151,0.487989075595008,0.516335226384792,0.486413726877585,0.540220070072528,0.527157011963003,0.518874825967872,0.504292000668392,0.416543018310077,0.50175162770293,0.521015385687642
GSM2714653,Tumor,0.38976832983967,0.419723087993664,0.276498769117658,0.233480966094194,0.422233262861826,0.330260502637027,0.5209492208072,0.305688608941819,0.374902907265917,0.435338979009854,0.33884250682789,0.436824541882959,0.465443262841688,0.435244295527202,0.411947624136569,0.419055766364159,0.378738950632065,0.370146462674775,0.413099188276881,0.201773146977116,0.363049146656353,0.461172912403873,0.444401188813523,0.441444886013878,0.408610774281176,0.361647978000272,0.200275357192244,0.320600545319126,0.366640464087104,0.341712393224746,0.304321421776038,0.278784470051224,0.29032000188841,0.424799032169046,0.293527638590229,0.290081802177239,0.378176978754843,0.239552197910583,0.382058519483965,0.400526546139545,0.34115709647532,0.333018898886577,0.18313999477357,0.0917139085306295,0.364896457636481,0.302090226588234,0.1599686824957,0.466558907442041,0.387664400928391,0.241015544883963,0.22594498884735,0.372138022172269,0.388974468574155,0.278700156761713,0.368416309555563,0.261837576433962,0.310201079867016,0.413134111613138,0.342239238724012,0.341279091150191,0.333687466115791,0.0946433784584322,0.371986163425811,0.393281009889243,0.337184142208679,0.305667154013302,0.41506136287928,0.434278508778467,0.370488792066122,0.425171431472634,0.370002205971951,0.350017600500941,0.39908737257268,0.400724704832934,0.287348954398574,0.242007951139731,0.406779275091579,0.352825834765527,0.452166691919145,0.361142298404798,0.476027398208999,0.413269467649374,0.368500884447766,0.194200469163138,0.365530751924923,0.262570734814617,0.212955920660889,0.409276687661171,0.361151784645426,0.370554603746184,0.35038400095837,0.255788192662391,0.414490420558353,0.370886866045317,0.39199011916762,0.448681590603199,0.182510412481931,0.49067061903699,0.325353689613335,0.445405678342942,0.230113246039828,0.344876927765412,0.294487197666519,0.377880759727129,0.448318408473389,0.356420778446796,0.388419789314241,0.26494324114953,0.349110395216578,0.424866368367946
GSM2714655,Tumor,0.36047273996278,0.29757687274102,0.561110268893894,0.276744151581888,0.237978495629005,0.465479407030027,0.609145199681681,0.1375715997547,0.450943555835954,0.57143712520168,0.495156968109102,0.563299182747916,0.324636030953797,0.511530135156161,0.413512939131156,0.479448341934274,0.475964236576734,0.475062125805138,0.401056525793606,0.261386648900747,0.329701450659663,0.511154986687141,0.649668034535658,0.535962296793266,0.468765679276472,0.388759755556776,0.164791521112053,0.15412784897327,0.143506764747746,0.0934641471963868,0.514743690882867,0.323996561795123,0.204599799333977,0.116117799321592,0.233490222727254,0.275830234652298,0.315743462111318,0.177115222644506,0.10224971224654,0.539385031195856,0.252802442815668,0.270532259673966,0.229311612942287,0.384554626793101,0.114286229481981,0.149647823904428,0.0726784043137813,0.448125112274702,0.344809686537069,0.391203013885632,0.20940649369487,0.330445919212175,0.571992717860661,0.284117763847009,0.51134735362664,0.227429978489636,0.330023506283708,0.483589168948048,0.287970591985031,0.516887518457944,0.24045847874542,0.121260059354752,0.420853400548118,0.50434337753366,0.472038343763122,0.341997379496278,0.498016323335119,0.50173591670948,0.4168376381229,0.177722231618425,0.110881880588419,0.337320817507569,0.362946445103574,0.432255114364618,0.303382421154512,0.195170965499751,0.529466949461419,0.448543645323311,0.385282830179196,0.453999395933529,0.58206536981278,0.504544623970039,0.212498782374022,0.378199404956674,0.389936439194139,0.273002753646649,0.270363951319932,0.279773739590853,0.376586581431157,0.127437144894695,0.339548460033174,0.410084813694273,0.454982619821827,0.329363865015084,0.279492304368354,0.520788332144443,0.107569758814958,0.446849445265888,0.523768465379341,0.393316986648387,0.275720977721906,0.348458466347564,0.211537351224702,0.556981315183509,0.624167280351886,0.470667814807611,0.260581609178946,0.179835695213973,0.495041986488503,0.621030027642632
GSM2714656,Tumor,0.408665155307153,0.396657281726047,0.292944455816505,0.403516346224816,0.405368053223117,0.303752816745046,0.480029023592032,0.372824242715605,0.469452780169978,0.459452325364008,0.383316827611821,0.449952254175498,0.477559903882612,0.423141857009437,0.399616038664494,0.374917936038825,0.354914807960327,0.439908629989408,0.393593722082877,0.398448277207242,0.397576471895887,0.421003355121034,0.454887685337216,0.408020758247958,0.411579903132395,0.3563785760658,0.320025621962621,0.311218234288739,0.367953560059181,0.37294492060165,0.435401729577484,0.252551199527893,0.376811940096301,0.456950078520745,0.340166575614925,0.388098076452076,0.390823226842535,0.372151044357115,0.380789357458453,0.379883455695623,0.361121007186725,0.358169034510779,0.34637047557582,0.363077463725985,0.446067280020305,0.392112348673129,0.343534386052278,0.437706831607123,0.380898501849362,0.361783787284695,0.40671140039766,0.303463798506932,0.389042153834503,0.324613096858465,0.360522436380558,0.309687454371612,0.430279175984687,0.401473362798789,0.326268805898083,0.367204651895029,0.398035677214402,0.392388524946742,0.405456510456539,0.379441227065791,0.3825710558906,0.381266622375162,0.371998468848055,0.404419060036803,0.390109355429667,0.321833966215752,0.440675006609895,0.410896262981592,0.415267920963266,0.385645044260737,0.307617246072964,0.427888965120247,0.421805827216003,0.356194702370446,0.396374897854539,0.373367557690148,0.435140673065848,0.405703446760782,0.434807390138475,0.366629329962826,0.377035421368439,0.404939908055519,0.415762790515443,0.3855652401307,0.343200585823262,0.420194498900941,0.417665464052999,0.358567669204689,0.372376768882039,0.346826366784632,0.367288733670348,0.401834618048097,0.509057369904768,0.418551795297829,0.326035083922218,0.442153202588655,0.329146254591006,0.4147147186646,0.400551696614388,0.430567466851567,0.389795059280553,0.458962112115566,0.326968846568669,0.283506448254539,0.425479257416522,0.378717147335374
GSM2714657,Tumor,0.393609690821324,0.442811789159796,0.353641938631281,0.479549316323624,0.414110548146981,0.290219392267716,0.514004612455572,0.390940447604746,0.378848562067453,0.433643020320974,0.37515857232687,0.423375791790421,0.42120827913302,0.433976027670149,0.402108830444552,0.425943106101197,0.367435900452702,0.465430350592551,0.387426608126783,0.400892187871679,0.332551603388374,0.464225509106525,0.44224466565519,0.443062990340566,0.400120151694268,0.398586363485568,0.388273143869861,0.415167270539814,0.264902796771601,0.385166837670417,0.491187110937768,0.355236621619393,0.402249693971421,0.415390436439479,0.287076138961362,0.365713612818282,0.378879491978296,0.343245752391865,0.405609696586868,0.27347644008053,0.385581981715947,0.428313692966692,0.422946297313568,0.358502439663936,0.424243086175097,0.370192548756886,0.302492013427559,0.468319249016433,0.406390776382706,0.366582145728989,0.357933017624279,0.353204925092377,0.429381974852956,0.324745268875562,0.369790788753508,0.376751374729201,0.426351468694851,0.404413863147682,0.370194788888233,0.316250048443027,0.33722209613114,0.378113320304846,0.401799494692189,0.382179169829449,0.395545083576757,0.354804074133835,0.404344439007368,0.453208237515324,0.382091469256161,0.397277570185693,0.394823234581235,0.398998397821706,0.45111617943239,0.416118633523456,0.367377266413551,0.470640294695375,0.364595802947099,0.359642178555445,0.423488676888403,0.355114392101825,0.401795308848148,0.422839606457525,0.425700036353415,0.301044041981529,0.277769357135473,0.422808227181165,0.378788676436054,0.454487919446741,0.396982715066883,0.370644685538938,0.406044113295294,0.377854172688243,0.376920648087111,0.36936312531757,0.331080624910701,0.414110395813272,0.45350206708266,0.455515775531884,0.343866479286027,0.395144306741534,0.460504915462063,0.446205092414036,0.353830879783348,0.392023865545425,0.474904712213155,0.356324271704692,0.425521393772854,0.283855450369223,0.380318705211781,0.410819616076041
GSM2714664,Tumor,0.412515346672959,0.126404316594042,0.330600099227255,0.222822709140599,0.131124243044384,0.161291774840325,0.466998932789095,0.110712899781096,0.263712351518453,0.426612097022159,0.358563378454278,0.297093360996692,0.0880856289817574,0.231224922203374,0.212002563875042,0.304054064174432,0.12696028475055,0.217643419752638,0.297147817581179,0.35886073672398,0.146985971617596,0.331749595340223,0.43866140748945,0.1388594161477,0.263361488939506,0.171618820699365,0.111946555145892,0.135835374981212,0.292290586574246,0.134473594318042,0.128396690318473,0.088528062730685,0.16342599683604,0.0813249529860769,0.312204949411743,0.206287290102994,0.13861606526514,0.242778337961135,0.113296248116404,0.316387664427832,0.138452568449095,0.158597913214258,0.161840984053393,0.196999672518377,0.11252223072629,0.172171042095111,0.197344560544094,0.404097419450964,0.164768425294013,0.114695366259691,0.0929940256800755,0.122335270741435,0.121011916655634,0.140438775853406,0.144751193069739,0.145466248860368,0.263744055707511,0.214336731363063,0.19650529579295,0.241708158293777,0.140350697784323,0.121595071103594,0.140813651631024,0.335565616424789,0.332354781374516,0.147226000604215,0.374951017570581,0.197281292926251,0.205964634460508,0.177005024044817,0.330710672602203,0.105652728261519,0.386212039917607,0.227952333259611,0.209374717915442,0.138080388914204,0.385742436955376,0.154172797677052,0.207089023619882,0.148666874475323,0.295049757931471,0.289158273564195,0.417759709988872,0.102764641287049,0.192194615110484,0.0906222497001234,0.264215446370231,0.176802995520882,0.194067048330194,0.241079575829805,0.162158129406183,0.145988983140037,0.151804052577286,0.193577584507381,0.124635947156202,0.220329992983099,0.121276094261003,0.356221789026782,0.205363449749098,0.158415305802456,0.149602274829098,0.118281419288831,0.130139875524264,0.190230327335396,0.156948752322081,0.149515968665593,0.146513258420334,0.163133820738805,0.145145254865746,0.215954258042027
GSM2714669,Tumor,0.501094958378893,0.457595712377275,0.15512933754954,0.578561188363928,0.420358497290503,0.317692410663714,0.475624912258815,0.444416157911614,0.304853310445727,0.479409258171839,0.464091333817128,0.425923734572774,0.429372075732478,0.494625865737728,0.491147155279732,0.554682057472774,0.321986553426218,0.434598736520177,0.46626486595211,0.345849257099638,0.47644373865977,0.497011459849788,0.602043394127197,0.43968809033486,0.477597847990376,0.369035832233733,0.320359247623891,0.282809574833949,0.412065888530573,0.413539267967217,0.519816918330852,0.34504394626042,0.442258202575484,0.571062068258689,0.396569479919772,0.362631717580824,0.411422865480041,0.205792904738474,0.243645429611233,0.47384140279728,0.409405629890631,0.417696711631307,0.406785367089674,0.321369284063966,0.417419060641717,0.451969045334706,0.222918102763622,0.504485994765451,0.422550154261892,0.459870129513013,0.435930614890121,0.316339503796229,0.526022134949245,0.332277179979661,0.457956005440581,0.326143854363333,0.412747707373562,0.440806964682505,0.283893400457057,0.460392311232176,0.490313612951016,0.22612586744011,0.426497477271684,0.422796316438749,0.397513357080172,0.391229928248187,0.479644045605638,0.527342940195257,0.439822148824782,0.429545012483325,0.515421705705692,0.51675891206062,0.559780196187339,0.456106562451315,0.36466307337454,0.576070577036,0.49437742894939,0.361109379757404,0.529028932896919,0.430014761870525,0.44604295955587,0.471125189581909,0.486090948152994,0.530500062891133,0.294767803545519,0.38984325979205,0.420390302724022,0.388449693826188,0.426520696321551,0.510010219435026,0.447572237951372,0.382564440108435,0.375760229350167,0.416912625445539,0.45807536180627,0.59453211431342,0.467431576017475,0.567566036000572,0.305542496980524,0.383679178921035,0.482073179727795,0.406098904720215,0.461199573199787,0.397394197983649,0.462473385337185,0.51315247061168,0.471352948434044,0.279223964275285,0.431701025551382,0.531878183012118
GSM2714671,Tumor,0.453495917446468,0.435541059241052,0.435719590149118,0.496850728018571,0.468066726521817,0.405418730135421,0.518315755675343,0.438207429893441,0.518797182241491,0.49978081407322,0.407906799195151,0.510739086685994,0.50454140356422,0.454692616222591,0.49413152399103,0.432590838814223,0.504369695674344,0.48360691236763,0.441382676670781,0.437011335756531,0.449871145267415,0.492659247697066,0.49905984735284,0.513705971820535,0.468855330222678,0.49844539947256,0.471912211885244,0.476662534065425,0.429720243115253,0.459603953026602,0.517692801718494,0.423140431072607,0.432833851943073,0.460211237956529,0.435964419366906,0.425904552499951,0.450308317618035,0.398390278950922,0.465347175831592,0.481536143685936,0.39363477517982,0.480142835681124,0.444845033989047,0.403671884944654,0.481489366312331,0.454096146585333,0.416150661587355,0.47116965403066,0.495486600211043,0.472804321779096,0.407335801114064,0.41690232459668,0.561366230497999,0.460090450591029,0.457879360499718,0.439188430508805,0.43511800218122,0.466540152909721,0.395689139593948,0.454655826846382,0.444392411290069,0.469933746101836,0.448335000205788,0.407292043238968,0.441034091986978,0.428869419347301,0.389075838782766,0.482945537584651,0.448073246636536,0.510603096758039,0.493552601420986,0.469599682698359,0.517790633497415,0.456273130848306,0.439164582033521,0.506893275835559,0.426551268959907,0.436369870485586,0.510434391772693,0.415488057108927,0.480414793985581,0.432552042580577,0.450901374168299,0.414053731657228,0.39472707666329,0.501482947750101,0.459040583522528,0.424438093568205,0.436742376864441,0.475879186446094,0.460613766502579,0.425070331893366,0.4508049486937,0.435897354903905,0.444270415400134,0.46654485076386,0.499266075950552,0.459769479134797,0.46631622288744,0.46522768742181,0.433104086088299,0.449443351851495,0.419626935608858,0.490871974427542,0.436511836202409,0.449396388515516,0.42789076424852,0.388843419226689,0.455477997981652,0.508146848920838
GSM2714672,Tumor,0.511528098543676,0.465257685704186,0.415249849051593,0.187582110741377,0.394576249167664,0.404785711865972,0.326401671200002,0.154087163659231,0.383165906448906,0.454326499118082,0.434175176656628,0.587464654206887,0.43147278587442,0.476537037323003,0.408444627151734,0.521314709796294,0.486867096323209,0.427715888523776,0.423828633002817,0.454484453567593,0.518788962902254,0.551933949936455,0.566933732952936,0.544608211735516,0.447917584449839,0.528498340758159,0.212292949048685,0.218589224398463,0.291245601378076,0.212445342361491,0.14308281808922,0.339656917751622,0.314404782482168,0.172727828378116,0.316069745384542,0.418519513396474,0.395843763722521,0.372441534284452,0.107534979812665,0.541120200898552,0.433061116345524,0.2292920971661,0.179071782392129,0.406016421152354,0.311762043120935,0.15565679196742,0.301433446225368,0.500056017868542,0.361723195634165,0.309306827098996,0.222948753226882,0.137238618318853,0.35997496926793,0.446006827763687,0.473192506438794,0.332270575660341,0.478101575852121,0.453809389036386,0.365678643782912,0.467320454024457,0.333416121009466,0.14530014653436,0.442146552154397,0.478447897808082,0.473916840875604,0.384366882357119,0.424436215030976,0.511115018538322,0.454404377451866,0.257061596401598,0.481941385306955,0.284337017673804,0.322571330495445,0.49263488164,0.338334933073366,0.151641200175317,0.470851434890836,0.388885652924952,0.320374306453966,0.191460702781529,0.475596687814912,0.437780865634576,0.508657522952259,0.407416296945379,0.500867995777853,0.294991429988426,0.247045611776674,0.39031711476121,0.418056105396552,0.399778676893807,0.388888061004158,0.348155003077385,0.392483489175359,0.37658562537613,0.40374699533367,0.518915692485878,0.305599364719568,0.580314185958419,0.405549612966256,0.496062791506456,0.305956030528246,0.341092915464099,0.337928317350377,0.408311853140438,0.367255461739985,0.396092308028972,0.470711048443215,0.265842233052774,0.4183167686737,0.599213368045841
GSM2714675,Tumor,0.181747113189974,0.399930344604913,0.234635564285639,0.273127812422017,0.259853491923214,0.251150478256453,0.381297292569132,0.277605500825297,0.241408045698558,0.293645532516028,0.281001076174225,0.293101430637536,0.495614327367642,0.328786421565527,0.337258010325541,0.29394824164737,0.281118514697163,0.300006357503196,0.278275206830548,0.274263070965973,0.28148681196122,0.325484101457989,0.246777959834563,0.359866204290511,0.0913755671866417,0.311708129659779,0.128164997123111,0.248001720180132,0.119255447662272,0.219950022369456,0.352761370477172,0.184237476923631,0.20228217377158,0.0971348575342886,0.308468011638266,0.263570389416124,0.274407121971766,0.253494818223262,0.138714984717405,0.103453512025259,0.139620983788786,0.336839749340111,0.103024313339932,0.204648259227679,0.279281529732669,0.123074163326127,0.200469118852176,0.309154260997629,0.269730079544186,0.253584783283292,0.232205446599891,0.183815606042724,0.384498211487757,0.297671137126447,0.247132834205457,0.175732051844292,0.297683156848393,0.289359711915036,0.225886271254848,0.275403549476017,0.239060287780812,0.103340968500591,0.36046232937863,0.227350777455815,0.301033055214655,0.32375427354673,0.273893633454593,0.314051096486427,0.350194265700476,0.360396283208995,0.2862632709732,0.242094106875692,0.368192256448003,0.308713567074473,0.226114770037847,0.261488287848612,0.303030976403778,0.233577131790132,0.299427649804166,0.258819047971835,0.10455176615581,0.302825098252361,0.209086038418663,0.306249877943385,0.234403008926912,0.206323539125498,0.226637198002204,0.25897419630043,0.286251480176125,0.283690295472802,0.217051782689023,0.207887228781493,0.364053321352775,0.266320521489618,0.213907085589862,0.335462441266141,0.361300959913409,0.239428239596934,0.0798842270239008,0.279710217506897,0.265910329169752,0.367219728424534,0.284129812610116,0.37339717960726,0.264164762928668,0.307655390417253,0.355315527227674,0.196050104162468,0.239850400901625,0.313688125541776
GSM2714676,Tumor,0.623078338059368,0.552508731117448,0.530575283723047,0.669006713445224,0.624526716971906,0.570136843574791,0.702233408480551,0.640461027311322,0.60613594066023,0.62075833065544,0.566195023029605,0.657822857504945,0.616686676651246,0.59460117510427,0.637073187589445,0.571905804440547,0.657454847694634,0.549078280713997,0.607093389235079,0.590583273529262,0.602702951103959,0.638431260925027,0.680876940749901,0.658720030266656,0.592644011696196,0.642404765868316,0.610486823327105,0.587002630762384,0.614766241322223,0.627911353698922,0.617360698677383,0.512459241485518,0.557889871039697,0.591606270752799,0.553999814182577,0.557305143354348,0.576033252355784,0.552252160360118,0.643803622333584,0.593562183146003,0.357897194439518,0.56613303966791,0.596034649863208,0.635148511159997,0.630299082967838,0.510799594326778,0.57811693699655,0.639533948143722,0.642251944438281,0.60090410830101,0.597088520271168,0.41637354927437,0.696346725660393,0.514776820878236,0.635917761224688,0.582058285019774,0.571800059899597,0.564088999570084,0.586830255467257,0.591391936413482,0.542219425346709,0.640204166144241,0.546813898573456,0.599650788439069,0.545999138906217,0.555211943426412,0.625506736838536,0.648782050310711,0.564683985585861,0.560858908899591,0.678191007222365,0.517067308467017,0.65363070885528,0.526666812485511,0.54286484633635,0.717222028442405,0.591933532372251,0.584164161362222,0.666105231287906,0.563701360027243,0.637227320402847,0.556649480512321,0.646265296298858,0.568094217195327,0.589139099609721,0.615937891956187,0.624878493943931,0.596347241787029,0.565276623912447,0.567135874057952,0.581088571814543,0.641530012226265,0.525027919188709,0.58234430373865,0.585258263027784,0.700423200647115,0.59801691964578,0.569156895158482,0.560578007589175,0.595562578530676,0.61765543803333,0.546397708080057,0.550495310262298,0.586969834379093,0.626846310803642,0.592177575356935,0.535211586704645,0.504949966773679,0.602282993726517,0.67066058621949
GSM2714677,Tumor,0.194440681935083,0.225827553407881,0.183700625047454,0.259388142372846,0.214075494937047,0.175578687917282,0.247563658452691,0.197936261193249,0.199977814877583,0.236468904838371,0.272083421531693,0.275540081294475,0.244698880783434,0.302015646288303,0.217866392287224,0.228714594129621,0.223203096765859,0.270362299429328,0.246096701851537,0.296507201409334,0.257984990799483,0.296191876547525,0.277792848093403,0.267228645652318,0.264081112365286,0.26003515568514,0.141502622780881,0.143675289509717,0.233654761936787,0.171706829234299,0.182401739566583,0.191144604115211,0.219208471610196,0.128552120157225,0.218516229117001,0.220829853416746,0.254248068059555,0.20156305709986,0.16423853160681,0.20768492001536,0.156635736502547,0.227852354760672,0.218252580833113,0.261195623222804,0.246893289677072,0.224427564518723,0.185068815898162,0.336923317244073,0.242430426329678,0.187073307071323,0.198174593844991,0.178570994302563,0.283629783053079,0.208247818989154,0.224187778269245,0.177817434790419,0.275151024538916,0.23325896263763,0.181123571020263,0.236724037291575,0.200409443480372,0.144485636636712,0.281922698120754,0.238855643742447,0.267238834103218,0.196079901239698,0.247424492119813,0.275603371198931,0.249899157470592,0.190315448061419,0.251790948416655,0.186261285871059,0.260520735173601,0.257471094948249,0.136746882740905,0.222234773916828,0.221343156038416,0.228478450703816,0.285278679096154,0.215260658281843,0.228001692832857,0.268438701732271,0.249066624542242,0.195169024933004,0.24119521969692,0.208262177225438,0.2148003132954,0.210218997937273,0.197146807896676,0.29532675974226,0.215769910702184,0.188612275306387,0.209021448926118,0.193171931423023,0.224799674207724,0.256953607717433,0.234218585562882,0.27924770650236,0.242826619993846,0.25666126604741,0.199731212015175,0.253423870554165,0.18936499285475,0.26706748617124,0.248054110826268,0.240170425900303,0.239854612574501,0.115021057611048,0.223706968384298,0.248947754602597
GSM2714678,Tumor,0.393269145032198,0.405548120546094,0.406341722056168,0.414016478739121,0.414810996535591,0.362274207831488,0.485698084512031,0.370016988007678,0.287899338329252,0.48281076328303,0.388496394194676,0.419726129742456,0.422941455042824,0.441854846194533,0.469054264689857,0.411268503194957,0.435193904214888,0.397459225359215,0.40826019286221,0.409429705889086,0.42819477559669,0.497914824678137,0.51560307652273,0.381802403523323,0.441107389310185,0.371530510165054,0.403248106725665,0.409883993636996,0.410816679443492,0.313572625648337,0.485334036313492,0.352656039110909,0.343953372830406,0.344995383831558,0.398989780363724,0.396882786881071,0.41288391372006,0.201007538554434,0.343426003228833,0.389330969412192,0.327083074125829,0.489387485636853,0.466730638673429,0.367145717532536,0.419979771429934,0.418738573685565,0.297683115567909,0.480636509967299,0.396290672083583,0.373069298677328,0.362281156828272,0.288659552529149,0.434001282492807,0.361302682208919,0.410323649134676,0.391144257150816,0.441907392474456,0.402419708044664,0.415747123875291,0.43561006262657,0.397169216164054,0.408140666974649,0.44705509902748,0.427901004240535,0.442720317496231,0.367273450573076,0.439767269688733,0.440415363905096,0.382919881990546,0.434221597256356,0.482269339618728,0.312182648746656,0.47292670932636,0.396751674833015,0.381652454188345,0.418428614989717,0.394874825389212,0.391753870455588,0.500358488901863,0.373940131988573,0.442869104885708,0.412813839228536,0.467223868886107,0.39823570929836,0.455073103748871,0.421484865509679,0.406141515695535,0.421350160518619,0.412357223623893,0.425526420535506,0.432766227782499,0.362496610525945,0.395654092018487,0.341454605348372,0.408853254831205,0.439287918143192,0.459724083239853,0.37672694691485,0.393138696685017,0.437989775882952,0.396181260269333,0.449489664525979,0.395388691318261,0.447552346288694,0.478835414576602,0.453837033305149,0.391213133798456,0.317219550247538,0.414743870122334,0.382292081931746
GSM2714681,Tumor,0.433019003999528,0.500733907227126,0.436979505367511,0.503096070463884,0.433990226913247,0.255736241792813,0.443697792531335,0.308186842831487,0.4101653906232,0.447751925131876,0.386559369327007,0.43167933735409,0.482685239164333,0.445234891788592,0.415822422570877,0.40132551225786,0.366124222543438,0.495516051785687,0.404451602261161,0.369987565463896,0.426776019048494,0.497436856901351,0.482770656939887,0.507803595357701,0.396773796615975,0.365777892806714,0.245056195020817,0.283583728561158,0.360645438547613,0.319477535795635,0.479878395108063,0.32211085509075,0.404858273062894,0.359677447270319,0.455883555697512,0.334400865393821,0.381326822376129,0.229949375682224,0.109332638026347,0.368419173053917,0.377131148291779,0.443629095269527,0.463462000063395,0.316578315941492,0.440563843960492,0.178561975706843,0.291594018021777,0.480755319835757,0.299360566879357,0.388211778265744,0.18024478531284,0.309696767278497,0.458696530616625,0.316295499509534,0.402833103475909,0.405554644546655,0.451154908440397,0.436921702493781,0.264904428563241,0.4284543151879,0.35623441552592,0.193552230354216,0.346789043467512,0.429854012557538,0.431417953870069,0.329053381532306,0.465074310018015,0.467031204909672,0.424601293723223,0.379314783222337,0.316891900670553,0.459764882321792,0.35608253451559,0.420375597739059,0.301961062489011,0.215449645287782,0.345030184848609,0.314190990298462,0.45977591588186,0.436779899517394,0.421688773899693,0.429567859286107,0.408492239670822,0.403289589392481,0.298895076619691,0.387514894188624,0.423568207205526,0.444128145893379,0.390319351931077,0.44178317935439,0.432773958655822,0.241449263343841,0.429668490815436,0.448276319591908,0.376649464023353,0.438812402179633,0.330368085187655,0.295651326843985,0.387474656457493,0.381963018182432,0.474055477145602,0.433896288352177,0.327786949873567,0.52362533097104,0.503933334983572,0.463548586349817,0.43734970676594,0.27393045481937,0.348142256826252,0.501322754431491
GSM2714689,Tumor,0.44234776106911,0.444931429685331,0.44741586160788,0.450099333462565,0.449222987944486,0.328110127368442,0.513250250116584,0.394850950971954,0.358656578822964,0.425437634691827,0.370462777466407,0.437008880327672,0.510059876527245,0.435924388607604,0.427578290375562,0.456076728288277,0.361640386397124,0.48777513974345,0.341078697974472,0.396693684561196,0.36846826676923,0.510806275911048,0.442803448581872,0.47466631108759,0.361824571408086,0.403202291067095,0.371486210669549,0.383286038168093,0.44388267158351,0.295807196114783,0.404520836518548,0.333246507531709,0.372927419139433,0.355544420917123,0.32045901404045,0.327328981126501,0.388133154018595,0.379068493845714,0.398664425718365,0.353111134711659,0.41657809923697,0.320080656969116,0.281618488441205,0.360419069542395,0.387781595253938,0.343929696900991,0.302179142176664,0.463629126214431,0.413362824234482,0.379553480775255,0.417906399071084,0.354452424993191,0.401881650405626,0.3418969983742,0.385907525703569,0.411355570340424,0.363099978598308,0.438681778075882,0.330055296982195,0.421846081165399,0.473477728043241,0.365729868866158,0.411660470921665,0.362812790633079,0.434121420893284,0.347474111098243,0.403954665209202,0.446739162608235,0.437372246814064,0.344831350713686,0.398969259535353,0.34986776073362,0.490775200549978,0.415194137119015,0.335420083473527,0.502108554504218,0.391284739122924,0.342194143372396,0.51555779908846,0.292482837782033,0.425602145515444,0.398454727009287,0.35177940665521,0.388984203870269,0.329031555964454,0.424902692928571,0.443442543577213,0.390348276533468,0.422181230737087,0.446048754563351,0.39424482488617,0.378507522775206,0.393913663770485,0.230021778090563,0.410338973786754,0.469986386132623,0.396257589752168,0.45675923220133,0.327376359506151,0.394772884803252,0.348439061984701,0.420874868486394,0.364182638173507,0.478523644022363,0.459897471843285,0.446133881286918,0.39958304726706,0.317881495382759,0.370209299984668,0.393897930424728
GSM2714691,Tumor,0.580953423546431,0.515040258474849,0.462342665742103,0.589254340848631,0.494963733650708,0.328296886548174,0.554377552011742,0.591038503827192,0.49468886777743,0.522658011778491,0.446927997045896,0.551737207482958,0.548290562235617,0.524066421614099,0.467954519971966,0.561606308735173,0.413998396152913,0.614640357415936,0.486717695537404,0.508396154462236,0.48065388471104,0.530903104205666,0.529230098276928,0.518712667325572,0.503952549485767,0.452132041509792,0.572477441424321,0.569169995886179,0.343271392891862,0.523532777795002,0.600171172683015,0.356049734892861,0.516702527046582,0.528639721357975,0.528425746719001,0.416831779324376,0.428680741550824,0.508641928538394,0.488498020009103,0.478806570122658,0.524985294184357,0.524382998284533,0.64155011132636,0.399709176235982,0.600906177424679,0.4464141650861,0.4133182147847,0.593830741254304,0.520707522678807,0.543888636464665,0.501521761771469,0.434560811180168,0.527149000493471,0.45077745586277,0.486434384938955,0.524448383418981,0.508150541689846,0.473524776300039,0.473667298632122,0.465620606197949,0.39631968634033,0.336815709625106,0.406402081172734,0.525876270533011,0.494716166768078,0.528246067066501,0.472337428231809,0.557297674962311,0.460056312070075,0.477122433552413,0.602337584212485,0.387544922301267,0.557836899708199,0.536196526899717,0.454263554408743,0.651536777631942,0.460224258603193,0.430209828839631,0.58791812876416,0.426266904169195,0.561407313901095,0.469076336305595,0.503245643260576,0.512489755848582,0.512908704017626,0.463298541818707,0.567492858081467,0.570438537840608,0.511292484309351,0.50780998518558,0.523584258948316,0.486251016053053,0.50496055339327,0.452611984891231,0.500662825034711,0.566081396226019,0.505653680938234,0.563201554651434,0.356681210450762,0.486870163072349,0.558473645096194,0.510473962085028,0.451131879253654,0.48031831967243,0.581203217992115,0.441865510481995,0.426414424631218,0.352913528490785,0.488675130804137,0.505843346515632
GSM2714692,Tumor,0.160270169811797,0.226014151392781,0.126655634003658,0.235290474526761,0.15069185290649,0.165466267493126,0.349388356011264,0.122392998432135,0.231609866481276,0.338065067980038,0.266574412006082,0.2674849301068,0.344975247024413,0.311232832171843,0.257752930518512,0.210411609763398,0.211272836825216,0.240333795579166,0.26473985313508,0.182119803428384,0.198844499855734,0.278079336670552,0.334375581857211,0.34566176377212,0.232382684688773,0.182716060970917,0.183776369469454,0.162753429007022,0.148036036944043,0.155005681828567,0.288468628563053,0.129274701994951,0.216188524360396,0.148774278718504,0.140485258989978,0.221446165445227,0.236041668865452,0.184824004167375,0.156522823762193,0.182735779382499,0.130400923991977,0.192237799094698,0.28884643731301,0.16749953624045,0.115303034337555,0.159729695989282,0.16894941119046,0.317165413900926,0.207547745512694,0.245667506777681,0.124658147707726,0.187553488784655,0.244340949901001,0.197705251214461,0.219929836232689,0.24292116812672,0.300383151518065,0.245483471180405,0.171517970444294,0.253943219724372,0.244573103514572,0.191049094388209,0.167296913504993,0.280439820891277,0.2818665397211,0.206578055404699,0.313289442031293,0.236713754743285,0.285264433068941,0.229917591729953,0.182070448402761,0.157037484259988,0.251338877173601,0.30116367989722,0.159543033033473,0.133262199114735,0.187606878440569,0.180540415951838,0.261169586011341,0.222946490806651,0.253447391158286,0.203347785349988,0.187575645643295,0.262991869630122,0.161103092969855,0.17195498693768,0.200408250468386,0.272475427524261,0.180882005340469,0.242790628230762,0.198243731007191,0.142728493646173,0.170178576329273,0.144899492030381,0.209021432274582,0.250860435955552,0.291018578483088,0.271898179836,0.286643311407772,0.229379944547957,0.222477993858846,0.203863053882796,0.175809586659623,0.272083858660283,0.233504414205364,0.236142820462108,0.225452816042666,0.152438901820821,0.229048878671484,0.296840702099263
GSM2714694,Tumor,0.547426281800194,0.537311974710943,0.495809814871413,0.409290554805889,0.534878130488492,0.408356855535835,0.582621562089729,0.513913871461492,0.449844125353409,0.570387841557432,0.460216122089859,0.520074994880473,0.615724585772112,0.50509467207104,0.321639918477713,0.335432860977458,0.50740536008074,0.566247296318658,0.482221633551557,0.49009912803819,0.511951857031842,0.551959434773796,0.538848195924296,0.583226910266889,0.505526925869397,0.48747664637688,0.259129371800885,0.499660971410198,0.486795773514553,0.408367300431842,0.548459900556801,0.390250619279602,0.519530287058447,0.546644816614739,0.490893616909102,0.444278800476262,0.519207440766945,0.446912084786395,0.322163163944091,0.485364942618339,0.464852528059697,0.350967623749474,0.560266248622905,0.478479390406689,0.529563117502719,0.352544507529743,0.383855494952053,0.555162746071151,0.461235809375051,0.338714754454314,0.394062953166215,0.44806461494149,0.579360988157192,0.403712252082094,0.503055686823046,0.418346844758482,0.504337046969878,0.489628502638311,0.48805300788912,0.492125314892588,0.431324403906337,0.385714822909037,0.492023810035706,0.462340193583392,0.4903831575374,0.392000738660865,0.490819808747687,0.531814019051513,0.48047792621036,0.417952141454355,0.574367321446067,0.358140745444429,0.567233724105623,0.453236297563402,0.451563513619336,0.599418339458057,0.482550051712445,0.45328052869332,0.587743253645312,0.513601419387015,0.445249019178034,0.482714502354428,0.572506295602837,0.500821924089978,0.541775532080159,0.458795874974053,0.487881529964933,0.409271262173205,0.467005981544657,0.361801358963815,0.532154213168795,0.403295150700646,0.507167599654869,0.52297798996823,0.389476012816356,0.531289832041745,0.485461118618461,0.50716479888066,0.536057252024927,0.496203100439094,0.470192783931932,0.459716546186295,0.489171456324313,0.512325677281996,0.571082965440999,0.521730046677771,0.405906590628296,0.432782066914093,0.487571256022738,0.608503334922529
GSM2714695,Tumor,0.331699995997305,0.403497566591755,0.34809445028368,0.450274145153977,0.418919480754345,0.333879375316401,0.494010277708627,0.396909323097061,0.35144464024956,0.383284897338003,0.327617131585545,0.418936856540936,0.486682993224232,0.423159241225911,0.437265903133121,0.379326218405089,0.298859079732949,0.360388088300104,0.349294963860955,0.389993263782114,0.336304187738133,0.419311926338049,0.346332804124491,0.370317426200863,0.354576773069004,0.349867823412009,0.289460521410203,0.366437224674408,0.321083626395477,0.351005713608655,0.440596492137126,0.339260845890612,0.392054920553605,0.378934043176422,0.291248502948274,0.335569412590399,0.375000087808358,0.33156953738851,0.389491948669506,0.205599186544978,0.27363840163737,0.433909536154718,0.322441768883703,0.414053125442685,0.359375476272895,0.27484586232325,0.272516513088119,0.433624442050501,0.36187933602581,0.292985137272902,0.358531357718262,0.347796115004552,0.451254961050038,0.311829005841073,0.343131898086189,0.277533706831654,0.362360164473511,0.429692619288975,0.294747446445036,0.343637232167673,0.365504822076913,0.352656609708943,0.376992067668023,0.306308377794371,0.426346312333158,0.320419947562634,0.34999415594452,0.372908783660186,0.36838908837238,0.323943707526371,0.310460884004488,0.274131049568867,0.483511323752713,0.368630264632677,0.318907295984722,0.402288577354683,0.33894308024904,0.319134564787774,0.454124461428747,0.339395121262138,0.368939979324826,0.418369944986051,0.376025447413139,0.388129501527429,0.220152239233748,0.357011968410404,0.371868648662243,0.354278229466188,0.36116506183585,0.388256138492256,0.355151669689472,0.268210229588378,0.380971590950436,0.320551395987054,0.388699964755931,0.489409852935081,0.417176880598959,0.392652050770302,0.309605302217923,0.331636974286382,0.387922026839309,0.400548725516839,0.372247764941277,0.358275848874613,0.378468002791197,0.360613736090651,0.37593984147997,0.260622070865777,0.307127771501493,0.423578938026168
GSM2714696,Tumor,0.336201837117794,0.358396490355374,0.351445059154735,0.3892069733024,0.349988067719987,0.301669581094632,0.432778314681294,0.352175115271402,0.368537290491807,0.451115957171207,0.32386003712299,0.393690770285772,0.437823133355401,0.411661391679946,0.376761294031705,0.339739149792968,0.375494071238168,0.455065398321361,0.362106937611507,0.357283310524707,0.360816907941931,0.424016667820051,0.494133852230253,0.443982666555327,0.394324922453575,0.394326470199899,0.323321690530688,0.378964393649417,0.330100360631797,0.328467097810631,0.391195685616575,0.327633966870091,0.349697819929669,0.392055310408925,0.374515480876544,0.298183048290716,0.409400924270688,0.366255851319465,0.369538772743941,0.366213018521097,0.321445455065356,0.376064264898395,0.386867046082947,0.313829185439344,0.403315930067793,0.329581469893847,0.301031884013758,0.428584365701634,0.397233596915046,0.380660130385317,0.343401226063457,0.308489929495425,0.459739849876053,0.346503358740288,0.369068788064776,0.370600215268491,0.408332283660358,0.400102099723319,0.353742914860198,0.399271986884478,0.393613592657094,0.343064030114401,0.40305230294238,0.38331176733524,0.402292589043646,0.3388874284333,0.391373307675449,0.384236735017964,0.378844142237974,0.40535273879545,0.347346287091876,0.383132908948902,0.397806003657237,0.374120518541191,0.314771360147976,0.3888087389482,0.3632199791457,0.361317391006494,0.374016784783853,0.351889294326171,0.368931447485999,0.355624103665405,0.374114464299538,0.336899588323535,0.359072755292331,0.424932212558263,0.373903347203118,0.362811842643536,0.350170951598202,0.370616259247217,0.381426850769006,0.313474992043459,0.363503838912823,0.243067622518856,0.361230622795559,0.367156362553559,0.424608340843467,0.407166343335852,0.393845140455956,0.408387526930786,0.319122277023987,0.382285543820775,0.355261003515707,0.392083885243344,0.370591293271041,0.401789190328885,0.392237685592724,0.258293609120231,0.354309857555639,0.396875443278969
GSM2714703,Tumor,0.0437119531776482,0.088202843003088,0.179971414755525,0.341779421004461,0.132265345147795,0.0936009701906331,0.170392706421141,0.106713383137829,0.155488449203834,0.228409378660528,0.226882146752936,0.132540123413191,0.12839970662855,0.219702249012295,0.121723232218088,0.139131153014385,0.0857802657593496,0.230298416616812,0.133537928489271,0.170089121611384,0.113991332124344,0.215147749062124,0.299872134026973,0.149233032590893,0.0882957525870387,0.159589965970315,0.128288509830626,0.112408390209159,0.14383943714747,0.0800512434300218,0.407788871322639,0.0651212328073427,0.111794265943482,0.0907834662588209,0.115807233338427,0.122426205156851,0.237731780621508,0.15138559965488,0.128018832400293,0.101882953379895,0.0920331782248976,0.133101844232221,0.0658608259406461,0.119747319863888,0.105597683129541,0.153119378904227,0.0869443871161451,0.119865263342389,0.252471033535862,0.16680898770336,0.198746583024468,0.102890430622743,0.140971272422918,0.307940151652997,0.219664290551579,0.184074769543603,0.122767867572198,0.197755844143535,0.228373108368368,0.099986618875959,0.16292215101886,0.0972247865110008,0.0921522465050069,0.0962290273369473,0.223553300231286,0.142922191018876,0.159458688061097,0.119210405551187,0.330470655945959,0.180909102522191,0.0704720047625797,0.179644108767194,0.152958939507336,0.214131881305137,0.166515005152765,0.0701970251237255,0.118988366972302,0.0653684880328773,0.193440852893717,0.0768617627801636,0.107979781899685,0.158996832495842,0.243637851088974,0.099380146988709,0.124782101405198,0.0996621001518917,0.169334423567109,0.143445489115071,0.126949081700873,0.09449430452348,0.112128485171563,0.0633528206171158,0.251818957129142,0.0899328229338044,0.130167314484802,0.0943532063247205,0.174363565842782,0.322543037083053,0.0789689992634343,0.164837843359189,0.114972185942202,0.113819510994599,0.119377658276304,0.302166336084382,0.262789550990062,0.400017415413488,0.21989344103041,0.0544351809548782,0.0942113707395709,0.126878094774013
GSM2714704,Tumor,0.474174044248533,0.510717109777815,0.199303028195911,0.451508193773188,0.431765346949506,0.403702399154115,0.588841430196353,0.41954364319097,0.431519176186937,0.405493942060325,0.435080037493084,0.51049918352348,0.489647794504492,0.489328897095842,0.485240258781012,0.457575669083304,0.427584549179121,0.50908900092017,0.420964314915726,0.422060552563969,0.494747508538036,0.486564775865218,0.545497651443757,0.517198397382748,0.445205376780207,0.41648243050283,0.514694456864594,0.476202949316946,0.470639390249807,0.418439029264629,0.557662941930017,0.377766976896306,0.496995576593683,0.473003850284204,0.415413890204028,0.465123348341574,0.445077244219568,0.410424774187851,0.503051203447104,0.385793577322177,0.476375622360852,0.333883319076595,0.378951693399475,0.412762493869315,0.429025274028256,0.334052381875599,0.297454115794218,0.532665896020682,0.439312400900573,0.461848111190528,0.466869707591318,0.442904425064577,0.518199677939504,0.422622046493403,0.421258191866321,0.360666159234839,0.441479835342599,0.457428456577886,0.331032371517397,0.458820583615961,0.42787953791083,0.346126403160975,0.465797898007273,0.460926123396691,0.442961232399573,0.375946996349465,0.462940942074248,0.50215494241835,0.489460570067094,0.380124957297097,0.481051847537428,0.48413100204731,0.511256603607502,0.431332043752096,0.370427449230533,0.475819038555163,0.0964547736669574,0.366343923013793,0.500019439837057,0.463460662053384,0.455845818038734,0.453396629086755,0.454930273813236,0.474200211881631,0.458836179128776,0.412245879034904,0.477091097069233,0.498960874639303,0.476804331087343,0.493388754331671,0.455395863303302,0.419354655438033,0.492632101362033,0.42523178627617,0.426325814593809,0.500724589188818,0.505844313316902,0.45326581046846,0.415037850364632,0.431564762473866,0.430505112944183,0.489236769886538,0.408796410871292,0.437607053292784,0.508143868898246,0.496143617231209,0.499712880369362,0.353517379433435,0.42224635415764,0.534068206389789
GSM2714705,Tumor,0.426512858488836,0.520891792624654,0.143960543110971,0.50492858528998,0.464429256833658,0.381392013272093,0.514840434489017,0.411979552441148,0.466879200393707,0.397593254790966,0.426974565314544,0.512514629436085,0.596018768041266,0.501033852547593,0.47110286671553,0.464041135334303,0.420598761923939,0.571684676244824,0.405179302119023,0.3843944358016,0.497731190004087,0.493087094722953,0.463520989018897,0.559175416281265,0.49809922180779,0.44887815976801,0.37853259900003,0.349219844625746,0.288980096450313,0.351529882762367,0.555596482600481,0.418354344828377,0.395742383774893,0.461945172009884,0.28934004018779,0.465257865143469,0.458606105488901,0.314724147338399,0.169106771387737,0.472231027438075,0.2348708442489,0.422603826714914,0.480071675969485,0.423083565400158,0.371185026068653,0.189243730510504,0.318200759933115,0.451644830704914,0.386321195215752,0.452859419500274,0.437907158682616,0.185085232226005,0.481484279094602,0.409386475680002,0.440002201079077,0.365692424466154,0.412650861906063,0.499008007529176,0.371761528652621,0.475670941929162,0.483125046781287,0.283007824122884,0.467852882947223,0.41385123513533,0.461518624410313,0.368832566215154,0.455660623202542,0.486157842203167,0.49440766118885,0.419423887554873,0.503628373820017,0.320730135110869,0.562617888042284,0.52693687818199,0.396239486787924,0.394757247179605,0.368246828104519,0.416337714994186,0.457936239466583,0.412650875771629,0.537426594302214,0.42378127618147,0.420805674177454,0.463772372919407,0.460107497021268,0.47460357224563,0.446024233162913,0.464660872337884,0.454672273004037,0.360469208603992,0.386842526487568,0.38460677406685,0.445969247692984,0.474705434453014,0.355787602160364,0.484360652839941,0.529492104526315,0.530814681997818,0.462068250706292,0.463134160265447,0.432685896676506,0.457214468318608,0.426027803681382,0.520482302861072,0.480943166853216,0.493732233690291,0.527375884128633,0.401267504981846,0.434484752887999,0.519707225066123
GSM2714706,Tumor,0.536523536268,0.53595399044802,0.536605915151388,0.623266883921588,0.483517060779481,0.451427769889181,0.165339212903805,0.670742585116827,0.435427072004143,0.624767425766189,0.468703220393404,0.569342368995539,0.512722051656168,0.540952473345844,0.566377121428526,0.561950415564389,0.547093088027736,0.462786469876459,0.503434526064878,0.507868997156661,0.47024222351584,0.60844549145585,0.690773498530996,0.529581751234154,0.525757377777727,0.445131862979437,0.341564822208473,0.328265312668924,0.0850349307222066,0.0860273155764851,0.57857072977766,0.392160342399908,0.49283452395926,0.626478037769845,0.481449977496854,0.491699123812556,0.450101074790074,0.579066863561042,0.406476988932812,0.452019466796619,0.539589441052211,0.540327811873488,0.09177535764097,0.34591359230095,0.117469334097957,0.475875706264186,0.323545980073551,0.642951610069933,0.389373287743714,0.463516154029853,0.225025991497118,0.417697935177301,0.566271865680401,0.322231373067899,0.54803374053064,0.544327380631514,0.527132898334884,0.528098138556195,0.471455052487273,0.493393426092873,0.388028249463793,0.0928389833781216,0.526633422791258,0.5667447473528,0.553322773271361,0.383223551251734,0.576897402427783,0.663801646007301,0.448585837753079,0.260146729680541,0.43601329440866,0.367693980299182,0.600424703098097,0.540909293513643,0.412710047513467,0.575351645141892,0.543779918376782,0.441295000478061,0.525524650791764,0.348289677792202,0.562058109842394,0.526474328827143,0.606316802935946,0.554825841751084,0.582059110386958,0.467400257063217,0.56195328437741,0.565990847828752,0.529501098109904,0.554212375970416,0.52411876049036,0.447090925283895,0.369390795236473,0.476644299288714,0.577223980439045,0.619958250262198,0.576890806047895,0.523297892660543,0.444253725273451,0.549724316335129,0.556842811673192,0.555700466886766,0.500341599351942,0.533099452776755,0.659219797582467,0.530449313383022,0.481721311853754,0.413336838794834,0.575663679212239,0.550200938737064
GSM2714707,Tumor,0.403303589907232,0.225621373872052,0.337214548738725,0.376598777914402,0.192550138558995,0.196273113317349,0.227354621067579,0.114516037615554,0.223984128079319,0.314497173759191,0.256578202760236,0.256289439735827,0.346392537267633,0.297283997952373,0.093307977332298,0.271612872540311,0.227444860926159,0.282501865951311,0.322363916902058,0.301491654376559,0.289890665289306,0.323344842211481,0.370982198748945,0.255342369399961,0.384034414917423,0.219181578485742,0.108937415810401,0.17372800507613,0.146282932022073,0.15254891134491,0.158411038080919,0.161698458916958,0.133336711189453,0.0761000889830263,0.137250844868809,0.203520502145372,0.24873334212367,0.132323119602946,0.182249028471369,0.263574183438609,0.116726101077757,0.308666252474177,0.114174976173427,0.238442620157895,0.126672253159166,0.179358838403217,0.240029571660763,0.299703399640447,0.260384959531691,0.158424939388589,0.26363772511921,0.159218123121029,0.127105462589033,0.249105372128462,0.273210674869903,0.206840617451399,0.39924796298823,0.332783459325558,0.197904778184635,0.342870292139216,0.23811892045982,0.114833702011377,0.434454912539175,0.351135624164684,0.31847189461444,0.244944424045635,0.147356743482175,0.258286388163383,0.262804873388024,0.26721834842712,0.100196102430909,0.265429288829186,0.227775525254314,0.366274128494157,0.15696547033089,0.173398310357099,0.25080901610693,0.317677730816587,0.31326809701111,0.18505388160834,0.314711365854611,0.352574627334504,0.176013442853925,0.140709563343077,0.241333231829935,0.240582413846252,0.150235840819509,0.244383123473043,0.27571882968415,0.353810527865429,0.179672885676752,0.137585848469442,0.196418942161478,0.278748400855007,0.272730923467941,0.409033460865999,0.387922171405388,0.213345284419988,0.170631782898944,0.315162184421968,0.18925965231558,0.113192229966516,0.150964923869972,0.246883878488094,0.281273767100972,0.332450662971168,0.248444454615985,0.25850473392616,0.346689076222293,0.259635680671208
GSM2714712,Tumor,0.503843953260573,0.493801789249003,0.469654387683511,0.499396179395672,0.519166608201453,0.368118098761438,0.570505403799593,0.494393928926367,0.460467080816662,0.54844081929112,0.438372784698147,0.510698438992089,0.546448781199251,0.486208421839524,0.485246204112585,0.458642860861402,0.508814094495136,0.539141622092576,0.467265167933139,0.450068442202539,0.47897158042277,0.463387536585771,0.566090516490788,0.48946138038909,0.512461530154846,0.510959104527619,0.470578179789355,0.49995272095486,0.474028611253781,0.419082318758986,0.494401888224021,0.416002977030861,0.460974845895894,0.490539643914543,0.479369059006367,0.450989556296041,0.479640365151765,0.476452735380722,0.493064340775693,0.509281588362673,0.445946750666197,0.489079685635893,0.448212801800758,0.429128226301247,0.524162161637499,0.499093277690178,0.459348763282823,0.506460199009338,0.515710777221899,0.480941095588805,0.471100518902774,0.211618475513814,0.524989572490835,0.455961031356125,0.471589030960589,0.459259345084416,0.471901822705342,0.452985197607596,0.479608010878821,0.464204252314194,0.497338209959977,0.509505912220003,0.493450496335396,0.439331520336509,0.464262693092017,0.481344184161028,0.460781573708197,0.512810615551319,0.455469973511147,0.496339388923013,0.486004791514585,0.413526962347206,0.551316947389076,0.429272554473822,0.446242746123538,0.559325707040948,0.453228258644783,0.445022557145309,0.575686055408124,0.459488782525628,0.343618508516178,0.461761104440399,0.51345214994149,0.45557143570058,0.435084604681233,0.487410973616702,0.508351198375848,0.481653639246401,0.482663068740616,0.387131655198313,0.471966408615854,0.459563652440014,0.460599002093067,0.428445298627325,0.461145735431102,0.478935244508081,0.518099404699008,0.478136058104112,0.513667392104653,0.456397574718887,0.435930427885495,0.47141833745078,0.459083507966813,0.437415707277993,0.530106944616209,0.504063857418868,0.476134805223469,0.394721396604737,0.484110172101364,0.394333315461745
GSM2714713,Tumor,0.718226629460102,0.699698753796495,0.70717942659513,0.686821755848896,0.68302013423104,0.59234826859111,0.768764223588596,0.684506305391761,0.712687588459949,0.642111304314965,0.637944522540812,0.69738749129711,0.771611757951087,0.710566500870994,0.577218420732036,0.72150733243458,0.62522056042888,0.741789935053558,0.605533150556162,0.652038503549732,0.685284438820086,0.771017892647943,0.75211329782489,0.735374455564575,0.7021471505046,0.650455489768581,0.72164470435473,0.730645604448549,0.698027174030691,0.627105543801948,0.677739968629408,0.626863829251229,0.631431811213527,0.694632360124593,0.685748095695794,0.700201620034358,0.671810939261615,0.669712739491663,0.756080036470913,0.482681505947175,0.713567331653154,0.773353509576927,0.748202591706439,0.688939274296981,0.707646869910439,0.656539873870659,0.725459024377884,0.721346139530727,0.668126702299596,0.614891172512102,0.667356081439955,0.665976407109225,0.810864517240347,0.59227181272734,0.681029256085964,0.680325969237317,0.705685828049386,0.604277280033596,0.67674077148737,0.670444769169902,0.659888722865141,0.710085286134537,0.620670820514184,0.671577591632624,0.626954782252368,0.703333248518067,0.705271054028502,0.707208894534313,0.668086994562967,0.582562268520345,0.701824556235527,0.708993706310449,0.745723141833254,0.649029841359383,0.646765739758986,0.808557315622733,0.36262651808605,0.618171807760124,0.705833781464805,0.659257380430985,0.66741313855944,0.616693164272905,0.731387994277032,0.670642799209189,0.653263482504655,0.719089207814114,0.695210199041901,0.713679179852522,0.728828637870605,0.661584019102512,0.742831853239506,0.688156526075984,0.600856494978387,0.634054541110684,0.740455243784543,0.679581218926787,0.701286162959527,0.648101492662197,0.648383159179111,0.60024348232287,0.739137382691518,0.667711948082393,0.685543816819355,0.684034743904964,0.788320300171746,0.688721818650161,0.660212794477479,0.501491537492715,0.633461072512304,0.768464736985253
GSM2714715,Tumor,0.0560786421591041,0.503773924113591,0.444239374882899,0.295781606506599,0.315785087123503,0.63541494634302,0.731662788876287,0.124467186091948,0.423146484512174,0.724644290344369,0.481205661200562,0.663477885040257,0.574173959775644,0.596255639513847,0.650966938594148,0.656832255618667,0.729161040801494,0.543096917886251,0.613403579280841,0.62526995237775,0.647942381863235,0.674297105908837,0.707156128582812,0.633025404938721,0.548128749428046,0.483551283906114,0.178098912377785,0.112069309418497,0.123895539434618,0.0688733619904702,0.600462480529148,0.304763042914664,0.260133598281419,0.082339860507834,0.190364169053003,0.427770198528073,0.554455025560045,0.239842842005456,0.150449399738734,0.739356631388852,0.138184054052213,0.46903036851013,0.546083779506614,0.0875743584063268,0.124618183311287,0.363313708552803,0.432901025479428,0.690128970364394,0.551723212791588,0.577810341241253,0.314990152098962,0.0854955886596467,0.497147824249741,0.541695397664391,0.583663962924653,0.303983050052663,0.649328143757888,0.710130185007951,0.647765200831115,0.636231225526529,0.382260347288665,0.513849745034329,0.355956006904571,0.636848946672709,0.616439311230047,0.539249067609954,0.719177833669382,0.482169263719036,0.536564699459744,0.254405824459288,0.761398685981249,0.387826833837009,0.737328574352267,0.635358680207992,0.630368039724383,0.299389584071452,0.395061673891695,0.46674214286986,0.757053503024246,0.51691698381171,0.179962873953434,0.384681645176802,0.739303669848552,0.110345919166288,0.683941351491796,0.521221658589794,0.656332194426502,0.371957260014439,0.661220035642371,0.521300251010525,0.664621487259079,0.562054031985583,0.514192655474646,0.346128245854596,0.630739569941644,0.709393831070767,0.240954842661654,0.607524399553393,0.558251320562038,0.605905838309755,0.327453442927414,0.478894821635969,0.270730344676315,0.696057109118555,0.749067302235025,0.654717570394789,0.412670974554945,0.400124393342355,0.660984141433954,0.703731346849746
GSM2714717,Tumor,0.525292855492148,0.538255969713018,0.562764058818184,0.440507209791351,0.454290913474618,0.42704785109348,0.627260869097918,0.499659620123259,0.530469467027713,0.546287756851509,0.459089269038942,0.495894099945471,0.558986144694314,0.536688687706814,0.531313895422464,0.488897592753607,0.564781960149588,0.457588831632285,0.484588035766491,0.463190865675686,0.526606179231792,0.577415662273924,0.639046277536862,0.561287341718989,0.492745421325171,0.521799281814754,0.439587311791265,0.459044441493679,0.33581674761473,0.355681142848066,0.532059718486856,0.378773507957354,0.486829768608383,0.433270002106976,0.516908360500629,0.433867380157327,0.437619459286413,0.494122701956207,0.399049568687846,0.265547741209472,0.5583428907841,0.512546852033742,0.124782717986594,0.486606431791038,0.417585296967214,0.429547845233757,0.424477328486925,0.501283294442007,0.527147249570955,0.503299279820067,0.358043835813919,0.457957068116624,0.482392554460452,0.34615371325377,0.387482659327937,0.337808526901984,0.515819677586341,0.495288307335638,0.356459264745077,0.522421117045747,0.471906687164351,0.521956309955727,0.535263128098448,0.507739230041706,0.479231728846196,0.439019573019513,0.55844511268428,0.564420937800517,0.483540014628193,0.262987031239778,0.430583274136912,0.436184396210053,0.612328425084278,0.534503412662779,0.465763316963871,0.597769069392846,0.459384394073323,0.422430606092779,0.580543694766127,0.47760679003651,0.556579990023258,0.531454135192885,0.386882345833135,0.311331825237298,0.341525230941093,0.472952823564044,0.529200885227487,0.547764800452491,0.485593693074945,0.311521115366981,0.559393382525153,0.46707077139822,0.483924234418979,0.47662126578607,0.371578787091909,0.61383726535183,0.484676806728773,0.560052435075007,0.33817534586453,0.480997554189738,0.486780035407599,0.535160702729702,0.492986669236167,0.470009002503977,0.492913461575449,0.373334415732084,0.506704549028838,0.330767667100779,0.479283244443293,0.594806044590742
GSM2714719,Tumor,0.474950844821866,0.176358850952149,0.138256836554635,0.136403679041334,0.423041872311041,0.408764142660125,0.560665020271729,0.110140279556308,0.423271426133167,0.466293212128968,0.439084710739977,0.380907486420126,0.0875194603043951,0.315679974268458,0.502291980082851,0.31986767954168,0.135992627528773,0.235715296358596,0.241386895559297,0.187693404722622,0.310402530636464,0.486455652308841,0.548441922347807,0.50214951221181,0.360508216087706,0.314716215408422,0.118156432217601,0.426120405984951,0.181689692808813,0.0680091911956711,0.144052370589608,0.11689127680558,0.220915721116043,0.067431679182624,0.146033790436034,0.431403012431728,0.132971514111025,0.15091384267444,0.091613431735292,0.30884787879904,0.31647311800651,0.162998241794104,0.458016609643223,0.0969917382745938,0.349262854961806,0.308824392349933,0.177318076918878,0.483377180753929,0.360979649233964,0.224074132898505,0.074298914869763,0.133383429076773,0.200894147046152,0.241550339725945,0.434586588975448,0.184726334025124,0.322501403210374,0.461686391570155,0.145800681876797,0.458647561559962,0.264642204693921,0.103875188354573,0.426659048503427,0.399073014483413,0.365543746934086,0.210671722619417,0.45761035519125,0.50363866453212,0.39816362554516,0.17387239241274,0.0910217849243823,0.0729020552592001,0.169565586205616,0.33260363884486,0.155753186364687,0.179337441970134,0.424679908044341,0.318675952082729,0.459358620452505,0.324966402643574,0.46090981167118,0.424793973467015,0.357573685843598,0.144251122946356,0.332520633417556,0.25796997651068,0.155877028964483,0.238321963261267,0.303722733710739,0.486892279315792,0.224590357178338,0.111964906500339,0.407545156765506,0.259625372098018,0.158303988866027,0.512502387099746,0.314813721969169,0.229630873463369,0.325599154569398,0.187166786052911,0.339510141340461,0.227368588120749,0.197918799806308,0.383445422478307,0.307124888243987,0.308280792742935,0.254772815706452,0.356538917829256,0.378230986533593,0.37852368760358
GSM2714754,Tumor,0.477947234663055,0.489588527586081,0.47217393468735,0.483760462153003,0.448344273313258,0.42469921124585,0.584631785524556,0.472148539020244,0.46537995284971,0.50626910057928,0.455906373734943,0.529220499175017,0.562166787291764,0.483587296548531,0.252563727617631,0.479303832913385,0.463141789264732,0.52748390437656,0.452012651378324,0.472644686696242,0.484563645207367,0.518141791905621,0.5459226967735,0.463565348131812,0.443200739935897,0.512950597451041,0.481187037293844,0.510121289322446,0.491543825722613,0.505981130761632,0.504478143105185,0.397181469216288,0.424078344989344,0.508961566670397,0.472801942303804,0.479630719646938,0.490040603271604,0.498904882883324,0.410756035838028,0.49051196799869,0.40546409818199,0.507742236550298,0.48386749468677,0.435612920415873,0.486205809492727,0.374653923746207,0.436251258538476,0.530782752411678,0.51374720894551,0.451800175531146,0.495515977655323,0.442815721052504,0.568572932239435,0.349938038879769,0.459337689733616,0.430879543349343,0.476915751736127,0.47923005083825,0.4726592561484,0.479896307082735,0.491797998813954,0.479182921715691,0.479234626677521,0.433026775062586,0.474186958314826,0.42307535087695,0.484491399813618,0.547253307422381,0.439464853735715,0.487607438071349,0.506872008491549,0.361135060870942,0.586459801394769,0.463533730477312,0.399946206635821,0.556126598998901,0.2978609704163,0.425811714490434,0.560840621587871,0.409783454894671,0.511401292958744,0.449522365338657,0.494190514316913,0.491951843082832,0.489933883770117,0.53334543203507,0.461371287194105,0.30183615022778,0.452652607486438,0.494218319850254,0.500238742961754,0.451560218162885,0.464982476655735,0.428032012520338,0.493037136810413,0.498506164540371,0.576412768956151,0.4956649336341,0.475780047325937,0.47745824308617,0.451317549512339,0.473522199588968,0.502061889189168,0.485146629808155,0.465695518563701,0.491515728496209,0.447724432131795,0.355989115941416,0.472369009724347,0.497450210991015
GSM2714756,Tumor,0.0449554307328442,0.0612194725450189,0.0763549952895023,0.222770171386434,0.108760606703383,0.0890737271654222,0.159110337090067,0.0851559946224033,0.15292933553194,0.182368497615212,0.125575135585328,0.200344641058175,0.111467340752771,0.135535351124125,0.11237120101382,0.0947055512883792,0.102729455432335,0.12507170898058,0.0786504662958066,0.126061164769582,0.110796698904177,0.0903954246165469,0.094214877043043,0.165575676366138,0.077232191618689,0.142323350368658,0.137986623764412,0.119947412477791,0.0890195516052995,0.0775371211519841,0.159435701992884,0.064409832221778,0.127145508341808,0.0580028659002769,0.101684095801222,0.168139914643809,0.145022635358695,0.338266101054826,0.104498254599622,0.105800310199291,0.0590580998375183,0.232191210956959,0.0700668195762211,0.0910088903498549,0.0872244755121606,0.0765428340693504,0.0918830619469283,0.116004832968637,0.182599947541783,0.0883042661044729,0.0713220400175754,0.0800818995716919,0.0957624088177314,0.202923909365426,0.129215026155594,0.136912230868743,0.130097157122855,0.214950949601072,0.471917633724551,0.230375029915595,0.117344657733549,0.0757033553428222,0.219822528648906,0.344365885805373,0.210393297072938,0.149630292977507,0.0834167174777554,0.125741322112952,0.135524201387473,0.160425392402487,0.0693600243571447,0.12761678024485,0.127083933243604,0.153596000170467,0.0791955252354593,0.0646967597947225,0.12956756157317,0.061566949011884,0.293204320931372,0.147626561651686,0.10998794110295,0.164222238176348,0.237543411270443,0.126507625166413,0.130897107112518,0.0810893756232112,0.150041376521916,0.329813807340454,0.321786952892196,0.0818191414411901,0.080570425976985,0.0593684207186308,0.126360130782497,0.0729275144733612,0.0819671480082137,0.0738503596464622,0.146825701653415,0.470337494882561,0.0641296838714389,0.127511458069366,0.0853375126333406,0.119630899604487,0.104128768551432,0.467416600841148,0.132398167369806,0.0948871853353064,0.111076906150142,0.052909419592366,0.0633272566190081,0.141600666849913
GSM2714758,Tumor,0.287862335971114,0.302705086921648,0.147791000407934,0.140181823009009,0.49037474480938,0.320740228107117,0.197157064183534,0.133857098107551,0.410859504392194,0.20385476963682,0.438842588893351,0.49527699178219,0.163933122237939,0.53176133022835,0.564645019028589,0.0628968684002829,0.418641536260445,0.353594635550848,0.438565835577651,0.399222547698895,0.496022675984281,0.538654744079726,0.499364633337003,0.592722650730311,0.078780873085307,0.148839581763018,0.14884630331736,0.0807062258501545,0.16562266959896,0.061713347881787,0.235299372707265,0.184678582211852,0.240725522600975,0.322118278871889,0.359795389540891,0.235242883776018,0.271675948010782,0.182609815186594,0.361924559316521,0.0938249707897739,0.108137583495441,0.266090815003849,0.258010125372194,0.476828664268404,0.146381915026278,0.13974980336746,0.068255547645744,0.535542943665872,0.441883412918831,0.37757733217643,0.291186806056991,0.269074688644898,0.623669031622694,0.266699157358328,0.411840388560043,0.257778514769166,0.480850029645604,0.49399017431588,0.425604157462254,0.503132428252674,0.310562237826379,0.122239835295599,0.429534774216696,0.523513607344642,0.378765744197896,0.460410478487483,0.579490958834138,0.477606289021306,0.426126438326051,0.219557485151707,0.0949785481287955,0.262685925583128,0.193291299119714,0.459092348577544,0.224375803039873,0.0854486565879481,0.529516361503177,0.419223221992465,0.515066859431762,0.398448049226854,0.448717606861469,0.388402672322942,0.302349530258693,0.39062246446976,0.299972593355434,0.268691539890539,0.253967753715412,0.258066836451321,0.253489787092455,0.385589163037097,0.345618856217377,0.363250542552577,0.429714883877826,0.372775175811483,0.364592206659127,0.536761905945434,0.37097328319292,0.309988361527895,0.526327435421555,0.224615787306705,0.222195404199967,0.276112098456308,0.372422860661163,0.221913503191734,0.38280585245489,0.329621825301153,0.277796893223277,0.271069480669835,0.243658155170931,0.555736104477682
GSM2714760,Tumor,0.200073454194066,0.362001654664329,0.195807487206565,0.267743059173169,0.299277993561876,0.34300026434697,0.471037148025326,0.138251380858339,0.319901165221871,0.270633634279473,0.336410367064174,0.496127059411929,0.317782630859593,0.448469354344612,0.430569287420049,0.100464635621351,0.171878915173589,0.415346347012101,0.362904298772443,0.195511824791807,0.368462748392012,0.503282971074227,0.5108463096083,0.558143125864387,0.113792858060052,0.19087944136689,0.223281304904002,0.198634924858256,0.374186985600793,0.0879348307619487,0.278067503504101,0.179729606865365,0.322440538103045,0.0934417486371459,0.226536474871513,0.229398579804009,0.23662398753766,0.231040985404636,0.128566336482767,0.152804905817707,0.164201670245475,0.108033079822871,0.384952971896729,0.474138788697002,0.295713312192123,0.349204005524606,0.114768845901836,0.453309097118351,0.398387042731147,0.384455778207495,0.0776681744615789,0.27520945287921,0.424537242357059,0.249907241525179,0.335140384599403,0.229121113947812,0.398235126954885,0.428957296063736,0.331285227802138,0.426440727666635,0.318722815409263,0.144237075429071,0.421088479308767,0.445953460469988,0.359298847230312,0.319144952875395,0.438623149950238,0.391081586155535,0.4122620736506,0.203578099826591,0.135653172804912,0.29738678994191,0.384208341841461,0.346962208740919,0.118801683117226,0.139802186493282,0.144398776456471,0.337006798294651,0.379994566052263,0.295269503557827,0.389709810138587,0.2632988170098,0.337920761565899,0.373011800263633,0.372401260459714,0.348640841836057,0.349663511565429,0.317546083107509,0.395546065086599,0.0939000672653734,0.353368928578884,0.252869701588597,0.374421426799961,0.163787767070584,0.264619300364146,0.381734833801146,0.169699740566144,0.536824396149974,0.346839095021409,0.400243763371524,0.331225430764208,0.320442892257684,0.24271252583017,0.393579183243619,0.490162464811315,0.322121102098398,0.414020121598326,0.262207566504034,0.26120512915733,0.51709380878879
GSM2714762,Tumor,0.100616175633032,0.279407074321685,0.0802506826833479,0.165550327435265,0.158402816717044,0.152610593631397,0.292153268966174,0.101573054017864,0.220887543588645,0.228638917845359,0.187129020336038,0.202454163934483,0.0999943785337921,0.27629241568707,0.247939526120415,0.173680270654846,0.199299414079269,0.195268907457545,0.176829557959536,0.22787738776779,0.210032145525521,0.321557511749126,0.176427698438868,0.26164917683366,0.198349869311975,0.201126983055889,0.111441219123734,0.138064435158114,0.148240967562154,0.144572917385195,0.151159477001275,0.115643197246272,0.205842410537743,0.256594351373895,0.147954769663246,0.195497962398504,0.203800112353952,0.126382664680991,0.122896813293999,0.154331510990691,0.0970501459297035,0.205512026656655,0.0985441144462642,0.140607419675644,0.237414448322263,0.152419729422959,0.0951722441642193,0.243566721165006,0.176550579957236,0.151095193313477,0.136274656426982,0.129401057947182,0.265931518539976,0.210730889778607,0.190743547180291,0.158031208166708,0.174177628214786,0.188463622531698,0.130000736339706,0.204034999354126,0.195832619024381,0.0906138585757225,0.173969867878389,0.178392098019224,0.223343267784889,0.180726959828498,0.166387643992869,0.202856206878021,0.257792062685261,0.202955985514545,0.194306167421394,0.141052410517454,0.252413059110987,0.222124286688441,0.125858338497161,0.0951537656627347,0.0777114824780577,0.139209770520848,0.278643070999535,0.203445938784968,0.176321002056081,0.15292327012653,0.166986457460168,0.157818872807467,0.143100059859262,0.164231136654661,0.205615536210847,0.210680904347351,0.202390545794125,0.106611187856136,0.140011932214552,0.098212462157114,0.260253901499396,0.163897231705877,0.143391347471985,0.217685723986637,0.287937514685689,0.247889482173926,0.142426727908189,0.204648978530693,0.160918963343219,0.140085096710154,0.147753726885721,0.234131285668661,0.148038465272591,0.20205131710957,0.252580670042672,0.094502395050808,0.172185585646392,0.252892948131507
GSM2714764,Tumor,0.329033120672525,0.415261345121692,0.42358815243069,0.426159947055907,0.388590102381098,0.289498482635629,0.487258952992006,0.362376715220328,0.415016040633277,0.446239820423744,0.359202235886478,0.392068672219038,0.502025901453344,0.412732259360065,0.37145973797829,0.38692774409596,0.365947975082938,0.441787950761081,0.353044389977266,0.387286068370208,0.382490531977778,0.468075443275247,0.456157255908234,0.418647497002197,0.360075802204015,0.393094032720173,0.336349042019632,0.423240078131203,0.369459994804799,0.403112187368059,0.404866192713163,0.325957504251276,0.35871780737514,0.38168384874839,0.403280981781538,0.350564048891691,0.402206924876437,0.36553894399379,0.408670849252004,0.324335058043912,0.360844895260874,0.443353851261663,0.332726320752466,0.361727908409144,0.414378320311721,0.391237164016279,0.307102580856999,0.438554021839163,0.35685117708702,0.404657779794139,0.387522699759064,0.277029394706915,0.494676621645076,0.349378719201208,0.315211092459168,0.408471120006882,0.408986089823695,0.354263828188546,0.315122076829663,0.383755150498988,0.410340144999984,0.40805070129473,0.390587619321893,0.341622617905028,0.372349693154572,0.385221255166901,0.40181759493089,0.450742770299444,0.376817009797143,0.353486228195056,0.495400213240779,0.320002494071331,0.435027896715682,0.317463248497049,0.316265539319167,0.471995725092187,0.30977773044961,0.329637989789819,0.439530295450083,0.378667250474845,0.348756322359976,0.366153038106444,0.408610959033408,0.396491213931152,0.410153307799219,0.435704047651462,0.408373107573371,0.420702628013439,0.3846129197289,0.426622371321134,0.403745070852064,0.353965377994461,0.360380320593544,0.288938500331801,0.400639693829531,0.402213457468889,0.434950980306048,0.406268641152099,0.31393116243795,0.389551965886407,0.402918822484476,0.416261361288851,0.383236758444795,0.402416088488953,0.447309736275658,0.443395590332178,0.416470875187226,0.3016394431709,0.357976365564381,0.417059786168784
GSM2714787,Tumor,0.415258865890775,0.417307957453555,0.149947842098909,0.415445019233268,0.368267946267488,0.263153444486907,0.549393731527943,0.368790127585642,0.379599592689166,0.387507403680887,0.380563744852127,0.393625196510227,0.541284696350928,0.450589618432307,0.381428763092542,0.300821775798191,0.327245572557997,0.353402064500538,0.335733617350166,0.397964068772027,0.408080707002477,0.421722751967106,0.460711128059356,0.501818614385603,0.403363941352393,0.301133707849181,0.123745446776481,0.43723700253175,0.40767459082544,0.393599357976601,0.488832627644666,0.288438798663522,0.435202775998301,0.49065874248168,0.414992470662379,0.247110265913456,0.347248273887329,0.419630146857051,0.128355516231501,0.289048754138101,0.38803728640538,0.412380320852296,0.510447485863803,0.395402706833244,0.297565966403314,0.395923144266064,0.386660903463323,0.487102082892242,0.305665552010813,0.343630577703148,0.423319724843949,0.288788050857689,0.490780215638572,0.29408552795468,0.310527393162455,0.379040969599095,0.436860924847503,0.38645628912445,0.313281094645973,0.380224704577426,0.428238543888735,0.0895964898999299,0.4206396827228,0.393060023985354,0.402726625992901,0.353706972969019,0.418948401055377,0.453748931013958,0.387738026748189,0.291626314069957,0.438276733820627,0.384347480517486,0.425605641511771,0.385247187956009,0.365273559371927,0.467040247986615,0.375642793166112,0.305921433824716,0.338182552662814,0.302002455877447,0.36243849490419,0.406064658436036,0.414756651867324,0.394258594137656,0.360382567950317,0.46728722065039,0.444395246899956,0.422086622071517,0.411499520146606,0.436481244691388,0.435032323928693,0.33449489525665,0.260834471288679,0.429291021869413,0.455401069623613,0.376528562857473,0.414849841683207,0.483632780928016,0.348679789838608,0.376588697477983,0.441572871894466,0.454064056013811,0.363146066513033,0.412575092103792,0.426499962933163,0.442375535684511,0.429548480366971,0.268618727207824,0.317653224766921,0.395798173747458
GSM2714789,Tumor,0.227447871478031,0.310636219424567,0.282899015815202,0.322899059506631,0.35024037373158,0.216214215639585,0.301068185138474,0.216525484962005,0.290512059066575,0.27864100969243,0.22320767560016,0.247881999030051,0.386804748787341,0.314746157774303,0.281402856975146,0.276234842420695,0.245981669552314,0.353203131964547,0.263485423018127,0.225045184367408,0.268886005288766,0.294282544764716,0.336963413403375,0.409273312791383,0.286768883415887,0.274074610236539,0.195073122820751,0.221455223784455,0.222247286172907,0.145369946145351,0.348087029068349,0.183378910653147,0.293414480786317,0.290764363110088,0.287632236987874,0.239255903645079,0.347246011412038,0.249938576476325,0.224609845119824,0.23695379299486,0.213008124323243,0.27548382712665,0.296737743778857,0.209913670501368,0.219807798579218,0.301040731025732,0.198585336600984,0.321567981299822,0.279433233917074,0.272559642891707,0.255072352836469,0.21276611087768,0.298543361694355,0.277308377388881,0.244134305101249,0.203927362096601,0.323968687853657,0.300942129562529,0.227316353900226,0.308675505454407,0.155778235451362,0.22065924703103,0.327558414490455,0.26541737475379,0.31076511769853,0.259783487954831,0.280809508837637,0.305167478796494,0.314937180321661,0.341022104257801,0.164500512021169,0.282776468180051,0.305340978760326,0.273779464141268,0.206722358487814,0.269509203344729,0.223964809372055,0.215422366444446,0.356799637221841,0.254083694424925,0.293421440210406,0.262725669244423,0.229737562554435,0.215600011135042,0.176837627806645,0.237751736129814,0.282470278994946,0.262559558476596,0.256827528546756,0.302359944187928,0.261300288260197,0.184918849222874,0.311210251157588,0.299907124149231,0.201880657130598,0.259323037028004,0.329983044606626,0.317305451458406,0.228190442177008,0.262612963117252,0.25800697879569,0.304569419150068,0.328822860326262,0.311150011652486,0.334412638458009,0.304372317696328,0.320332001251099,0.166519821220122,0.211155731669371,0.32116696178538
GSM2714793,Tumor,0.284224270050531,0.167511604019218,0.395549389061308,0.312770006951109,0.151663752781035,0.235029146296149,0.470925057356909,0.10622802964485,0.275805892348129,0.369746259598421,0.35185715952776,0.296386112141036,0.0795811518789306,0.355894747895626,0.351393049224073,0.148870309151,0.106348594492779,0.285672998656256,0.278736717056359,0.392117208331806,0.161956493260984,0.43001272877004,0.366993416749323,0.342174962983873,0.306689904561875,0.231976029232523,0.146064040978107,0.165501102679183,0.347805044423029,0.0676550716920418,0.251164772809905,0.172967352842834,0.251496549053734,0.0751197117772172,0.208379489288906,0.159660995452417,0.174579492921724,0.228274820593888,0.111930638304974,0.111771640549917,0.273469633764826,0.0964349115046172,0.415318608283703,0.0788316345281571,0.0842175740183547,0.10216354749918,0.0713234046039123,0.367239871278545,0.150349467603966,0.0888730287060145,0.0680819038115273,0.164980521899906,0.114588405518877,0.210513420748234,0.247878286488941,0.162469319951399,0.322713918082957,0.20056321649453,0.142906434867079,0.183311251744348,0.183608780734771,0.0963889687444708,0.32741642482026,0.321217777994064,0.28423508297665,0.221987952281668,0.387546897257377,0.353929145738814,0.311087347539303,0.154122206234481,0.0652344142845843,0.269036872285695,0.237468928080247,0.345655815378179,0.279615619535776,0.115899732426821,0.130871229697891,0.256248251965979,0.320663871156796,0.103929425299253,0.319803185364596,0.312741695074017,0.256798375807892,0.137237592164106,0.213346229413302,0.172307250981011,0.430822830699115,0.352262447392416,0.192760649900377,0.288218933347165,0.171714854132619,0.13023844441268,0.179713387656847,0.247282569673211,0.152606597032473,0.32738176947391,0.111981281035841,0.406783676748159,0.0972044612948959,0.215551825837274,0.140203208876322,0.140735592765322,0.204096248463656,0.365885394585996,0.440125393853773,0.207612013395657,0.262564166697223,0.0666772409858843,0.257215552334125,0.348901558633742
GSM2714795,Tumor,0.41132888776633,0.408503878725449,0.366863521549567,0.390828962678113,0.272037464905152,0.281764938739719,0.412886646805304,0.382831321536772,0.330113692668294,0.340686831744504,0.341012270450254,0.380447175692538,0.449522513036578,0.420465071040502,0.379623576044139,0.253493928680459,0.342764726717978,0.413657506968291,0.324379602935877,0.319645217804077,0.351031391801683,0.38724137345808,0.418182577796661,0.404620696140453,0.410649757216278,0.352482230427488,0.218394714045925,0.313856880823299,0.334919559432711,0.389063026015103,0.380557996752428,0.203017009795139,0.330590875737735,0.366053895072883,0.397733003543409,0.294741824631733,0.355177349037756,0.303698147229488,0.324807750606983,0.384577673528078,0.374005434273465,0.350193411508948,0.0740346591420785,0.343146996101348,0.413077039580127,0.207006295134904,0.307153347051922,0.426663298363537,0.372817049447584,0.294586048567937,0.294183070692275,0.289565923955294,0.420393714301348,0.291116601713221,0.3183450033889,0.31634769739436,0.330427623881056,0.391774837398681,0.313703293857686,0.347960043100131,0.375106846006038,0.0938833742647117,0.421651163799923,0.325584437388184,0.384797747738841,0.302238725718379,0.361189046336677,0.415296099893477,0.368271773096333,0.320742525080151,0.432778951753743,0.251010822420986,0.367721830909838,0.35278191320488,0.300354327199376,0.384038867242429,0.256233505761592,0.323273920059052,0.379372857889207,0.315600720676422,0.36954214022062,0.373170994047142,0.30709886253505,0.147388022787239,0.203814969523762,0.312564483871543,0.433830884618865,0.382502631746665,0.354608825337792,0.40114172020274,0.385387969461264,0.2671174272741,0.348983890186931,0.297373248195165,0.326850654496378,0.428319194522636,0.410680425896373,0.300198464261714,0.253812699354558,0.352822958363885,0.220242700246851,0.391283243209875,0.373609084940103,0.394742219614283,0.35748392196843,0.39141245437248,0.398611420576484,0.236668781185293,0.329687161911216,0.394249469390341
GSM2714797,Tumor,0.48630067795023,0.560346171157094,0.453448568341619,0.569580603196023,0.502728953583066,0.452031464410156,0.615091264694643,0.514986988197012,0.499579035447554,0.596857437345794,0.472494357291367,0.548274608301868,0.68113496840873,0.537796162475019,0.524177281187532,0.234885819425006,0.57615962820524,0.448713042179265,0.474054485252869,0.459737858855243,0.525133665699626,0.556097906834008,0.628183606162449,0.57614036798873,0.53354476126922,0.496983326706653,0.551805382806553,0.527942989421204,0.490012124864686,0.573557622027815,0.588917834634564,0.477524611294992,0.509357365761508,0.501211242082217,0.51931762017366,0.525499642798557,0.517906741643398,0.518842895365145,0.500947763479249,0.511945456977695,0.547207209744918,0.543248516272795,0.558843786057834,0.491189184741086,0.510076713275295,0.453467365307111,0.498747115511484,0.556397388786498,0.475730206625289,0.546437986287719,0.515752183785973,0.48788654924247,0.610999695972482,0.472684696663696,0.5005132643509,0.484565543210734,0.518605283067451,0.475826081205616,0.497956569209327,0.507085395675842,0.514578466714921,0.538778507729923,0.504385961970101,0.480724008475592,0.500880619593561,0.512528273451646,0.509041965591822,0.605847505673946,0.531818302559473,0.48413046035394,0.55816589709073,0.548207805553322,0.591575440322519,0.506046384063864,0.517307377947009,0.622375569607207,0.482290771673211,0.46854110335454,0.561164710362292,0.510721727173767,0.560688345735107,0.465824635102961,0.504808253902068,0.513810050827611,0.544924680430559,0.574136789649875,0.542282033963048,0.551936007905222,0.501942604661669,0.542012910831415,0.576598256324228,0.48798460943719,0.503770265393938,0.529861738600175,0.555964488585438,0.545298350308863,0.548761911666639,0.529352865792968,0.463801126120817,0.476959696688445,0.559582877971289,0.533436492324812,0.482469175630785,0.492019133329829,0.549781335616352,0.553968130951777,0.579246360316505,0.378065270930021,0.515547378691151,0.540339009647595
GSM2714799,Tumor,0.0381128960446663,0.475415607408226,0.465546717978057,0.45450294449242,0.43081979111584,0.364985837373386,0.526579700207473,0.445372649452336,0.39948549860114,0.513410168147536,0.390841301965076,0.467000302989095,0.556178406647902,0.472182435459938,0.414595492638974,0.448957649394813,0.371319006322048,0.444586261325665,0.385116152753046,0.407751651014456,0.444578982062661,0.477898428523723,0.547157463300894,0.529818670290441,0.367877044009115,0.403802147683354,0.293457137218734,0.457907461954368,0.410933549557224,0.413526615313778,0.476042535428217,0.354153674122452,0.43592196252652,0.424962188880039,0.406048681111574,0.423769814976574,0.472567977689535,0.324046016620633,0.44196976728295,0.316323689673141,0.376758031131256,0.472000275983616,0.479395027958103,0.357637828874604,0.479656950524303,0.302842714374682,0.327262958487685,0.487296715086179,0.409501586979402,0.380036681578671,0.350418802623483,0.349670231732113,0.56923140941416,0.29579029213872,0.41127951140453,0.302080739967196,0.455517295190108,0.413470503591368,0.273249105572237,0.402790024820486,0.373281034376708,0.439789877642507,0.475010798875192,0.372313871084262,0.42761494698142,0.40262684972128,0.420156896179982,0.465038210362908,0.432155959705816,0.366839337782041,0.474795879769958,0.405149906572438,0.494938651631795,0.388963569757382,0.34969290161248,0.494556295124252,0.303303389756088,0.375538002395448,0.409372655036994,0.391315640298911,0.50427013247274,0.426942770946974,0.439793556861734,0.33844125442368,0.437195610765959,0.38302172987693,0.46397089587794,0.44886400851346,0.412260640948533,0.0930948467734272,0.437596271701043,0.361949568682945,0.428761495723337,0.42491191234009,0.435116479469677,0.486129723635432,0.481082880007256,0.500431337594498,0.435031787688312,0.407285917790038,0.400638677595726,0.405561005496018,0.456507563701426,0.469015505494872,0.427216864759404,0.472762602344389,0.418306811082962,0.324999287177205,0.386213226798886,0.48557882682964
GSM2714801,Tumor,0.0516793529755656,0.491029691785487,0.236527799398563,0.314186306228019,0.196589887449858,0.322938867246461,0.485526084601388,0.118112051433966,0.424179860087204,0.211487187938225,0.357682514759687,0.42796591724751,0.110589049416372,0.348688236553837,0.422284371380611,0.345843602659598,0.193252393645939,0.366838485333564,0.380802187312274,0.170537406197227,0.140171218337284,0.470645815856647,0.439683355133561,0.47839874806965,0.159178133459104,0.263740110500938,0.122004895332915,0.251891911340445,0.170396318207618,0.0990192427512733,0.12904028856889,0.163500667485168,0.260535440515043,0.260955236060501,0.133358749801244,0.156183975900637,0.228172355244134,0.192261620850927,0.141107207207437,0.183264384950267,0.123689153846282,0.378208140783929,0.141693643870494,0.245838771106173,0.129557723305009,0.275466034091935,0.0752153567892388,0.499857644844398,0.339110694094895,0.234873549908901,0.130390409431121,0.224947856896493,0.176061396131398,0.248221290667018,0.241766561061066,0.206356206381313,0.342597009290553,0.407574604035788,0.318619650771923,0.411863476160168,0.324647344717738,0.295558364366618,0.126299735550495,0.450366247672756,0.351011087678718,0.325095356522814,0.442509099275875,0.445142320492708,0.419524651025372,0.140713685832248,0.175489057375792,0.26823000432893,0.333567538556485,0.411385786295757,0.0674696482219714,0.163348185341784,0.385220936079884,0.291087366128945,0.430714045278899,0.437206257768642,0.454243918876124,0.389768694270547,0.417216652351738,0.110241828024719,0.334174739226865,0.216672769503255,0.24163212764822,0.282781193037569,0.281537729937626,0.0909342221988896,0.288806728862655,0.0776139115540069,0.437443670431846,0.258168638739333,0.203384948401017,0.45363823853092,0.258890949972652,0.353729018394502,0.0956940826140246,0.139112618036656,0.18153556448915,0.257879157847766,0.165941942322702,0.391418162562209,0.199579065058173,0.451575379657784,0.289333049088263,0.190793592175409,0.293382515214103,0.447663750069782
GSM2714803,Tumor,0.0688857496336873,0.439172096593807,0.337189401863258,0.301689805580369,0.181075146877299,0.425770810038148,0.588722404258743,0.340749322665884,0.418197210421727,0.539624064703694,0.471643537969712,0.531699085281274,0.371915206789082,0.457616454144366,0.437214044587898,0.48452261407727,0.53314106233808,0.362299511507851,0.390305803797152,0.282590194634483,0.40319818932503,0.531117988628057,0.588464630459545,0.582522140713387,0.400624551975732,0.345416884944816,0.247920237217636,0.205637390016335,0.24113383542747,0.102242297048936,0.236435905271821,0.174657001825398,0.307263128860108,0.574192014774181,0.322653006239484,0.278045393388218,0.343140581835295,0.228847191115697,0.247551603167223,0.136746337098135,0.333195100456429,0.148594040260343,0.289799714962097,0.199159787887044,0.131405105094333,0.258963563735019,0.129053889886771,0.535605815240549,0.528465316588159,0.391945301002819,0.165797283860137,0.367279600643567,0.423920501841114,0.350730127663351,0.285451592164737,0.294487836515982,0.398626295465966,0.459132752117117,0.345993136867456,0.503879378183193,0.446678215955306,0.210272561769751,0.174721483719048,0.502594016598334,0.451092199875633,0.376793769764535,0.504307113713272,0.560513976826221,0.474651333044289,0.183074644261884,0.429773231449851,0.276576730308747,0.401363930897935,0.504976527827254,0.265093058003814,0.186740996303315,0.529066657059648,0.396488598845375,0.558220819504507,0.265311177805038,0.465693711966551,0.366531507140548,0.442040751175944,0.442323802329159,0.481433232738517,0.519353072838324,0.401844376930813,0.367606139686606,0.445076414123337,0.240752308915383,0.241650855441432,0.154591994024656,0.304909681588979,0.27528772864182,0.243475127897573,0.529146836875678,0.259020042964642,0.511039584002658,0.37443161209329,0.336624949792674,0.360276421846069,0.3628686544428,0.293716935938681,0.577721761256717,0.380085369151051,0.460096977666631,0.40773362909124,0.300763931587884,0.411291497655388,0.493478818301124
GSM2714804,Tumor,0.323042992658313,0.479459588414223,0.469850028704891,0.461066009368496,0.41785806656015,0.268450152470521,0.557605257425824,0.4006134595596,0.417615701943829,0.432681073587092,0.365339337504676,0.388079761468298,0.565759651675974,0.470571378940729,0.327869328560478,0.428887719694772,0.325815088827444,0.440783508831268,0.367849644998432,0.414398167657965,0.393260842036299,0.483822663449849,0.407133671510338,0.452909236954084,0.319023166665349,0.336489396082617,0.492001155799231,0.422852965897271,0.350408234793714,0.38730732466365,0.470055826274367,0.348834395988588,0.428378964428872,0.327373699370347,0.477765381338909,0.3902847050743,0.368900874853732,0.352361709467718,0.392486872854405,0.319864070962224,0.414858880813157,0.456482662136597,0.454917714702029,0.394199082253697,0.421599633353412,0.426889674751094,0.33740791034122,0.503829342754169,0.354873867413869,0.393704112016727,0.446249367822287,0.323341655114371,0.443557088704335,0.320757098372769,0.324609302644769,0.45621328375197,0.433937072824745,0.396489531230664,0.353930685289116,0.363197991717207,0.406331376654361,0.379622861435515,0.400333807148549,0.400449319080051,0.432428111863107,0.420633808584744,0.370187440246238,0.421641787523617,0.391387259986118,0.373875262917304,0.417348919618721,0.309292714225448,0.462801479510425,0.407967675003633,0.331982771398035,0.535559990512092,0.327242233876352,0.323936399906951,0.422438606994863,0.372482315642812,0.35735413625171,0.42657239673085,0.40486833081088,0.448757963144068,0.344774691924537,0.413769277469074,0.457601572990207,0.406850912638029,0.389092195466808,0.351915697077018,0.388728592555658,0.342257808935295,0.415333424893022,0.368427743526049,0.396433902705137,0.420024658957573,0.443909679488812,0.318537203106639,0.269202448571228,0.354798854250383,0.443721021221368,0.413764878310537,0.386139382005039,0.432597385172776,0.475358855807595,0.428900298428164,0.472124374746015,0.285890003504376,0.30849032227177,0.432689105012239
GSM2714806,Tumor,0.651657752774329,0.618568898067412,0.632174567414147,0.622911992336766,0.548671493037583,0.487156118534236,0.711097255277531,0.50171564536036,0.684992445613548,0.677667401298355,0.529650566997024,0.62773249397406,0.73619221276594,0.584766759982297,0.605159728076113,0.617417730115564,0.668152513552173,0.515130515187703,0.596485003256025,0.542280039010852,0.627075476766859,0.642648216213134,0.646834401146388,0.725353180647731,0.596881489454915,0.594222692808626,0.577308655846194,0.545935528302552,0.571587109157734,0.346603753677825,0.704505769870928,0.57149396033015,0.596778968835368,0.638671691736088,0.562895957686087,0.481256538448742,0.641718264733517,0.300814484553328,0.328268840613974,0.108275721066764,0.439845837601772,0.508557045985315,0.649791071000039,0.610947620513016,0.552079450855835,0.517379505263605,0.353458880678065,0.65003825177673,0.645630436942846,0.538578069934576,0.563863059027826,0.585504091785748,0.701938987332502,0.550099582989205,0.587021648515976,0.59350170840477,0.630228025909556,0.598343489147254,0.548321146960876,0.619932886595001,0.431830709831867,0.333543947709653,0.616872608679075,0.627168248290564,0.580157376959386,0.610777641262644,0.604540963880774,0.659639124241194,0.638291916535163,0.572115614895306,0.704098459955218,0.666387174039109,0.624005951584828,0.578996860537722,0.598351597608672,0.538764027661252,0.412171258149469,0.586129485809888,0.612486990004618,0.64513187087314,0.636432188996895,0.586135871848819,0.615901476316135,0.432335121391331,0.628059700610694,0.671753774845613,0.63435118365977,0.62984662346386,0.566268692485686,0.441802913590072,0.663868629468859,0.593445652093632,0.580092300118087,0.621774497999762,0.320534551743371,0.651439594207412,0.628658450376115,0.608259377517239,0.568961534317193,0.594749620854772,0.680505091531315,0.606686609294116,0.59823819494299,0.559720979673156,0.49299411373083,0.634354887358864,0.615181096917957,0.487780325258661,0.573007127314945,0.727959191421889
GSM2714807,Tumor,0.400073891254649,0.540452789835085,0.518973482590906,0.640548188861865,0.633610459009354,0.563632265937758,0.69861417253307,0.461466687205392,0.560143084928051,0.612056590201751,0.534686893844086,0.657752816931475,0.534351745920576,0.546223044260959,0.64631131189228,0.591635303742479,0.613404673966554,0.568250916906406,0.499209534776721,0.529546618716096,0.580720308635006,0.635819598850781,0.615635224557206,0.673721074024125,0.49667976611066,0.467589383567744,0.425235344407479,0.562598734423546,0.373634642201326,0.18737391803823,0.334690130834027,0.435225984818637,0.463562568769209,0.471593682440982,0.455732677265839,0.530955569397372,0.482958193897341,0.294084382782794,0.535528691440875,0.106067873476675,0.436126999779358,0.527247207561301,0.539682810231562,0.622070565572644,0.590670315320022,0.36909588511479,0.358723148534241,0.551791841583914,0.594258206470436,0.414833032658808,0.482075493152367,0.595236561253209,0.651663852112252,0.432807893803301,0.561367775781742,0.327269459325283,0.457867794413667,0.574034503711103,0.508937049135695,0.571915864410718,0.442743006968323,0.442564647735195,0.440933690861038,0.61513781621193,0.546795972725942,0.456363831654314,0.56015508846039,0.62021568186376,0.545660312296937,0.464302655268392,0.638685422436052,0.533815648837329,0.654316422349346,0.608812071811278,0.344619817227244,0.314992562956125,0.605200871408731,0.566466110970919,0.707424365756617,0.574226919229326,0.401401089051961,0.550727709958518,0.488873261508977,0.369463662755524,0.504178869135561,0.336780419094147,0.294938918602186,0.307288579556912,0.467774197714748,0.611746260169505,0.600803423396909,0.474732477013257,0.526707643656502,0.588131050101627,0.342823517828021,0.684641042450972,0.44916167472011,0.521199072892757,0.605688558671905,0.546090401916714,0.405536485283918,0.600953012792271,0.483507344758005,0.587519844822998,0.575585318030057,0.499402873400057,0.55295155668876,0.536162902718841,0.498977370854973,0.650770690741545
GSM2714810,Tumor,0.599331587400874,0.583580346117732,0.167701544269724,0.35706022646798,0.605463057935966,0.557783832262134,0.695638827007266,0.332987727009812,0.614594884338903,0.611865919056115,0.554376233159714,0.627833161918383,0.520553804963925,0.633262178356694,0.620980761383845,0.570729406452074,0.573390155836813,0.594613363827341,0.586425880829601,0.554241962213852,0.625378763954846,0.63503354911427,0.560685756793815,0.682205198804026,0.571208597622391,0.601256119661738,0.259282825721926,0.591444322428498,0.415045573879823,0.290146491950657,0.5667553881513,0.416450809247709,0.589001331669416,0.557122186925162,0.495132662231413,0.473197646415591,0.510415276945262,0.448253898819107,0.460134156846785,0.52171956666765,0.453472557725787,0.465998350988077,0.355570542871554,0.620401438328322,0.461470268874364,0.447525220508307,0.509278900553076,0.622308456595081,0.591075054456561,0.457915225100272,0.53308390768102,0.507555847711793,0.586245549394623,0.526222086486498,0.585331477104311,0.505344937253823,0.61339738187576,0.614202413023192,0.60870012848525,0.588090261440427,0.509936916812893,0.339013337973062,0.574131565964706,0.53436403634693,0.541426951978836,0.432816243022488,0.605011477657082,0.580949889429467,0.569988179088494,0.39557315538867,0.666062704090639,0.485282057854902,0.660296750059432,0.594173054045629,0.556784570898393,0.664132027166212,0.563961742171532,0.553318497533877,0.67722704285565,0.61586509110353,0.531797421354336,0.580090462521757,0.598575184980712,0.57395700398254,0.519835945057196,0.52016149608854,0.61807894044977,0.584502851656686,0.409022863745396,0.59928224474875,0.652905964598885,0.411645255577604,0.624968681482171,0.370863525749907,0.46607582671662,0.626332144460742,0.511393331371226,0.616332523218623,0.592542729271926,0.481018638273414,0.463274664269548,0.516641595717567,0.626043445283094,0.596998860399099,0.504083483048426,0.568254079609037,0.54043193923359,0.472833806401625,0.560204390138064,0.645339774470349
GSM2714811,Tumor,0.0477785232777439,0.361327395817256,0.145364358564636,0.279855801657454,0.189993092694938,0.19873406001389,0.450692946404566,0.103860144104743,0.276209736623532,0.280685739480512,0.30592279278546,0.234843092170635,0.0995876768325889,0.378032378508085,0.387640628866111,0.318387053711988,0.330224434889924,0.311708094248626,0.331069318912762,0.332033909874916,0.184081205025586,0.362684014376642,0.334445381340005,0.446458847353192,0.105971524214608,0.237131741615223,0.142958408721434,0.0964912731656888,0.103418664305384,0.0930272321420044,0.136116437968157,0.232481436416366,0.350037715603484,0.102857220592179,0.245959970040706,0.20445033708769,0.176918956619456,0.201549250590181,0.107531083897827,0.103702701938425,0.120711478377409,0.106183019853397,0.0993987644558236,0.0951655911031167,0.257390127260944,0.299110306623742,0.0699545078812069,0.495177034472482,0.334134892205395,0.179820214825722,0.127572221405948,0.330766158111732,0.172532524323516,0.212600280185824,0.118706419885759,0.154224438434071,0.362193031409863,0.298578818804261,0.323969494893813,0.273006860884681,0.210652922188746,0.0968512079103067,0.345748946398352,0.373619496462744,0.256673540716908,0.216868501938636,0.366986272498871,0.341475012218859,0.313260628848937,0.273973534023949,0.0613196896136647,0.160484960023651,0.364870248417254,0.346218805876084,0.293131871244937,0.245851076265285,0.271522363077425,0.216489309800367,0.299193226244749,0.0815110495336542,0.350269391487628,0.251687101795216,0.24559444607738,0.13198917107865,0.34920721709535,0.215853515267556,0.204695201361581,0.174810739598369,0.281784063013249,0.322256859765451,0.226445604706195,0.131725664528969,0.237612480185202,0.268536615926528,0.235940618725382,0.339438923945312,0.129869242739716,0.37259765732277,0.215692510018319,0.139915663953077,0.168019140326165,0.261928833291607,0.232043430582463,0.248068747763559,0.352870393306953,0.197993339081104,0.245174934531881,0.170425078799632,0.23322582588063,0.246894370850852
GSM2714815,Tumor,0.0683037460220944,0.318147752399509,0.239082912680258,0.223010651532766,0.20259237289981,0.28086881549886,0.1653689202987,0.106069058249733,0.305534658135864,0.291416067335632,0.228184429858715,0.478804444563999,0.110943587894119,0.466013335842438,0.358488910702786,0.156230552522242,0.345663215365565,0.236929650056659,0.327960533457885,0.215945426641073,0.175639759967718,0.53657853342123,0.625773528052281,0.372933017709768,0.10825670495107,0.335504743101503,0.114337761579956,0.137312163909936,0.216699340045847,0.0914634055412085,0.193727746553596,0.10653513516181,0.130915173435529,0.120267663699397,0.177186548905663,0.351419614258428,0.18475413580261,0.191547874829937,0.100650002302461,0.377387016337099,0.191389218690216,0.202707205877669,0.172971765468011,0.14798616584274,0.111460422670293,0.141228595036124,0.0856455873361685,0.492490938868195,0.237602207726851,0.263943199379589,0.0639197065520529,0.0974398239988949,0.177068760470251,0.221055981655397,0.272194898780947,0.194209005757948,0.333958885343199,0.364623535746201,0.243260785020453,0.400542800611357,0.325715495549732,0.11535892850599,0.391290281361492,0.471997281294876,0.360262509315736,0.297711637955105,0.474024156830489,0.284716957581546,0.363960109749353,0.147358792389285,0.106842787092012,0.0928217911603144,0.277437569405986,0.435601219190667,0.195797247706814,0.131225464361617,0.329177670823928,0.129482685358033,0.328687533882661,0.364972090930623,0.443731408871884,0.173564763950303,0.28932557215603,0.106310762366963,0.377905610073999,0.322672086341398,0.224609469586876,0.281331852259266,0.229398451113543,0.415512392302789,0.300422203480221,0.108701854490161,0.328336506050764,0.17637333516063,0.137317015795482,0.492268141203934,0.273053488842129,0.465991537255187,0.218153247990133,0.186075541456799,0.156236705810104,0.130377108394459,0.167398881786781,0.458930931305196,0.202759989865524,0.150559818125215,0.192909777375925,0.0729712700091699,0.227623838409797,0.440141851139251
GSM2714816,Tumor,0.446309448771752,0.552474256332822,0.275654841982903,0.545319529505688,0.332862639597258,0.466970113322824,0.592366771405651,0.192159984800216,0.453724169106849,0.613518541059177,0.522608389652157,0.541501576783066,0.576754460024253,0.548563532017975,0.425430808143845,0.632282451279538,0.454545181452157,0.426700546856453,0.562597786976447,0.263646344611038,0.443998593065233,0.636114160483112,0.650803543437416,0.632398935582321,0.60077113251544,0.365519290682269,0.161250967858114,0.280529060032918,0.107067098808645,0.11165217103938,0.539660162558937,0.293081896697599,0.2823798144044,0.41075757131676,0.443720401325817,0.554172031399646,0.446563332939357,0.40509912433513,0.331555573036962,0.49229652064631,0.619127089130145,0.235401265843244,0.158841211179072,0.459867261195523,0.452172129955831,0.242089493413081,0.145764423829724,0.600589007612698,0.539852021481169,0.485056722998296,0.231947454804119,0.178578811211793,0.241154280177234,0.440441146976207,0.512396268497705,0.280344489784874,0.461906723296849,0.528894334556194,0.421005862200229,0.588299515884373,0.432979482701067,0.111099597420508,0.248258127969995,0.577822006763452,0.50213770927423,0.424379556949884,0.623394442574418,0.544768594979382,0.500369073128797,0.155915760932204,0.155924269124711,0.312980183570753,0.556684499449546,0.538582138118959,0.431443850607178,0.274816935898162,0.614042435806398,0.513457349187296,0.656064974973568,0.505177184797519,0.13902575971012,0.527205665095073,0.641703882672387,0.334032332712212,0.592583281749247,0.53613743623936,0.450546318268216,0.568533537878039,0.433445070548989,0.445331804613045,0.454617909461816,0.305782466622014,0.513078594219296,0.342796049281071,0.308846258432704,0.613284063380512,0.532547469667337,0.496232645032268,0.610556218412582,0.541164771832057,0.377721463838131,0.533253728148876,0.45206248724172,0.441977418734654,0.573059270542566,0.52651120030752,0.462825276715067,0.303167318493881,0.403225481183872,0.59852231941141
GSM2714819,Tumor,0.473216930082624,0.303552150540599,0.391464139240702,0.460386927872673,0.162019436256349,0.364933029729226,0.619454546694196,0.300650584735016,0.358689461779316,0.45129958274643,0.447173881093647,0.483875705193138,0.166840597092824,0.473970168514723,0.478475632420415,0.122688965493755,0.261997985214068,0.275430394793503,0.376960667530399,0.316370486875115,0.343984586910712,0.395481412310692,0.484454398875553,0.548534502920072,0.117126605640075,0.148824691038979,0.201744964010157,0.382598584716675,0.473473742036154,0.214730087753754,0.260859926403664,0.197358817365576,0.235824214848935,0.106436048157992,0.230403569718035,0.300200039659308,0.261353246232966,0.184790889909185,0.111154333114339,0.240675990518304,0.136669359065381,0.185145315443557,0.183100851278336,0.164657819599474,0.123704626721662,0.205204886567704,0.0841799829740699,0.470403756623711,0.172792196758865,0.288339354531576,0.116152377251305,0.265360955400899,0.301135104788422,0.252469605004264,0.438300207358442,0.193186707157814,0.357225866654038,0.480744776183164,0.163695569782975,0.37705596800329,0.214338051876815,0.1297263716357,0.480457160946778,0.415103905087809,0.510841101279135,0.301690343204911,0.542184895359007,0.327811326844821,0.388796738874257,0.261007658011509,0.334882636129694,0.173976042412433,0.509869569296106,0.415126792637629,0.14551762451827,0.100394710356479,0.421080168287412,0.412832949298188,0.309885439522412,0.483950369966,0.454844485226772,0.453165235753902,0.324044448395016,0.398398577940482,0.366190274946063,0.287235118093822,0.322242196004094,0.325778873903656,0.195879707919879,0.44970786323448,0.369486099391586,0.125439960818983,0.44685972588377,0.353792087487953,0.21598572753823,0.326971556373803,0.322265526018769,0.474221847776461,0.406799411405044,0.309178825625323,0.162203491450024,0.339755588543453,0.343152832320857,0.302698024264126,0.293131297633075,0.378500954850935,0.323173497389721,0.187565321377989,0.23077250200037,0.54381596670803
GSM2714821,Tumor,0.0446209691951625,0.333563220802535,0.168849181885917,0.240583286640691,0.238750294098479,0.241753414831748,0.246509366190527,0.206459915402979,0.315037881131212,0.136084829171019,0.29068883933309,0.391839725099655,0.130898348630789,0.393908869701485,0.442764664685372,0.171597572298987,0.297375686492881,0.356604955566607,0.27915019655077,0.297024698331861,0.221832265836471,0.541201332718116,0.451923984470325,0.331722946403665,0.119519410214706,0.426341864867712,0.223535671334195,0.132421518524549,0.136430247179992,0.193095946147194,0.405101217432684,0.240291541382546,0.279560387318146,0.134384135783314,0.231873948888362,0.24180395931936,0.31111517656737,0.162642804825534,0.258958579509789,0.121810474348145,0.41722628329799,0.284863731775967,0.150210645762646,0.201874575251219,0.294617088259025,0.291077251460475,0.238761439719909,0.26809718254913,0.422118171006416,0.331144392520829,0.14364568727582,0.133161033287756,0.272009251414502,0.27635390784062,0.187606110648121,0.226132061739582,0.343050968391416,0.389484172347019,0.276377491240371,0.411734926907432,0.333085107087098,0.124353797936526,0.115821251025782,0.344272886917473,0.381690182792896,0.340339557654756,0.498298822105738,0.308996367688571,0.382308853757526,0.264947341701245,0.185507140519396,0.199721482539548,0.302668442275391,0.314864758727374,0.319298799601357,0.138606117980254,0.0794394954096342,0.229655568672752,0.324050434677548,0.275234608102727,0.140302324995919,0.400339984723258,0.359814475274875,0.316907979542198,0.436006098301927,0.176069638881178,0.193186873151842,0.245003698779665,0.260956072503995,0.109515997526697,0.265652608943534,0.213220349039248,0.428923435017097,0.195458010496813,0.250219994341728,0.448096709042888,0.366263718231402,0.251065434615955,0.0931753727335464,0.152221178046239,0.278594975170242,0.401005276416553,0.165379097572653,0.314853759494781,0.351773685849457,0.298977010709636,0.275771072296795,0.263070003561646,0.291907087974286,0.392616288666877
GSM2714822,Tumor,0.237297757403086,0.371865916635952,0.278393267665483,0.17788750515974,0.265867778083772,0.213883492217772,0.235602602180836,0.124699273350266,0.276344100061324,0.230663514458929,0.280582378495206,0.242429498205677,0.362973997909841,0.318070345417357,0.311764622300999,0.33361935397702,0.291742394132518,0.259768208618104,0.255377937511718,0.164457745489591,0.151818292088133,0.415255532353379,0.325358920517856,0.390842483732186,0.245794177007553,0.339688741287366,0.164272940080347,0.127832865537616,0.175513310879632,0.0933615867067699,0.234572828737155,0.178451106288155,0.271023412570018,0.0977349359128402,0.212092555532033,0.22369431941272,0.258130190441386,0.200542373824755,0.124518057376911,0.27933460160889,0.27585134333164,0.25750124300991,0.103985454067141,0.142508417687243,0.140887940853327,0.280775043782062,0.142840388587111,0.392618384112438,0.303278162329774,0.226079506575052,0.12942639953788,0.151621817769909,0.336245575633386,0.239599037160989,0.213924606596394,0.244478808851751,0.223334983072769,0.306576431365796,0.217624148032077,0.311120848977168,0.272223637140835,0.112991537861375,0.312585355779298,0.297292411079174,0.313990006463771,0.281898009596171,0.307377720253326,0.30996238394174,0.331932367579771,0.190401900149733,0.285288199876017,0.205290342426265,0.350044357521424,0.299145234061744,0.122683410485608,0.138522142433362,0.0782020841957717,0.216643989567227,0.357017142246941,0.317687782089392,0.191868298848399,0.339648578931728,0.214518838660284,0.279251352956487,0.249176398918153,0.241691145455902,0.194137105253585,0.214798681070754,0.21421223448647,0.108856408037037,0.145391345963284,0.150193346624701,0.295595010241663,0.26881336508826,0.11505260342813,0.333632437360311,0.270369508787597,0.311962131933613,0.246575847383643,0.241746880969036,0.287916580893414,0.253925707303577,0.258314655643521,0.251401587019567,0.344374021300092,0.354532535270275,0.364299852987121,0.154183000032275,0.223861479542902,0.386338057445516
GSM2714825,Tumor,0.472802230745012,0.489711426817441,0.47451579168292,0.529891502076462,0.443310706001065,0.412928434433663,0.543143145885666,0.386749958595563,0.442043723178724,0.454544447680649,0.415329001095314,0.444461553595558,0.545841374010543,0.476168850503307,0.478881946870602,0.455709844855693,0.491739084086045,0.514222813900683,0.444432818243081,0.452039564594359,0.475379070855298,0.476172272813002,0.525990040248109,0.514358772564837,0.506486045622249,0.504271468899931,0.347969705315485,0.434477369771185,0.430482781560319,0.301196969366906,0.571331415892091,0.350194191763004,0.378954715967406,0.504783775973201,0.450434459379905,0.4343321155972,0.481211616512901,0.42502740021762,0.281346317516717,0.457395426514328,0.379418262555572,0.464686651351885,0.456657145238235,0.389721737541908,0.464633562721332,0.364794770518614,0.388776290974737,0.508323945267314,0.48155762188216,0.436822015341887,0.450104399914691,0.164357016066384,0.504637339384654,0.493421313872512,0.418453107767138,0.41655686886518,0.481297596752153,0.45701620864284,0.395568130810071,0.463247773920926,0.361145771160387,0.381271003819909,0.402839522426694,0.449848667382016,0.448666051292192,0.421285915025359,0.479080071761856,0.482067116317675,0.470904909496411,0.483484380965978,0.454043786016737,0.519284768261833,0.509110476116682,0.490911615678044,0.407918262644765,0.503002862257826,0.485018925741984,0.437234767205151,0.478745192123514,0.42598434626263,0.517962151421232,0.435980607407535,0.452584148422667,0.460234930603388,0.412805494117354,0.41955455850879,0.468254406126025,0.483848302271339,0.465159728644815,0.496399901018448,0.454822170289069,0.37073309984009,0.47862656126134,0.45202129345504,0.467529576915836,0.467890592250737,0.454113412449305,0.427942999364903,0.46071523594422,0.438149455869799,0.476763021084794,0.505456036659623,0.492236645328435,0.515231371943616,0.452842462601304,0.490785299630263,0.453004046057269,0.326771663237078,0.407836218456375,0.496717064477429
GSM2714826,Tumor,0.24291658815653,0.288373133462199,0.13715217576753,0.249094531465826,0.189116732787141,0.195231995562463,0.41959820025269,0.244437800907349,0.179257907164684,0.323668486240396,0.316044186667368,0.282198719737906,0.331892621913418,0.331505336154237,0.27502464634985,0.258495526451848,0.285988128819989,0.284578139541112,0.256938758425183,0.250848154475068,0.215854502405621,0.348908105496784,0.310332984989989,0.321143404940541,0.246448195916063,0.352192240927228,0.151232156383666,0.200233664828253,0.228670131348833,0.102610463232141,0.357152008264819,0.140295731613414,0.318090421266016,0.185766302168394,0.256015995343908,0.238142429818499,0.261701973778578,0.205738073665538,0.21325097105671,0.235940110801786,0.272671504275636,0.273645224583263,0.121075947083696,0.223098223660671,0.203704152452291,0.245869845191276,0.180101177887187,0.335990615417752,0.193947634352004,0.229761499838172,0.131390856044111,0.204977204611453,0.370891793608264,0.184112953349161,0.21072905452244,0.164213611152708,0.353595972632589,0.304006660591332,0.162949654529675,0.334690282165264,0.291304045340165,0.260944590519369,0.150454634535172,0.290619050178782,0.289098447232716,0.229184030744917,0.321033046375234,0.192535225439192,0.336444892406138,0.310806062070796,0.306831398483139,0.243566910090776,0.34095910035253,0.295743520002606,0.147803697776701,0.191650332820859,0.31933900559403,0.192793593852229,0.292784543410857,0.267256467159261,0.351608755915058,0.283969108684363,0.279856492266791,0.319422765575265,0.222893330083637,0.192097076828319,0.303789657550444,0.300045695349438,0.188284949422265,0.360505618812218,0.205218888694963,0.188321519746285,0.203484394211085,0.263302817374755,0.270974294599965,0.345063199447472,0.363338637718742,0.325477579722692,0.0900103700318395,0.25320980532503,0.191779671234716,0.356144479725494,0.206424949136512,0.282472832946178,0.194968131511575,0.324736866779834,0.36512548007885,0.169950939651602,0.197668058210233,0.326902662701079
GSM2714829,Tumor,0.408993273379973,0.240026702703441,0.375379753562967,0.419055819545535,0.209955378928443,0.217543593514837,0.248862309353519,0.126809288863479,0.248682990443924,0.334425551048184,0.301508195975926,0.271916221116238,0.364154330664327,0.315818566630554,0.115998329469852,0.304027457390913,0.247720058145571,0.30471201297029,0.338213374759024,0.33603751738482,0.31011670276549,0.349668669313598,0.377100802760202,0.295016631920418,0.396803936928564,0.229901284203657,0.122795475770078,0.199498536412096,0.159221309073126,0.165057444590814,0.179551315251424,0.182882659684701,0.1477936394305,0.0943964662048051,0.160154213187598,0.232240911780802,0.270350273233921,0.139341400991692,0.189289972645819,0.29594519130376,0.130003165940578,0.334470607768543,0.117686880232261,0.284078386692075,0.137764748332363,0.200790619732347,0.258067041240665,0.332023253558632,0.281908274866245,0.17450384961608,0.281018043452977,0.179870430939128,0.146661613768926,0.29072666963242,0.297790914195426,0.224100480035132,0.444447723185504,0.350303738883573,0.202731423636647,0.382126654142699,0.26191443155982,0.128068698099058,0.437136124242113,0.381442495408405,0.338986922059746,0.270183069255317,0.161598909341685,0.279019907179431,0.297791675089713,0.294908805590812,0.117982607477473,0.305578755970521,0.250229934548769,0.384304681986663,0.174700381046293,0.188970621004811,0.285922144003567,0.3512095326047,0.340056477437612,0.202203543045874,0.288507681151551,0.383060984785063,0.187097783364905,0.173662949194465,0.270805084458749,0.279286224422171,0.157316219618861,0.26803282233938,0.28696585489657,0.356414384682721,0.202210222197291,0.161250877538555,0.213086735896464,0.305350971981969,0.294509776767906,0.45523453678978,0.409830133951151,0.249676251830014,0.174570462900639,0.337571459447133,0.217467188299779,0.13498400096808,0.149105756575913,0.271961056643904,0.313858191209711,0.348042942386477,0.271036283891549,0.282790029209302,0.366047092402739,0.273070967600484
GSM2714830,Tumor,0.225670434827871,0.438910094406892,0.147776962489993,0.446169514415961,0.335946943229131,0.369493747806167,0.485388003615372,0.156998979555493,0.360569406800075,0.44564001253576,0.328780013328372,0.426281982171724,0.497088485781712,0.443144378831965,0.329161780950107,0.376863257771786,0.35148794420029,0.400647928667547,0.351715330393445,0.34870204173196,0.3913424707341,0.466278705853852,0.490587184142526,0.481234721200323,0.258989039720536,0.391221530095014,0.269033764644498,0.297825545881851,0.313938269483237,0.313396558368263,0.448643671043422,0.305082529237993,0.302586861121467,0.180287339858532,0.397362414015603,0.408906640722713,0.377421756222866,0.42238249672633,0.175046780224528,0.349946352591069,0.308362288894027,0.379018068369191,0.313062557093521,0.257218131022163,0.300138919173058,0.167901355994672,0.142900649013382,0.452100255154569,0.382569774710705,0.306766913652647,0.415101863337047,0.278338776945964,0.443436292106073,0.372243606652841,0.344176642373209,0.242025384646763,0.385005456076242,0.456688306637716,0.298400904522166,0.419195900366438,0.426577884333111,0.247079737907822,0.387856682977934,0.393288423150652,0.419200943055701,0.405818289342047,0.434544006472041,0.430544757240017,0.438976025946542,0.328968439669608,0.341207736831748,0.347436080191921,0.448465594789882,0.458737741314615,0.305364202307379,0.297176332001504,0.371818662372621,0.294078426308403,0.419742781951993,0.34006820420048,0.377683629466881,0.414351429274342,0.344813688399064,0.400119286249672,0.356729047792173,0.419908904524439,0.403189668371543,0.276531989966097,0.414693695781285,0.295953356132398,0.337698380133357,0.230882798074714,0.452200506052935,0.31952191024071,0.347706516966892,0.381251027416665,0.388649763226506,0.426744638434292,0.342081320063877,0.39936465356529,0.343423875071565,0.418906039018715,0.363138073388191,0.396061741385988,0.418482925489814,0.44142769615904,0.463054669856051,0.240419961257319,0.298836749746878,0.438470501930775
GSM2714833,Tumor,0.373807785612919,0.4711940972994,0.392101524195848,0.430791784982421,0.42258196999779,0.357546529264789,0.5183813627849,0.344086228822128,0.381278157711711,0.400554373751766,0.397877463632439,0.423096454998144,0.558688058500515,0.445087811177793,0.407558269612549,0.405087126367951,0.375363467501097,0.477329954163237,0.395869235314225,0.363000975917702,0.416684266212411,0.496340734819469,0.445680407347937,0.541950509098536,0.404502721852932,0.392227665142557,0.422158143865533,0.383432356209182,0.370390739575233,0.360478774057992,0.54012657775686,0.354708948318238,0.433179326991541,0.496891381049721,0.390830770937559,0.310900531676867,0.435329340933522,0.422351652769465,0.323009062965162,0.370018394450827,0.367747450200392,0.450212800230856,0.351033092418854,0.307941728545034,0.423286998864117,0.411829056466453,0.392671136273184,0.459202694514471,0.369931756277558,0.380205600954115,0.430734059789986,0.196641974811866,0.476549118864913,0.389324740896414,0.369138634888891,0.427585738026987,0.436792045473597,0.423099566203518,0.381158202241131,0.420053917517219,0.434446033703355,0.377321181158504,0.442708345801742,0.391595734329423,0.4060199424405,0.38011494535917,0.416875702162228,0.370587697931787,0.438432887994836,0.437298935132693,0.374601915962181,0.422624659160998,0.44956998509137,0.374909967379182,0.38256119368501,0.453349694598139,0.422641736133548,0.36399509347179,0.475453290749528,0.445332072676177,0.436587757888251,0.413996820387845,0.331804391102363,0.448637296052585,0.307001182360703,0.461676768335821,0.41869392159797,0.451207688652608,0.386743496586109,0.435129704108577,0.416744484873629,0.352899695438803,0.432845292612339,0.366272665450311,0.395938874340974,0.417175896128154,0.486309883503489,0.460436737709889,0.362090732816828,0.417420835570153,0.379508099813747,0.448504063752771,0.428342790814265,0.446309461568731,0.468536706238625,0.438784877068829,0.457436544555475,0.323809676139953,0.352030010577661,0.460522795515285
GSM2714834,Tumor,0.121334872962387,0.41399814439629,0.184221889321683,0.245589301296998,0.227809744841118,0.254537910945796,0.449706390953817,0.119963571700364,0.312208675009448,0.25548919870143,0.288986829345962,0.279510074261549,0.408533876290339,0.364916773642474,0.346006089403864,0.276830775705979,0.241485305047557,0.33332616343543,0.318017019537545,0.266211243639194,0.325612355545476,0.337677160289153,0.287240928336331,0.378967975457142,0.347066017544937,0.246208789587242,0.236528518478873,0.273982556797311,0.212568086710327,0.261087751897025,0.360967654922616,0.286041449789099,0.322286585449259,0.414690048762767,0.249006733773297,0.291320840064438,0.282335389906098,0.271046789032328,0.205734193052764,0.182083912032063,0.10605765788569,0.27084497127734,0.192774756559933,0.170026522218977,0.350751980332086,0.280724507409607,0.266349807193634,0.420692808014632,0.340319725474479,0.240234564946697,0.231281903362286,0.199385697199187,0.329362269069522,0.246786015659193,0.258694077169468,0.22914039811869,0.323025755375062,0.339097042167798,0.219682880641672,0.302731479279223,0.314788466398562,0.22209089460615,0.315308257721061,0.342378578950036,0.322372501029211,0.266437829282169,0.320040021740915,0.392750815390822,0.352851342825954,0.23203462915751,0.180077123585854,0.290906357662956,0.365704730778465,0.309190114472457,0.206340546854347,0.239586072682647,0.269059057169625,0.220481730928111,0.305885601780179,0.224903417205044,0.141377983102519,0.310088178636073,0.21934159008649,0.305131771070878,0.171341506548127,0.312663356153843,0.297698406993888,0.282850464945408,0.256527604869466,0.235995422428093,0.31917485348938,0.122461814953132,0.292429945641171,0.15926083398147,0.177897581335517,0.351359477008072,0.327330222076184,0.36313608354026,0.159849411206148,0.31622971636666,0.315786950477488,0.335081559625867,0.293047077153576,0.335992987213763,0.305653393461508,0.299564804649782,0.399019197531148,0.208895485757321,0.22432422388538,0.371548160555784
GSM2714837,Tumor,0.610050406519922,0.567730216531886,0.494087838276951,0.590894193909505,0.544690648475048,0.402482693454231,0.56692634711021,0.441797434958959,0.505188106610835,0.59481298598459,0.511614567164056,0.56678892497798,0.592048063681091,0.537299878329218,0.395367580066199,0.582360372923595,0.534061681303406,0.585334803596602,0.480075763747048,0.522058924271899,0.571250864208354,0.568289293508228,0.666112119442183,0.534985301635614,0.544871529236051,0.616676613150684,0.296926307569576,0.588661461987237,0.437993033067874,0.456978230875911,0.616253858997208,0.421191305443825,0.457420555618026,0.435647720757766,0.448757584781774,0.480944631702768,0.534814863353012,0.445062977910609,0.307729328321555,0.551045386805319,0.476410118423555,0.577017531496985,0.478023308353561,0.5462418231163,0.573757378827528,0.288129937548158,0.434580316457773,0.609844702327288,0.586297881649578,0.459210895154035,0.435058304290136,0.366157945537705,0.552272881255195,0.485381360072422,0.524722507638957,0.423967628960157,0.577701866572652,0.512333942853867,0.425170369676666,0.544571605294352,0.519053849825196,0.520290951495981,0.536494109740532,0.54215885204494,0.535472691683568,0.427182733296472,0.545351740901624,0.594234890869266,0.48623688165904,0.465128270211201,0.557150800446328,0.445127202343851,0.606102546086694,0.481391336870161,0.479451675685627,0.64012209215949,0.555306403927801,0.501165504809088,0.591046234625962,0.494370932169981,0.585873495915338,0.522242320761786,0.623814065784762,0.491962126689693,0.563866442373427,0.525551861070591,0.435051614887106,0.508128032974002,0.513820501676029,0.603532000985496,0.593419906746324,0.534508582230535,0.506618605215853,0.514083250201783,0.52715330677326,0.554318540407329,0.564395521326816,0.515637800618276,0.530612025929352,0.5453175039474,0.579501968583919,0.477192995822777,0.478703086740058,0.580808019202711,0.558479941014908,0.56232367314991,0.517541033912595,0.394264034834771,0.5554440122368,0.550337316961239
GSM2714838,Tumor,0.051470841638362,0.381141348113755,0.138543138051566,0.355528529546279,0.350970361311304,0.338476293867817,0.508798789545926,0.149042494243096,0.333991765199775,0.418112292333665,0.308588228530844,0.437303743190917,0.28388993240494,0.409280002076252,0.444050941100896,0.371054973089814,0.353548017647925,0.328604504861968,0.390585439950977,0.444802461188627,0.398084785414741,0.406957513730842,0.400474902430458,0.483466102758877,0.395149240504453,0.408301635310873,0.29277537540524,0.281722160305193,0.20642027469404,0.23887314986254,0.142780295970942,0.207506966043466,0.263646019018337,0.109649073760284,0.1541881889078,0.241074481374109,0.333185743496082,0.255748240356343,0.21767790809042,0.39163312954964,0.116127421000996,0.372210596163612,0.460232049231991,0.119434323450255,0.322298259336145,0.129499425139132,0.427216053137905,0.503317054336383,0.462339218455333,0.334378009995132,0.108190105801353,0.206147156723959,0.453856897097355,0.309925237186462,0.379455671054579,0.17140397090938,0.335708409914043,0.422440700144997,0.280780024874918,0.408973407873258,0.313053565047304,0.109625133738006,0.330984661427182,0.417897977372735,0.420208279655265,0.302110894280069,0.408148179377351,0.416440420358503,0.375129058670446,0.206416075830711,0.372028231738398,0.358488207198348,0.460241608924932,0.376127220863097,0.342900584876614,0.0660917959535963,0.118595059888906,0.346149435605904,0.472314985812769,0.283887245347795,0.330306740762396,0.399940132533719,0.375590013599003,0.113485988813064,0.27737612570513,0.314273097256667,0.17151763356469,0.275382860032241,0.299888780120376,0.204498292588466,0.326765057681565,0.323688177995127,0.338498783148988,0.294361618447846,0.28937583695185,0.448907597751014,0.140558488345713,0.360672749424667,0.401775600463787,0.372269993854416,0.341170876836352,0.298021867673617,0.300226033400742,0.336383240006819,0.411155298597816,0.319667248931128,0.316070163467548,0.31558318111142,0.34732335423228,0.437602196206723
GSM2714840,Tumor,0.553870205995447,0.259524967212775,0.133095647534981,0.432843076098942,0.452854599486838,0.269148442452353,0.676987867547144,0.155974441989177,0.124710914931077,0.0992136736095902,0.490898879465183,0.494882984819044,0.0584376023533897,0.434546648933052,0.358281889106701,0.553764311639728,0.404933796446948,0.323002329361915,0.554878204951942,0.531450649797043,0.0908372916031763,0.330085211858017,0.592138313780122,0.177621974380286,0.519654175904473,0.233955365112054,0.145414672272309,0.0891311077471693,0.148795967828545,0.0908032837723864,0.437602663505951,0.0694537348388367,0.299414398149447,0.0637037871066378,0.0923567901564755,0.0763528650084692,0.15630681533002,0.254442666992593,0.082951962454196,0.373629832351061,0.466799698513488,0.234808943961672,0.0712064978144049,0.531385118648287,0.0660788739613582,0.157490234685158,0.205165686925421,0.563287284891759,0.226428893657507,0.0976513113721503,0.0600875222387608,0.0761444572378744,0.066296209787341,0.150128266627832,0.331700967419441,0.141434310311465,0.590975836169842,0.40302413110095,0.254378730483191,0.484703675906295,0.124937200509366,0.0756167777128292,0.506937987490859,0.573679734259246,0.455446908673412,0.181068709200531,0.506744996092117,0.517119053684775,0.304773830118036,0.121372787325959,0.458067728333082,0.098038390696378,0.577225666366478,0.328909163967322,0.404766332638055,0.63346015637359,0.478694171448855,0.382629266263599,0.267346269882381,0.0774219312169545,0.359014890802471,0.442206859536607,0.329320266898335,0.353386588167537,0.497644596149417,0.0975155246642337,0.471959518372691,0.0843749984445677,0.299031791029119,0.435191428725439,0.511679962401967,0.0989850380829018,0.123891743169258,0.441197918578574,0.217867953836958,0.548160306860709,0.134785164370425,0.491645100424973,0.368778524084585,0.10888126729336,0.193992805917642,0.125575904364829,0.0918500858373676,0.464459387796174,0.481492045481648,0.247065641051433,0.206036657875264,0.331765608720592,0.510229064536275,0.398666553907693
GSM2714841,Tumor,0.424554667439515,0.515348201866783,0.427804498684468,0.513354749253376,0.507747082580043,0.399795316835754,0.568772820742124,0.374643761022095,0.451401149314835,0.483870072761247,0.41662230014097,0.427850016958635,0.595912057964704,0.448351534825946,0.468582846096543,0.3897253365295,0.448907926862589,0.50541480246488,0.419468272661448,0.521659774362392,0.452276877801146,0.541077126087812,0.469665539745082,0.52002641870442,0.472403352243136,0.412698547813108,0.49816899519891,0.569355605498952,0.383559541746366,0.391655604808039,0.538146404916725,0.378994488641304,0.457788188410427,0.48756298755071,0.464822952495071,0.381253921631911,0.479887703187237,0.377726369667443,0.50712533622645,0.412398502656597,0.394891923637937,0.512152249096762,0.447368365813411,0.352416983249518,0.493523766171563,0.497480033794845,0.410679679704186,0.525179152028058,0.490233357293508,0.483186804596385,0.399354367661706,0.351822596187375,0.538123858464224,0.473402015073699,0.443558049287797,0.50412621137331,0.475758567377893,0.484905836749903,0.391271113546615,0.435312311473224,0.421481741984542,0.468220987102014,0.471184830165176,0.436939040224156,0.438210662589717,0.367529855287425,0.434977022901484,0.426764194878019,0.478521877210284,0.425722923318339,0.343731278635059,0.522224812174446,0.530657611895118,0.438717196103068,0.428877500009966,0.482368986991659,0.432439845876747,0.400545260422957,0.546224525889986,0.442548335474742,0.118759178675558,0.473663765307841,0.39775259289099,0.419066886275233,0.285715592346394,0.439735970841156,0.52008512059137,0.462342031281947,0.447222118207985,0.491469697051446,0.451306863362147,0.391259863477339,0.503207779024663,0.422648794293729,0.520952738471805,0.414418526547356,0.487989778385472,0.452257332753552,0.46952961160614,0.408696351596781,0.470620061458468,0.475004826628571,0.450883995366742,0.465758939458778,0.536072330566292,0.479664287417565,0.501243325997891,0.390651226442365,0.411244594307647,0.462935860296069
GSM2714844,Tumor,0.418943091423197,0.328644314971774,0.200202754118498,0.644732249084203,0.279424202979367,0.443120780573778,0.845556052609169,0.456528590377588,0.483731961078368,0.722780461603885,0.590696635393123,0.567912837427794,0.516135176393429,0.653586221769488,0.668189898961856,0.557973253963627,0.555920004726096,0.534002169687458,0.35151959194099,0.657724808326009,0.494747646651432,0.701947418031388,0.421677393139286,0.485579947269478,0.46082231843492,0.292355276587337,0.349057597684918,0.426959163900636,0.414715783404788,0.198723731521222,0.606449999179977,0.218098648036929,0.365044788527755,0.121316741390308,0.449501742933108,0.664961554134048,0.437540749301917,0.202218288528936,0.262398730137238,0.157742319387835,0.157767856558891,0.361515126429547,0.534768701272333,0.709529267931308,0.355491906057277,0.369389229690967,0.262230660563657,0.733342108826092,0.537189050155372,0.481567485351397,0.170699075204332,0.632179088993506,0.491202418295233,0.419790718378721,0.635941341371339,0.379167039026781,0.524921228351107,0.526194418956099,0.400643936830786,0.511721144887885,0.460141792547729,0.112554248811195,0.530210621339078,0.718843447326738,0.560419360411538,0.503753511779828,0.748386395310624,0.658751213809689,0.511288584754653,0.329357690552911,0.676971724862446,0.517475720439749,0.619853610381438,0.653382629375564,0.306776051803393,0.263562368113027,0.672386611129922,0.518397799225466,0.525508293552164,0.651552059096122,0.765698944086254,0.675275622308852,0.709048810680547,0.41348829763205,0.486007012064342,0.314522021155233,0.434521278754103,0.461434721754783,0.438553716882729,0.0610561946660564,0.671581990395112,0.383621434281781,0.491814818812607,0.341654940395558,0.741084292371028,0.657160935670337,0.431744008619545,0.470475969753283,0.471553015784998,0.513267946782303,0.38417848476564,0.5686923992676,0.526825330103043,0.525876576986947,0.367757355069283,0.638968471732097,0.521268495967076,0.235908966275706,0.538198968046225,0.608590798126042
GSM2714845,Tumor,0.507007012871482,0.488064320061761,0.484470778857404,0.510142771879839,0.540436246859387,0.416791835091475,0.579596292374833,0.486712925842818,0.50879083123343,0.548524536797044,0.458343444151681,0.524147286820112,0.580558642863012,0.500683873573492,0.527670406678283,0.488222706540654,0.543344733195667,0.576466794777104,0.500116944291498,0.479338026748258,0.502082874286517,0.547863879970143,0.518762041820361,0.562937459517608,0.512867755750957,0.545370420800459,0.526933077491827,0.531652585099838,0.488091419675677,0.538837401591033,0.529434612792235,0.484831333381623,0.48348448451362,0.516238292374492,0.503908708574101,0.507972226393184,0.542530363283987,0.537864140599315,0.537766615118915,0.515835268429999,0.472526839169979,0.508060424742493,0.491871311444188,0.468452421799347,0.550189078402235,0.573071700213812,0.456051796320025,0.543082300598839,0.543465230196951,0.544012404262381,0.484742849567576,0.435376873909505,0.551535113125923,0.48314161243481,0.488333413649062,0.537030598764993,0.491959521413058,0.515312651318715,0.487690894452527,0.48898405471372,0.510603908965369,0.51906321998754,0.508517645124225,0.46705501607456,0.502991507363647,0.491252445276925,0.455014827175191,0.512497745879797,0.489194056572489,0.508119768109395,0.452380911262612,0.511805350567359,0.564985685834965,0.509841665576762,0.492500114453076,0.535130015002657,0.517096557104798,0.461170540886956,0.589630387459143,0.467873452559266,0.516193441549187,0.51257539775676,0.514627876261216,0.477258653072753,0.353799805937783,0.532188151590345,0.505810963245068,0.509438933801955,0.476517594675023,0.526176507026896,0.497159288007663,0.487400826985702,0.495821179234688,0.47659711253706,0.495421236298023,0.514702508032515,0.586925763415455,0.516754995386637,0.490345538977801,0.521380192152059,0.45575360134026,0.522576880491195,0.538605095319826,0.560053918214406,0.538882085608475,0.518815706601948,0.485344051698875,0.463109327048462,0.507926185166842,0.498224569192545
GSM2714848,Tumor,0.443727602012089,0.226120541425549,0.337627035039005,0.410181097662072,0.205707863539767,0.192101232102335,0.238598338300613,0.132764551606036,0.260713058666416,0.324331359475772,0.289103479598734,0.275087831754018,0.371964676095626,0.316903115216834,0.101350647394392,0.298062433567967,0.256516461118939,0.321494453719981,0.34906176221102,0.34667485831347,0.313447309256356,0.344812980494542,0.365345539545921,0.250240412303743,0.416314689401743,0.220958039650592,0.120883208780287,0.203981114681976,0.158195031508364,0.166324036157911,0.168539719389044,0.179788499775357,0.156977920754967,0.0862617558671071,0.14071269222595,0.228583508493439,0.280767280640504,0.147998759888491,0.200855645975139,0.302675221984121,0.137190024981092,0.333155701506052,0.125095263935125,0.279935387818331,0.136097199740098,0.184454976777525,0.272244230680293,0.342170192426452,0.289072138240338,0.165853138469893,0.29264401600032,0.184851683794898,0.124960075667036,0.29570889291506,0.308748127092648,0.236333463396366,0.434639298019738,0.360781927852482,0.216449820571171,0.362446918074654,0.252414230387705,0.118505694205032,0.468733681096853,0.388301952223028,0.354935697521785,0.259255375161121,0.143398844534406,0.27469957794326,0.299082909285387,0.29772784810132,0.100470953215057,0.293313464806334,0.242091604296189,0.409302760596173,0.18412838909975,0.177076225568308,0.306504676462364,0.346760552415207,0.34830004867928,0.210020618533553,0.330325162507616,0.405423091332468,0.198982566382416,0.148950284954235,0.258071007169424,0.209925974570794,0.173768490972478,0.258230232843548,0.274401919182938,0.380976451248628,0.194472912253621,0.168925325513478,0.209424296716739,0.296087551125882,0.30147002795234,0.448766667073083,0.412604427208601,0.227599972545203,0.181483437388448,0.354485005950602,0.204557737896735,0.127785741518001,0.16108869199411,0.269799491285731,0.310635334662449,0.354699312843619,0.265887730278948,0.299733510710742,0.37209628876689,0.283519656030633
GSM2714849,Tumor,0.269001248992796,0.481478309095337,0.16371505195059,0.402208572609948,0.37877135581315,0.41967275697802,0.577358725497527,0.155539589440634,0.257406594588391,0.31607719911326,0.40489193358503,0.471976545309299,0.251981431234715,0.464235254856215,0.514940892020029,0.460106655153305,0.256816084542374,0.403332588238575,0.31798990602009,0.245258676614441,0.495635411493672,0.535010663054675,0.386218128375938,0.497064049046116,0.456731939722464,0.253925172805266,0.25603459538941,0.195109270116616,0.296830826012975,0.0971737759380701,0.239803250350694,0.181867540613905,0.280085514380548,0.429691630350583,0.282171934736181,0.44014106818762,0.419846226733182,0.241403698425133,0.126275034684656,0.105903340311007,0.397533942207263,0.0956742635089353,0.112182914764515,0.252958183615197,0.157978579591671,0.325347845151607,0.272098384520299,0.510966543540273,0.29531315093473,0.3601292372847,0.139700557296722,0.349446786530146,0.555627176526078,0.402641081720369,0.348194110389484,0.321249156030923,0.369836223841345,0.428737638214425,0.347258041674314,0.471480061669585,0.418830214866693,0.123368430897548,0.268219296327368,0.432637420412805,0.439765894584472,0.427808268894685,0.45418937060237,0.494614162456494,0.435470760603208,0.16720222436734,0.143184168712373,0.416370363583979,0.328120734818601,0.49168878641665,0.27422628754041,0.227199562997287,0.228199500149562,0.329542202956786,0.553745555617515,0.508067380815128,0.446195654178231,0.323714527905667,0.452055731510441,0.376684392686525,0.295722584210976,0.426302084381722,0.187376724448239,0.367317772884152,0.41011284171499,0.457177207671315,0.304659401173809,0.181516770560436,0.438280150314428,0.166715633706116,0.322547197523487,0.490968233869592,0.331985463873916,0.478836711760075,0.14748737996729,0.302646636581196,0.135511726579325,0.366439219588311,0.316052000151673,0.526859624407404,0.410458143107973,0.486902590830914,0.440763804238559,0.0789835737858694,0.303255502916711,0.539993620593788
GSM2714850,Tumor,0.548680907855808,0.528374967773826,0.495163213755427,0.53334263668744,0.538024680890979,0.436623098813714,0.602746592583067,0.506923429295372,0.508725411684035,0.553124424574668,0.478265230492726,0.513878585782886,0.616346605714979,0.539233994910831,0.523725793219103,0.525054385408416,0.562398715344823,0.548850364204122,0.474475346029327,0.48905896048712,0.542414055636694,0.550606323362329,0.517857758670706,0.557948064542172,0.523063186315457,0.556057584705803,0.48090339333275,0.564030679486377,0.403022640541334,0.550635780915407,0.573119593630554,0.4747833092001,0.512103795339013,0.515892826425681,0.511804480266819,0.526619058497958,0.529737040691714,0.470708360088557,0.571763635825455,0.50520859935673,0.523376874029589,0.489397493587002,0.458265170386163,0.482732933783297,0.562101550678155,0.475979182505614,0.482197312081504,0.56632348521458,0.486508710156415,0.539394213479867,0.507473882633425,0.493343109720016,0.604537231165451,0.420829115573139,0.50106955670781,0.463293648630293,0.530248104066822,0.530690719613526,0.473519221352132,0.515265758041622,0.515575776085592,0.450133295624906,0.531576739724301,0.486422176577519,0.510665989397498,0.490400988647865,0.498474059857385,0.557544915297957,0.494726374013058,0.443385511324516,0.547220162321499,0.571056133163341,0.586154760664861,0.494771278573339,0.514282633766283,0.585015535619637,0.504892728427377,0.488337409491155,0.566011254175613,0.452675808484986,0.558322240250646,0.518162576435326,0.560982451337238,0.523441997984051,0.512582416575152,0.560143423263421,0.534242420957445,0.514894278257212,0.492875406397954,0.50200512046121,0.525908958126525,0.50006155355924,0.490280331851226,0.479989950912324,0.531983616639552,0.537859491369375,0.559560995119334,0.529374698072792,0.510578020005035,0.50513568372075,0.51753841580399,0.515409801196855,0.508207864315621,0.567126758733405,0.545717204065738,0.536428741030644,0.49123001542037,0.404975846513473,0.523407355563268,0.584175469419764
GSM2714853,Tumor,0.632581418157644,0.632383410824238,0.451320405411825,0.660271654493992,0.596019445831814,0.484822433874702,0.725484326868839,0.426883427571994,0.499860137209226,0.646016532078682,0.531865244727307,0.630925332900398,0.572237016880449,0.602635093394634,0.610857774839804,0.634217398298091,0.598458951995048,0.577535357576549,0.582063078321695,0.537898056979149,0.584013774963049,0.629626159482179,0.681918870969483,0.69475902864815,0.579195575874084,0.559312127386673,0.510863361767475,0.596371745463856,0.179658036654206,0.482096470618028,0.658509906684816,0.5053434883457,0.509740200150633,0.65157348602513,0.504995698048322,0.56722455473301,0.569559889715685,0.628839142113071,0.647978047413179,0.643847204123269,0.53837042461588,0.678756717068096,0.547554101937611,0.423361114961436,0.577263429068549,0.505897875272537,0.404405986900111,0.655078688620329,0.607140618287835,0.676653113032935,0.524985016421036,0.594866134441326,0.694566249918358,0.605487494914204,0.603255352509113,0.388360198069745,0.47495356005344,0.614992814329673,0.390770905108599,0.542608611617378,0.51561968385555,0.556566878675104,0.547482940037734,0.60323639990728,0.596554487147726,0.566073626972702,0.586676584665117,0.630140534864027,0.550972872556518,0.601883421791403,0.634294580536003,0.524380069969114,0.697776166227457,0.581008475384648,0.603946664139433,0.360734846631791,0.623575768982348,0.521915764445925,0.374743455895924,0.564244411160042,0.66078449618139,0.601051392825498,0.57685221967329,0.609244003475778,0.584210594138551,0.602414196382434,0.627697603941071,0.56507624869151,0.582838057929338,0.394750393513487,0.428988236362987,0.574156881368596,0.572542617456047,0.570750292582332,0.450683211716539,0.653996731662822,0.629195706075096,0.629063313811512,0.629014661965666,0.505613995074839,0.487214401620873,0.631748034959036,0.617480333047303,0.672768152149281,0.635747378347891,0.602068139430357,0.570182067830826,0.450527892491702,0.582544743019061,0.725509219053924
GSM2714854,Tumor,0.0689986108265335,0.639219949584353,0.158879484957099,0.686787289055862,0.641919212928178,0.553482458410065,0.719498093580972,0.496415846377531,0.627218302089178,0.649055557520037,0.496991735922922,0.659217613082913,0.646611122302575,0.614191762230349,0.637482886744578,0.640694388536025,0.525835198453903,0.527187155092079,0.600915300056519,0.535533813516844,0.661155257040372,0.671832720972159,0.35597991627099,0.691030149921731,0.558614694740283,0.511588009350416,0.349339647013558,0.526521927861367,0.327295631961627,0.576811857393642,0.436508063837774,0.552084635053704,0.556762634106485,0.181135043513099,0.51574331947252,0.651110234557009,0.541001954874457,0.30945086930924,0.638546581793547,0.517339122222989,0.199235552722374,0.588934810117098,0.170628311445686,0.632109773826567,0.666291635163364,0.44710974862167,0.353193105347914,0.596205794619871,0.633238617836022,0.470267050027277,0.280189164917023,0.397392687302033,0.645921582882148,0.514432987622177,0.560010539963348,0.35103969887902,0.50932972827433,0.606614954122493,0.468688506412901,0.639292608851334,0.584435620386758,0.644125978917565,0.491121073208421,0.56964238939403,0.613754281408684,0.55487207263666,0.626994046551422,0.655579478109128,0.551840430696245,0.555679140826808,0.575540248530959,0.462349505021984,0.735101922936468,0.587205180710391,0.530866602712319,0.300212764581787,0.0734890348675419,0.513108367195541,0.647715398145515,0.622223927911564,0.444596652946167,0.639858064836685,0.276798604724522,0.402852561857897,0.572451358673084,0.59357333720662,0.592686256103078,0.49285536038685,0.529781476356156,0.093068486231376,0.59484795919187,0.537544329585097,0.565976501787911,0.640878930686605,0.527692665168584,0.66717324672237,0.399402003467999,0.498390338254768,0.473781651043768,0.535464742570211,0.571107180944716,0.598162740809872,0.498653233021312,0.681469366460936,0.389630696787766,0.611167616175998,0.573345986279603,0.423272153799621,0.523844153607478,0.664293248938147
GSM2714857,Tumor,0.606455983993919,0.525117403604249,0.360329620016613,0.600978629137588,0.538009432911798,0.456249935196088,0.161894243268142,0.440863810653085,0.386375142804097,0.598245371927087,0.514243876239036,0.592288358686431,0.525872593878468,0.571777478704079,0.557160827995222,0.485798113173815,0.593040199491405,0.640505756165984,0.490304478245565,0.51284129321199,0.541030793781014,0.585956505075595,0.618769503327228,0.568725889825275,0.577182257213019,0.611573194151664,0.164156044649447,0.536147059131646,0.36822440086086,0.447268790876915,0.64293355924375,0.453992529655999,0.508132580188597,0.495678532231974,0.473812252922162,0.527765950590737,0.556899586295757,0.594397105883916,0.230151298259292,0.511438261132233,0.643555639578661,0.540863645205572,0.482117780596387,0.392168852127489,0.409171408163803,0.417768546453999,0.359578621432322,0.658677460572031,0.538602263534581,0.533438657822003,0.217057589580372,0.108374883559171,0.574176047880489,0.467380365781023,0.464352057276757,0.433882017332814,0.582633188407668,0.505130702460385,0.669279361881467,0.513744520117854,0.318330515841764,0.36667453239747,0.500108883831552,0.578752024755091,0.514635399403044,0.373969281459699,0.526437440524419,0.632475679913965,0.45945350898474,0.488717845187457,0.464118437740884,0.396141726403289,0.626892940599684,0.579433095567418,0.504860656669223,0.558859936005174,0.541711086910701,0.470739391797381,0.577001321191314,0.533682493349364,0.611449427839465,0.529592255224662,0.576521136094506,0.592083977580717,0.528959584797722,0.554351307994428,0.564831402682405,0.604753418578895,0.537003563154428,0.572911730532306,0.580494085863437,0.472688064686361,0.437801570471325,0.528291512986122,0.582222016610639,0.527605892800636,0.594506560699666,0.617622721438389,0.547173314128819,0.562636530147833,0.544650321826284,0.556529721588878,0.55581014111359,0.560081701017607,0.638503246293121,0.510609112708026,0.475939302957579,0.412667396892699,0.495121560259996,0.57610577318427
GSM2714858,Tumor,0.353570594242783,0.44817212012451,0.166423536142971,0.193415620626906,0.206904089829928,0.317591400490119,0.534541034875363,0.195184954405836,0.349762769664586,0.17487145763334,0.432511083709483,0.519975162834221,0.396003291892873,0.460970698996176,0.272661357457196,0.0855456189068402,0.16077137887514,0.436632274520423,0.383623041653451,0.229296970743481,0.180148837773472,0.539299019751781,0.499112115832469,0.562262917015595,0.530824969915382,0.157477238434925,0.149211206582067,0.140710988487545,0.216133118366997,0.0870108984443098,0.33033270791854,0.189546331503446,0.260168407668844,0.100760632005034,0.115706763413854,0.480867480185383,0.404786049700617,0.262057666947816,0.139581421202606,0.345125521001899,0.416802524615425,0.140542670877002,0.189350077141396,0.513024148295268,0.225756454496705,0.148263180625183,0.276731511624103,0.289852645799767,0.368240070948706,0.251516197617924,0.14279086660634,0.195899584651704,0.474484323616674,0.3537759095121,0.463782118450705,0.229542307699943,0.381119371194356,0.377746429408648,0.35992039726885,0.463935164307585,0.306667368039828,0.147834307759692,0.162811599541373,0.3008046195547,0.391383158722971,0.304919444531614,0.471695410573848,0.515329909991627,0.38883158522148,0.241715385275829,0.209511314029247,0.234183351356915,0.557415129839784,0.296109302786704,0.0815563034145671,0.18324992702736,0.562591781657855,0.384582642581125,0.530480037003024,0.325949624097896,0.444863704289836,0.303922608766827,0.38053654066951,0.148857769124128,0.370442843349287,0.225032478757585,0.283856284897791,0.280322286098788,0.190449338286817,0.0737525330899893,0.283425672007334,0.400623811701443,0.183280509860319,0.181997458616924,0.388444806531768,0.437668070283514,0.283659317824266,0.388392543089568,0.416722441194408,0.396343979698757,0.198714512490852,0.222752981648201,0.26431860870308,0.295902729043002,0.216822607830091,0.241757784695449,0.337011965580634,0.243809720193664,0.404879528525113,0.48113023906169
